ISO-10303-21;
HEADER;
/* Generated by software containing ST-Developer
 * from STEP Tools, Inc. (www.steptools.com) 
 */

FILE_DESCRIPTION(
/* description */ (''),
/* implementation_level */ '2;1');

FILE_NAME(
/* name */ 'core3975.step',
/* time_stamp */ '2025-11-30T04:18:20-08:00',
/* author */ (''),
/* organization */ (''),
/* preprocessor_version */ 'ST-DEVELOPER v20.1',
/* originating_system */ 'Autodesk Translation Framework v14.21.0.0',
/* authorisation */ '');

FILE_SCHEMA (('AUTOMOTIVE_DESIGN { 1 0 10303 214 3 1 1 }'));
ENDSEC;

DATA;
#10=MECHANICAL_DESIGN_GEOMETRIC_PRESENTATION_REPRESENTATION('',(#13),#2496);
#11=SHAPE_REPRESENTATION_RELATIONSHIP('SRR','None',#2503,#12);
#12=ADVANCED_BREP_SHAPE_REPRESENTATION('',(#14),#2495);
#13=STYLED_ITEM('',(#2512),#14);
#14=MANIFOLD_SOLID_BREP('\X2\5B9E4F53\X0\2',#1290);
#15=CYLINDRICAL_SURFACE('',#1355,3.25);
#16=CYLINDRICAL_SURFACE('',#1362,3.25);
#17=CYLINDRICAL_SURFACE('',#1369,3.25);
#18=CYLINDRICAL_SURFACE('',#1375,3.25);
#19=CYLINDRICAL_SURFACE('',#1380,3.25);
#20=CYLINDRICAL_SURFACE('',#1385,3.25);
#21=CYLINDRICAL_SURFACE('',#1403,3.25);
#22=CYLINDRICAL_SURFACE('',#1404,3.25);
#23=CYLINDRICAL_SURFACE('',#1405,3.25);
#24=CYLINDRICAL_SURFACE('',#1406,3.25);
#25=CYLINDRICAL_SURFACE('',#1407,3.25);
#26=CYLINDRICAL_SURFACE('',#1408,3.25);
#27=CYLINDRICAL_SURFACE('',#1422,0.0999999977648258);
#28=CYLINDRICAL_SURFACE('',#1426,0.0999999977648257);
#29=CYLINDRICAL_SURFACE('',#1477,0.0999999977648258);
#30=CYLINDRICAL_SURFACE('',#1480,0.0999999977648257);
#31=CYLINDRICAL_SURFACE('',#1505,0.0999999977648258);
#32=CYLINDRICAL_SURFACE('',#1508,0.0999999977648257);
#33=CYLINDRICAL_SURFACE('',#1512,1.35);
#34=LINE('',#2202,#89);
#35=LINE('',#2206,#90);
#36=LINE('',#2215,#91);
#37=LINE('',#2219,#92);
#38=LINE('',#2228,#93);
#39=LINE('',#2232,#94);
#40=LINE('',#2240,#95);
#41=LINE('',#2248,#96);
#42=LINE('',#2256,#97);
#43=LINE('',#2261,#98);
#44=LINE('',#2263,#99);
#45=LINE('',#2264,#100);
#46=LINE('',#2267,#101);
#47=LINE('',#2269,#102);
#48=LINE('',#2270,#103);
#49=LINE('',#2273,#104);
#50=LINE('',#2275,#105);
#51=LINE('',#2276,#106);
#52=LINE('',#2279,#107);
#53=LINE('',#2281,#108);
#54=LINE('',#2282,#109);
#55=LINE('',#2285,#110);
#56=LINE('',#2287,#111);
#57=LINE('',#2288,#112);
#58=LINE('',#2291,#113);
#59=LINE('',#2293,#114);
#60=LINE('',#2294,#115);
#61=LINE('',#2315,#116);
#62=LINE('',#2317,#117);
#63=LINE('',#2323,#118);
#64=LINE('',#2325,#119);
#65=LINE('',#2335,#120);
#66=LINE('',#2342,#121);
#67=LINE('',#2344,#122);
#68=LINE('',#2350,#123);
#69=LINE('',#2421,#124);
#70=LINE('',#2424,#125);
#71=LINE('',#2425,#126);
#72=LINE('',#2429,#127);
#73=LINE('',#2430,#128);
#74=LINE('',#2435,#129);
#75=LINE('',#2439,#130);
#76=LINE('',#2441,#131);
#77=LINE('',#2445,#132);
#78=LINE('',#2454,#133);
#79=LINE('',#2459,#134);
#80=LINE('',#2466,#135);
#81=LINE('',#2467,#136);
#82=LINE('',#2471,#137);
#83=LINE('',#2472,#138);
#84=LINE('',#2477,#139);
#85=LINE('',#2481,#140);
#86=LINE('',#2483,#141);
#87=LINE('',#2487,#142);
#88=LINE('',#2492,#143);
#89=VECTOR('',#1613,10.);
#90=VECTOR('',#1618,10.);
#91=VECTOR('',#1629,10.);
#92=VECTOR('',#1634,10.);
#93=VECTOR('',#1645,10.);
#94=VECTOR('',#1650,10.);
#95=VECTOR('',#1661,10.);
#96=VECTOR('',#1672,10.);
#97=VECTOR('',#1683,10.);
#98=VECTOR('',#1690,10.);
#99=VECTOR('',#1691,10.);
#100=VECTOR('',#1692,10.);
#101=VECTOR('',#1695,10.);
#102=VECTOR('',#1696,10.);
#103=VECTOR('',#1697,10.);
#104=VECTOR('',#1700,10.);
#105=VECTOR('',#1701,10.);
#106=VECTOR('',#1702,10.);
#107=VECTOR('',#1705,10.);
#108=VECTOR('',#1706,10.);
#109=VECTOR('',#1707,10.);
#110=VECTOR('',#1710,10.);
#111=VECTOR('',#1711,10.);
#112=VECTOR('',#1712,10.);
#113=VECTOR('',#1715,10.);
#114=VECTOR('',#1716,10.);
#115=VECTOR('',#1717,10.);
#116=VECTOR('',#1754,10.);
#117=VECTOR('',#1755,10.);
#118=VECTOR('',#1762,10.);
#119=VECTOR('',#1763,10.);
#120=VECTOR('',#1774,10.);
#121=VECTOR('',#1783,10.);
#122=VECTOR('',#1786,10.);
#123=VECTOR('',#1795,10.);
#124=VECTOR('',#1880,10.);
#125=VECTOR('',#1883,10.);
#126=VECTOR('',#1884,10.);
#127=VECTOR('',#1889,10.);
#128=VECTOR('',#1890,10.);
#129=VECTOR('',#1897,10.);
#130=VECTOR('',#1902,10.);
#131=VECTOR('',#1905,10.);
#132=VECTOR('',#1912,10.);
#133=VECTOR('',#1929,10.);
#134=VECTOR('',#1938,10.);
#135=VECTOR('',#1949,10.);
#136=VECTOR('',#1950,10.);
#137=VECTOR('',#1955,10.);
#138=VECTOR('',#1956,10.);
#139=VECTOR('',#1963,10.);
#140=VECTOR('',#1968,10.);
#141=VECTOR('',#1971,10.);
#142=VECTOR('',#1978,10.);
#143=VECTOR('',#1987,1.35);
#144=ELLIPSE('',#1351,4.59619407771257,3.25);
#145=ELLIPSE('',#1352,4.59619407771257,3.25);
#146=ELLIPSE('',#1353,4.59619407771257,3.25);
#147=ELLIPSE('',#1354,4.59619407771257,3.25);
#148=ELLIPSE('',#1356,4.59619407771256,3.25);
#149=ELLIPSE('',#1358,4.59619407771256,3.25);
#150=ELLIPSE('',#1359,4.59619407771255,3.25);
#151=ELLIPSE('',#1360,4.59619407771255,3.25);
#152=ELLIPSE('',#1361,4.59619407771256,3.25);
#153=ELLIPSE('',#1363,4.59619407771256,3.25);
#154=ELLIPSE('',#1365,4.59619407771254,3.25);
#155=ELLIPSE('',#1366,4.59619407771254,3.25);
#156=ELLIPSE('',#1367,4.59619407771254,3.25);
#157=ELLIPSE('',#1368,4.59619407771254,3.25);
#158=ELLIPSE('',#1370,4.59619407771256,3.25);
#159=ELLIPSE('',#1372,4.59619407771256,3.25);
#160=ELLIPSE('',#1373,4.59619407771256,3.25);
#161=ELLIPSE('',#1374,4.59619407771256,3.25);
#162=ELLIPSE('',#1377,4.59619407771256,3.25);
#163=ELLIPSE('',#1378,4.59619407771255,3.25);
#164=ELLIPSE('',#1379,4.59619407771255,3.25);
#165=ELLIPSE('',#1382,4.59619407771256,3.25);
#166=ELLIPSE('',#1383,4.59619407771255,3.25);
#167=ELLIPSE('',#1384,4.59619407771255,3.25);
#168=PLANE('',#1350);
#169=PLANE('',#1357);
#170=PLANE('',#1364);
#171=PLANE('',#1371);
#172=PLANE('',#1376);
#173=PLANE('',#1381);
#174=PLANE('',#1386);
#175=PLANE('',#1387);
#176=PLANE('',#1388);
#177=PLANE('',#1389);
#178=PLANE('',#1390);
#179=PLANE('',#1391);
#180=PLANE('',#1392);
#181=PLANE('',#1394);
#182=PLANE('',#1396);
#183=PLANE('',#1398);
#184=PLANE('',#1409);
#185=PLANE('',#1412);
#186=PLANE('',#1415);
#187=PLANE('',#1419);
#188=PLANE('',#1423);
#189=PLANE('',#1427);
#190=PLANE('',#1468);
#191=PLANE('',#1469);
#192=PLANE('',#1471);
#193=PLANE('',#1473);
#194=PLANE('',#1475);
#195=PLANE('',#1478);
#196=PLANE('',#1481);
#197=PLANE('',#1488);
#198=PLANE('',#1489);
#199=PLANE('',#1491);
#200=PLANE('',#1492);
#201=PLANE('',#1493);
#202=PLANE('',#1497);
#203=PLANE('',#1499);
#204=PLANE('',#1501);
#205=PLANE('',#1503);
#206=PLANE('',#1506);
#207=PLANE('',#1509);
#208=FACE_BOUND('',#284,.T.);
#209=FACE_BOUND('',#308,.T.);
#210=FACE_BOUND('',#324,.T.);
#211=FACE_OUTER_BOUND('',#283,.T.);
#212=FACE_OUTER_BOUND('',#285,.T.);
#213=FACE_OUTER_BOUND('',#286,.T.);
#214=FACE_OUTER_BOUND('',#287,.T.);
#215=FACE_OUTER_BOUND('',#288,.T.);
#216=FACE_OUTER_BOUND('',#289,.T.);
#217=FACE_OUTER_BOUND('',#290,.T.);
#218=FACE_OUTER_BOUND('',#291,.T.);
#219=FACE_OUTER_BOUND('',#292,.T.);
#220=FACE_OUTER_BOUND('',#293,.T.);
#221=FACE_OUTER_BOUND('',#294,.T.);
#222=FACE_OUTER_BOUND('',#295,.T.);
#223=FACE_OUTER_BOUND('',#296,.T.);
#224=FACE_OUTER_BOUND('',#297,.T.);
#225=FACE_OUTER_BOUND('',#298,.T.);
#226=FACE_OUTER_BOUND('',#299,.T.);
#227=FACE_OUTER_BOUND('',#300,.T.);
#228=FACE_OUTER_BOUND('',#301,.T.);
#229=FACE_OUTER_BOUND('',#302,.T.);
#230=FACE_OUTER_BOUND('',#303,.T.);
#231=FACE_OUTER_BOUND('',#304,.T.);
#232=FACE_OUTER_BOUND('',#305,.T.);
#233=FACE_OUTER_BOUND('',#306,.T.);
#234=FACE_OUTER_BOUND('',#307,.T.);
#235=FACE_OUTER_BOUND('',#309,.T.);
#236=FACE_OUTER_BOUND('',#310,.T.);
#237=FACE_OUTER_BOUND('',#311,.T.);
#238=FACE_OUTER_BOUND('',#312,.T.);
#239=FACE_OUTER_BOUND('',#313,.T.);
#240=FACE_OUTER_BOUND('',#314,.T.);
#241=FACE_OUTER_BOUND('',#315,.T.);
#242=FACE_OUTER_BOUND('',#316,.T.);
#243=FACE_OUTER_BOUND('',#317,.T.);
#244=FACE_OUTER_BOUND('',#318,.T.);
#245=FACE_OUTER_BOUND('',#319,.T.);
#246=FACE_OUTER_BOUND('',#320,.T.);
#247=FACE_OUTER_BOUND('',#321,.T.);
#248=FACE_OUTER_BOUND('',#322,.T.);
#249=FACE_OUTER_BOUND('',#323,.T.);
#250=FACE_OUTER_BOUND('',#325,.T.);
#251=FACE_OUTER_BOUND('',#326,.T.);
#252=FACE_OUTER_BOUND('',#327,.T.);
#253=FACE_OUTER_BOUND('',#328,.T.);
#254=FACE_OUTER_BOUND('',#329,.T.);
#255=FACE_OUTER_BOUND('',#330,.T.);
#256=FACE_OUTER_BOUND('',#331,.T.);
#257=FACE_OUTER_BOUND('',#332,.T.);
#258=FACE_OUTER_BOUND('',#333,.T.);
#259=FACE_OUTER_BOUND('',#334,.T.);
#260=FACE_OUTER_BOUND('',#335,.T.);
#261=FACE_OUTER_BOUND('',#336,.T.);
#262=FACE_OUTER_BOUND('',#337,.T.);
#263=FACE_OUTER_BOUND('',#338,.T.);
#264=FACE_OUTER_BOUND('',#339,.T.);
#265=FACE_OUTER_BOUND('',#340,.T.);
#266=FACE_OUTER_BOUND('',#341,.T.);
#267=FACE_OUTER_BOUND('',#342,.T.);
#268=FACE_OUTER_BOUND('',#343,.T.);
#269=FACE_OUTER_BOUND('',#344,.T.);
#270=FACE_OUTER_BOUND('',#345,.T.);
#271=FACE_OUTER_BOUND('',#346,.T.);
#272=FACE_OUTER_BOUND('',#347,.T.);
#273=FACE_OUTER_BOUND('',#348,.T.);
#274=FACE_OUTER_BOUND('',#349,.T.);
#275=FACE_OUTER_BOUND('',#350,.T.);
#276=FACE_OUTER_BOUND('',#351,.T.);
#277=FACE_OUTER_BOUND('',#352,.T.);
#278=FACE_OUTER_BOUND('',#353,.T.);
#279=FACE_OUTER_BOUND('',#354,.T.);
#280=FACE_OUTER_BOUND('',#355,.T.);
#281=FACE_OUTER_BOUND('',#356,.T.);
#282=FACE_OUTER_BOUND('',#357,.T.);
#283=EDGE_LOOP('',(#807,#808,#809,#810,#811,#812,#813,#814,#815,#816,#817,
#818,#819,#820,#821,#822,#823,#824,#825,#826,#827,#828,#829,#830,#831,#832,
#833,#834,#835,#836,#837,#838,#839,#840,#841));
#284=EDGE_LOOP('',(#842,#843,#844,#845,#846,#847,#848,#849,#850,#851,#852,
#853));
#285=EDGE_LOOP('',(#854,#855,#856,#857,#858));
#286=EDGE_LOOP('',(#859,#860,#861,#862,#863,#864));
#287=EDGE_LOOP('',(#865,#866,#867));
#288=EDGE_LOOP('',(#868,#869,#870,#871,#872,#873));
#289=EDGE_LOOP('',(#874,#875,#876));
#290=EDGE_LOOP('',(#877,#878,#879,#880,#881,#882));
#291=EDGE_LOOP('',(#883,#884,#885));
#292=EDGE_LOOP('',(#886,#887,#888,#889,#890,#891));
#293=EDGE_LOOP('',(#892,#893,#894));
#294=EDGE_LOOP('',(#895,#896,#897,#898,#899,#900));
#295=EDGE_LOOP('',(#901,#902,#903));
#296=EDGE_LOOP('',(#904,#905,#906,#907,#908,#909));
#297=EDGE_LOOP('',(#910,#911,#912));
#298=EDGE_LOOP('',(#913,#914,#915,#916));
#299=EDGE_LOOP('',(#917,#918,#919,#920));
#300=EDGE_LOOP('',(#921,#922,#923,#924));
#301=EDGE_LOOP('',(#925,#926,#927,#928));
#302=EDGE_LOOP('',(#929,#930,#931,#932));
#303=EDGE_LOOP('',(#933,#934,#935,#936));
#304=EDGE_LOOP('',(#937,#938));
#305=EDGE_LOOP('',(#939,#940));
#306=EDGE_LOOP('',(#941,#942));
#307=EDGE_LOOP('',(#943,#944,#945,#946,#947,#948));
#308=EDGE_LOOP('',(#949));
#309=EDGE_LOOP('',(#950,#951,#952,#953,#954,#955));
#310=EDGE_LOOP('',(#956,#957,#958,#959,#960,#961));
#311=EDGE_LOOP('',(#962,#963,#964,#965,#966,#967));
#312=EDGE_LOOP('',(#968,#969,#970,#971,#972,#973));
#313=EDGE_LOOP('',(#974,#975,#976,#977,#978,#979));
#314=EDGE_LOOP('',(#980,#981,#982,#983,#984,#985));
#315=EDGE_LOOP('',(#986,#987,#988,#989,#990));
#316=EDGE_LOOP('',(#991,#992,#993,#994,#995));
#317=EDGE_LOOP('',(#996,#997,#998,#999,#1000));
#318=EDGE_LOOP('',(#1001,#1002,#1003,#1004));
#319=EDGE_LOOP('',(#1005,#1006,#1007,#1008));
#320=EDGE_LOOP('',(#1009,#1010,#1011,#1012,#1013));
#321=EDGE_LOOP('',(#1014,#1015,#1016,#1017,#1018));
#322=EDGE_LOOP('',(#1019,#1020,#1021,#1022,#1023));
#323=EDGE_LOOP('',(#1024,#1025,#1026,#1027,#1028,#1029,#1030,#1031,#1032,
#1033,#1034,#1035,#1036,#1037,#1038,#1039,#1040,#1041,#1042,#1043,#1044,
#1045,#1046,#1047,#1048,#1049,#1050,#1051,#1052,#1053,#1054,#1055,#1056,
#1057,#1058));
#324=EDGE_LOOP('',(#1059));
#325=EDGE_LOOP('',(#1060,#1061,#1062,#1063));
#326=EDGE_LOOP('',(#1064,#1065,#1066,#1067));
#327=EDGE_LOOP('',(#1068,#1069,#1070,#1071,#1072,#1073));
#328=EDGE_LOOP('',(#1074,#1075,#1076,#1077,#1078));
#329=EDGE_LOOP('',(#1079,#1080,#1081,#1082));
#330=EDGE_LOOP('',(#1083,#1084,#1085,#1086,#1087));
#331=EDGE_LOOP('',(#1088,#1089,#1090,#1091,#1092));
#332=EDGE_LOOP('',(#1093,#1094,#1095,#1096));
#333=EDGE_LOOP('',(#1097,#1098,#1099,#1100));
#334=EDGE_LOOP('',(#1101,#1102,#1103,#1104));
#335=EDGE_LOOP('',(#1105,#1106,#1107,#1108,#1109));
#336=EDGE_LOOP('',(#1110,#1111,#1112,#1113));
#337=EDGE_LOOP('',(#1114,#1115,#1116,#1117,#1118));
#338=EDGE_LOOP('',(#1119,#1120,#1121,#1122));
#339=EDGE_LOOP('',(#1123,#1124,#1125,#1126));
#340=EDGE_LOOP('',(#1127,#1128,#1129,#1130));
#341=EDGE_LOOP('',(#1131,#1132,#1133,#1134));
#342=EDGE_LOOP('',(#1135,#1136,#1137,#1138));
#343=EDGE_LOOP('',(#1139,#1140,#1141,#1142));
#344=EDGE_LOOP('',(#1143,#1144,#1145,#1146));
#345=EDGE_LOOP('',(#1147,#1148,#1149,#1150));
#346=EDGE_LOOP('',(#1151,#1152,#1153,#1154,#1155,#1156));
#347=EDGE_LOOP('',(#1157,#1158,#1159,#1160,#1161));
#348=EDGE_LOOP('',(#1162,#1163,#1164,#1165,#1166));
#349=EDGE_LOOP('',(#1167,#1168,#1169,#1170));
#350=EDGE_LOOP('',(#1171,#1172,#1173,#1174));
#351=EDGE_LOOP('',(#1175,#1176,#1177,#1178));
#352=EDGE_LOOP('',(#1179,#1180,#1181,#1182,#1183));
#353=EDGE_LOOP('',(#1184,#1185,#1186,#1187));
#354=EDGE_LOOP('',(#1188,#1189,#1190,#1191,#1192));
#355=EDGE_LOOP('',(#1193,#1194,#1195,#1196));
#356=EDGE_LOOP('',(#1197,#1198,#1199,#1200));
#357=EDGE_LOOP('',(#1201,#1202,#1203,#1204));
#358=B_SPLINE_CURVE_WITH_KNOTS('',3,(#1998,#1999,#2000,#2001,#2002,#2003,
#2004,#2005,#2006,#2007,#2008,#2009,#2010,#2011,#2012,#2013,#2014,#2015),
 .UNSPECIFIED.,.F.,.F.,(4,2,2,2,2,2,2,2,4),(-0.0333974281244058,-0.0287853736792865,
-0.0241733192341672,-0.0204360166481851,-0.0166987140622029,-0.0129614114762207,
-0.00922410889023854,-0.00461205444511927,0.),.UNSPECIFIED.);
#359=B_SPLINE_CURVE_WITH_KNOTS('',3,(#2023,#2024,#2025,#2026,#2027,#2028,
#2029,#2030,#2031,#2032,#2033,#2034,#2035,#2036,#2037,#2038,#2039,#2040),
 .UNSPECIFIED.,.F.,.F.,(4,2,2,2,2,2,2,2,4),(-0.0333974281244058,-0.0287853736792865,
-0.0241733192341673,-0.0204360166481851,-0.0166987140622029,-0.0129614114762207,
-0.00922410889023857,-0.00461205444511929,0.),.UNSPECIFIED.);
#360=B_SPLINE_CURVE_WITH_KNOTS('',3,(#2054,#2055,#2056,#2057,#2058,#2059,
#2060,#2061,#2062,#2063,#2064,#2065,#2066,#2067,#2068,#2069,#2070,#2071),
 .UNSPECIFIED.,.F.,.F.,(4,2,2,2,2,2,2,2,4),(-0.0333974281244058,-0.0287853736792865,
-0.0241733192341672,-0.020436016648185,-0.0166987140622029,-0.0129614114762207,
-0.0092241088902385,-0.00461205444511925,0.),.UNSPECIFIED.);
#361=B_SPLINE_CURVE_WITH_KNOTS('',3,(#2079,#2080,#2081,#2082,#2083,#2084,
#2085,#2086,#2087,#2088,#2089,#2090,#2091,#2092,#2093,#2094,#2095,#2096),
 .UNSPECIFIED.,.F.,.F.,(4,2,2,2,2,2,2,2,4),(-0.0333974281244058,-0.0287853736792865,
-0.0241733192341673,-0.0204360166481851,-0.0166987140622029,-0.0129614114762207,
-0.00922410889023857,-0.00461205444511929,0.),.UNSPECIFIED.);
#362=B_SPLINE_CURVE_WITH_KNOTS('',3,(#2110,#2111,#2112,#2113,#2114,#2115,
#2116,#2117,#2118,#2119),.UNSPECIFIED.,.F.,.F.,(4,2,2,2,4),(-0.0333974281244058,
-0.0287853736792865,-0.0241733192341672,-0.0204360166481851,-0.0166987140622029),
 .UNSPECIFIED.);
#363=B_SPLINE_CURVE_WITH_KNOTS('',3,(#2123,#2124,#2125,#2126,#2127,#2128,
#2129,#2130,#2131,#2132),.UNSPECIFIED.,.F.,.F.,(4,2,2,2,4),(-0.0166987140622029,
-0.0129614114762207,-0.00922410889023857,-0.00461205444511928,0.),
 .UNSPECIFIED.);
#364=B_SPLINE_CURVE_WITH_KNOTS('',3,(#2140,#2141,#2142,#2143,#2144,#2145,
#2146,#2147,#2148,#2149,#2150,#2151,#2152,#2153,#2154,#2155,#2156,#2157),
 .UNSPECIFIED.,.F.,.F.,(4,2,2,2,2,2,2,2,4),(-0.0333974281244059,-0.0287853736792866,
-0.0241733192341673,-0.0204360166481851,-0.0166987140622029,-0.0129614114762207,
-0.00922410889023852,-0.00461205444511927,0.),.UNSPECIFIED.);
#365=CIRCLE('',#1305,4.90000000000001);
#366=CIRCLE('',#1306,1.62184937271321);
#367=CIRCLE('',#1307,4.89897948561199);
#368=CIRCLE('',#1308,4.89897948561199);
#369=CIRCLE('',#1309,1.62184937271321);
#370=CIRCLE('',#1310,4.89897948561199);
#371=CIRCLE('',#1311,4.89897948561199);
#372=CIRCLE('',#1312,1.62184937271321);
#373=CIRCLE('',#1313,4.87120534561832);
#374=CIRCLE('',#1314,4.87120534561832);
#375=CIRCLE('',#1315,1.62184937271319);
#376=CIRCLE('',#1316,4.89897948561199);
#377=CIRCLE('',#1317,4.89897948561199);
#378=CIRCLE('',#1318,1.62184937271319);
#379=CIRCLE('',#1319,4.89897948561199);
#380=CIRCLE('',#1320,4.89897948561199);
#381=CIRCLE('',#1321,1.62184937271319);
#382=CIRCLE('',#1322,4.87120534561832);
#383=CIRCLE('',#1323,4.87120534561832);
#384=CIRCLE('',#1324,1.62184937271321);
#385=CIRCLE('',#1325,4.89897948561199);
#386=CIRCLE('',#1326,4.90000000000001);
#387=CIRCLE('',#1327,4.89897948561199);
#388=CIRCLE('',#1328,1.62184937271321);
#389=CIRCLE('',#1329,4.89897948561199);
#390=CIRCLE('',#1330,4.89897948561199);
#391=CIRCLE('',#1331,1.62184937271321);
#392=CIRCLE('',#1332,3.25);
#393=CIRCLE('',#1333,3.25);
#394=CIRCLE('',#1334,3.25);
#395=CIRCLE('',#1335,3.25);
#396=CIRCLE('',#1336,3.25);
#397=CIRCLE('',#1337,3.25);
#398=CIRCLE('',#1338,3.25);
#399=CIRCLE('',#1339,3.25);
#400=CIRCLE('',#1340,3.25);
#401=CIRCLE('',#1341,3.25);
#402=CIRCLE('',#1342,3.25);
#403=CIRCLE('',#1343,3.25);
#404=CIRCLE('',#1345,2.77500000000001);
#405=CIRCLE('',#1346,1.58596266906754);
#406=CIRCLE('',#1347,2.7238330564079);
#407=CIRCLE('',#1348,2.7238330564079);
#408=CIRCLE('',#1349,1.58596266906754);
#409=CIRCLE('',#1393,3.25);
#410=CIRCLE('',#1395,3.25);
#411=CIRCLE('',#1397,3.25);
#412=CIRCLE('',#1399,3.25);
#413=CIRCLE('',#1400,3.25);
#414=CIRCLE('',#1401,3.25);
#415=CIRCLE('',#1402,1.35);
#416=CIRCLE('',#1410,2.77319761294559);
#417=CIRCLE('',#1411,1.98498268265671);
#418=CIRCLE('',#1413,2.77319761294559);
#419=CIRCLE('',#1414,1.98498268265671);
#420=CIRCLE('',#1416,1.6913382275583);
#421=CIRCLE('',#1417,0.0999999977648257);
#422=CIRCLE('',#1418,1.6913382275583);
#423=CIRCLE('',#1420,1.6913382275583);
#424=CIRCLE('',#1421,0.0999999977648258);
#425=CIRCLE('',#1424,1.98498268265671);
#426=CIRCLE('',#1425,2.77319761294559);
#427=CIRCLE('',#1428,1.98498268265671);
#428=CIRCLE('',#1429,2.77319761294559);
#429=CIRCLE('',#1431,1.58596266906754);
#430=CIRCLE('',#1432,1.58596266906754);
#431=CIRCLE('',#1433,2.77500000000001);
#432=CIRCLE('',#1434,1.58596266906754);
#433=CIRCLE('',#1435,2.7238330564079);
#434=CIRCLE('',#1436,2.7238330564079);
#435=CIRCLE('',#1437,1.58596266906755);
#436=CIRCLE('',#1438,2.77319761294559);
#437=CIRCLE('',#1439,1.69133822755832);
#438=CIRCLE('',#1440,2.77319761294559);
#439=CIRCLE('',#1441,1.58596266906755);
#440=CIRCLE('',#1442,2.77319761294559);
#441=CIRCLE('',#1443,1.69133822755832);
#442=CIRCLE('',#1444,2.77319761294559);
#443=CIRCLE('',#1445,1.58596266906755);
#444=CIRCLE('',#1446,2.7238330564079);
#445=CIRCLE('',#1447,2.7238330564079);
#446=CIRCLE('',#1448,1.58596266906754);
#447=CIRCLE('',#1449,2.77319761294559);
#448=CIRCLE('',#1450,1.6913382275583);
#449=CIRCLE('',#1451,2.77319761294559);
#450=CIRCLE('',#1452,1.58596266906754);
#451=CIRCLE('',#1453,2.77319761294559);
#452=CIRCLE('',#1454,1.6913382275583);
#453=CIRCLE('',#1455,2.77319761294559);
#454=CIRCLE('',#1456,1.58596266906754);
#455=CIRCLE('',#1457,1.35);
#456=CIRCLE('',#1459,1.94143364587354);
#457=CIRCLE('',#1462,1.94143364587355);
#458=CIRCLE('',#1463,1.62184937271321);
#459=CIRCLE('',#1465,4.87120534561832);
#460=CIRCLE('',#1466,4.87120534561832);
#461=CIRCLE('',#1467,1.62184937271321);
#462=CIRCLE('',#1470,1.98498268265671);
#463=CIRCLE('',#1472,1.98498268265671);
#464=CIRCLE('',#1474,0.0999999977648257);
#465=CIRCLE('',#1476,0.0999999977648258);
#466=CIRCLE('',#1479,1.98498268265671);
#467=CIRCLE('',#1482,1.98498268265671);
#468=CIRCLE('',#1484,1.94143364587354);
#469=CIRCLE('',#1487,1.94143364587355);
#470=CIRCLE('',#1490,1.94143364587355);
#471=CIRCLE('',#1494,1.94143364587355);
#472=CIRCLE('',#1496,1.98498268265671);
#473=CIRCLE('',#1498,1.98498268265671);
#474=CIRCLE('',#1500,1.98498268265671);
#475=CIRCLE('',#1502,0.0999999977648257);
#476=CIRCLE('',#1504,0.0999999977648258);
#477=CIRCLE('',#1507,1.98498268265671);
#478=VERTEX_POINT('',#1990);
#479=VERTEX_POINT('',#1991);
#480=VERTEX_POINT('',#1993);
#481=VERTEX_POINT('',#1995);
#482=VERTEX_POINT('',#1997);
#483=VERTEX_POINT('',#2016);
#484=VERTEX_POINT('',#2018);
#485=VERTEX_POINT('',#2020);
#486=VERTEX_POINT('',#2022);
#487=VERTEX_POINT('',#2041);
#488=VERTEX_POINT('',#2043);
#489=VERTEX_POINT('',#2045);
#490=VERTEX_POINT('',#2047);
#491=VERTEX_POINT('',#2049);
#492=VERTEX_POINT('',#2051);
#493=VERTEX_POINT('',#2053);
#494=VERTEX_POINT('',#2072);
#495=VERTEX_POINT('',#2074);
#496=VERTEX_POINT('',#2076);
#497=VERTEX_POINT('',#2078);
#498=VERTEX_POINT('',#2097);
#499=VERTEX_POINT('',#2099);
#500=VERTEX_POINT('',#2101);
#501=VERTEX_POINT('',#2103);
#502=VERTEX_POINT('',#2105);
#503=VERTEX_POINT('',#2107);
#504=VERTEX_POINT('',#2109);
#505=VERTEX_POINT('',#2120);
#506=VERTEX_POINT('',#2122);
#507=VERTEX_POINT('',#2133);
#508=VERTEX_POINT('',#2135);
#509=VERTEX_POINT('',#2137);
#510=VERTEX_POINT('',#2139);
#511=VERTEX_POINT('',#2158);
#512=VERTEX_POINT('',#2161);
#513=VERTEX_POINT('',#2162);
#514=VERTEX_POINT('',#2164);
#515=VERTEX_POINT('',#2166);
#516=VERTEX_POINT('',#2168);
#517=VERTEX_POINT('',#2170);
#518=VERTEX_POINT('',#2172);
#519=VERTEX_POINT('',#2174);
#520=VERTEX_POINT('',#2176);
#521=VERTEX_POINT('',#2178);
#522=VERTEX_POINT('',#2180);
#523=VERTEX_POINT('',#2182);
#524=VERTEX_POINT('',#2186);
#525=VERTEX_POINT('',#2187);
#526=VERTEX_POINT('',#2189);
#527=VERTEX_POINT('',#2191);
#528=VERTEX_POINT('',#2193);
#529=VERTEX_POINT('',#2197);
#530=VERTEX_POINT('',#2199);
#531=VERTEX_POINT('',#2201);
#532=VERTEX_POINT('',#2204);
#533=VERTEX_POINT('',#2210);
#534=VERTEX_POINT('',#2212);
#535=VERTEX_POINT('',#2214);
#536=VERTEX_POINT('',#2217);
#537=VERTEX_POINT('',#2223);
#538=VERTEX_POINT('',#2225);
#539=VERTEX_POINT('',#2227);
#540=VERTEX_POINT('',#2230);
#541=VERTEX_POINT('',#2237);
#542=VERTEX_POINT('',#2239);
#543=VERTEX_POINT('',#2245);
#544=VERTEX_POINT('',#2247);
#545=VERTEX_POINT('',#2253);
#546=VERTEX_POINT('',#2255);
#547=VERTEX_POINT('',#2260);
#548=VERTEX_POINT('',#2262);
#549=VERTEX_POINT('',#2266);
#550=VERTEX_POINT('',#2268);
#551=VERTEX_POINT('',#2272);
#552=VERTEX_POINT('',#2274);
#553=VERTEX_POINT('',#2278);
#554=VERTEX_POINT('',#2280);
#555=VERTEX_POINT('',#2284);
#556=VERTEX_POINT('',#2286);
#557=VERTEX_POINT('',#2290);
#558=VERTEX_POINT('',#2292);
#559=VERTEX_POINT('',#2305);
#560=VERTEX_POINT('',#2314);
#561=VERTEX_POINT('',#2316);
#562=VERTEX_POINT('',#2318);
#563=VERTEX_POINT('',#2322);
#564=VERTEX_POINT('',#2324);
#565=VERTEX_POINT('',#2326);
#566=VERTEX_POINT('',#2330);
#567=VERTEX_POINT('',#2332);
#568=VERTEX_POINT('',#2334);
#569=VERTEX_POINT('',#2338);
#570=VERTEX_POINT('',#2340);
#571=VERTEX_POINT('',#2346);
#572=VERTEX_POINT('',#2352);
#573=VERTEX_POINT('',#2358);
#574=VERTEX_POINT('',#2360);
#575=VERTEX_POINT('',#2362);
#576=VERTEX_POINT('',#2364);
#577=VERTEX_POINT('',#2366);
#578=VERTEX_POINT('',#2368);
#579=VERTEX_POINT('',#2370);
#580=VERTEX_POINT('',#2372);
#581=VERTEX_POINT('',#2374);
#582=VERTEX_POINT('',#2376);
#583=VERTEX_POINT('',#2378);
#584=VERTEX_POINT('',#2380);
#585=VERTEX_POINT('',#2382);
#586=VERTEX_POINT('',#2384);
#587=VERTEX_POINT('',#2386);
#588=VERTEX_POINT('',#2388);
#589=VERTEX_POINT('',#2390);
#590=VERTEX_POINT('',#2392);
#591=VERTEX_POINT('',#2394);
#592=VERTEX_POINT('',#2396);
#593=VERTEX_POINT('',#2398);
#594=VERTEX_POINT('',#2400);
#595=VERTEX_POINT('',#2402);
#596=VERTEX_POINT('',#2405);
#597=VERTEX_POINT('',#2411);
#598=VERTEX_POINT('',#2415);
#599=VERTEX_POINT('',#2417);
#600=VERTEX_POINT('',#2423);
#601=VERTEX_POINT('',#2428);
#602=VERTEX_POINT('',#2433);
#603=VERTEX_POINT('',#2437);
#604=VERTEX_POINT('',#2465);
#605=VERTEX_POINT('',#2470);
#606=VERTEX_POINT('',#2475);
#607=VERTEX_POINT('',#2479);
#608=EDGE_CURVE('',#478,#479,#365,.T.);
#609=EDGE_CURVE('',#478,#480,#366,.T.);
#610=EDGE_CURVE('',#480,#481,#367,.T.);
#611=EDGE_CURVE('',#481,#482,#358,.T.);
#612=EDGE_CURVE('',#482,#483,#368,.T.);
#613=EDGE_CURVE('',#483,#484,#369,.T.);
#614=EDGE_CURVE('',#484,#485,#370,.T.);
#615=EDGE_CURVE('',#485,#486,#359,.T.);
#616=EDGE_CURVE('',#486,#487,#371,.T.);
#617=EDGE_CURVE('',#487,#488,#372,.T.);
#618=EDGE_CURVE('',#488,#489,#373,.T.);
#619=EDGE_CURVE('',#489,#490,#374,.T.);
#620=EDGE_CURVE('',#490,#491,#375,.T.);
#621=EDGE_CURVE('',#491,#492,#376,.T.);
#622=EDGE_CURVE('',#492,#493,#360,.T.);
#623=EDGE_CURVE('',#493,#494,#377,.T.);
#624=EDGE_CURVE('',#494,#495,#378,.T.);
#625=EDGE_CURVE('',#495,#496,#379,.T.);
#626=EDGE_CURVE('',#496,#497,#361,.T.);
#627=EDGE_CURVE('',#497,#498,#380,.T.);
#628=EDGE_CURVE('',#498,#499,#381,.T.);
#629=EDGE_CURVE('',#499,#500,#382,.T.);
#630=EDGE_CURVE('',#500,#501,#383,.T.);
#631=EDGE_CURVE('',#501,#502,#384,.T.);
#632=EDGE_CURVE('',#502,#503,#385,.T.);
#633=EDGE_CURVE('',#503,#504,#362,.T.);
#634=EDGE_CURVE('',#504,#505,#386,.T.);
#635=EDGE_CURVE('',#504,#506,#363,.T.);
#636=EDGE_CURVE('',#506,#507,#387,.T.);
#637=EDGE_CURVE('',#507,#508,#388,.T.);
#638=EDGE_CURVE('',#508,#509,#389,.T.);
#639=EDGE_CURVE('',#509,#510,#364,.T.);
#640=EDGE_CURVE('',#510,#511,#390,.T.);
#641=EDGE_CURVE('',#511,#479,#391,.T.);
#642=EDGE_CURVE('',#512,#513,#392,.T.);
#643=EDGE_CURVE('',#514,#512,#393,.T.);
#644=EDGE_CURVE('',#515,#514,#394,.T.);
#645=EDGE_CURVE('',#516,#515,#395,.T.);
#646=EDGE_CURVE('',#517,#516,#396,.T.);
#647=EDGE_CURVE('',#518,#517,#397,.T.);
#648=EDGE_CURVE('',#519,#518,#398,.T.);
#649=EDGE_CURVE('',#520,#519,#399,.T.);
#650=EDGE_CURVE('',#521,#520,#400,.T.);
#651=EDGE_CURVE('',#522,#521,#401,.T.);
#652=EDGE_CURVE('',#523,#522,#402,.T.);
#653=EDGE_CURVE('',#513,#523,#403,.T.);
#654=EDGE_CURVE('',#524,#525,#404,.T.);
#655=EDGE_CURVE('',#524,#526,#405,.T.);
#656=EDGE_CURVE('',#526,#527,#406,.T.);
#657=EDGE_CURVE('',#527,#528,#407,.T.);
#658=EDGE_CURVE('',#528,#525,#408,.T.);
#659=EDGE_CURVE('',#521,#529,#144,.T.);
#660=EDGE_CURVE('',#530,#521,#145,.F.);
#661=EDGE_CURVE('',#530,#531,#34,.T.);
#662=EDGE_CURVE('',#531,#520,#146,.T.);
#663=EDGE_CURVE('',#532,#520,#147,.T.);
#664=EDGE_CURVE('',#529,#532,#35,.T.);
#665=EDGE_CURVE('',#529,#522,#148,.T.);
#666=EDGE_CURVE('',#523,#533,#149,.T.);
#667=EDGE_CURVE('',#534,#523,#150,.F.);
#668=EDGE_CURVE('',#534,#535,#36,.T.);
#669=EDGE_CURVE('',#535,#514,#151,.T.);
#670=EDGE_CURVE('',#536,#514,#152,.T.);
#671=EDGE_CURVE('',#533,#536,#37,.T.);
#672=EDGE_CURVE('',#533,#513,#153,.T.);
#673=EDGE_CURVE('',#515,#537,#154,.T.);
#674=EDGE_CURVE('',#538,#515,#155,.F.);
#675=EDGE_CURVE('',#538,#539,#38,.T.);
#676=EDGE_CURVE('',#539,#518,#156,.T.);
#677=EDGE_CURVE('',#540,#518,#157,.T.);
#678=EDGE_CURVE('',#537,#540,#39,.T.);
#679=EDGE_CURVE('',#537,#516,#158,.T.);
#680=EDGE_CURVE('',#512,#536,#159,.T.);
#681=EDGE_CURVE('',#541,#512,#160,.F.);
#682=EDGE_CURVE('',#541,#542,#40,.T.);
#683=EDGE_CURVE('',#542,#513,#161,.T.);
#684=EDGE_CURVE('',#519,#532,#162,.T.);
#685=EDGE_CURVE('',#543,#519,#163,.F.);
#686=EDGE_CURVE('',#543,#544,#41,.T.);
#687=EDGE_CURVE('',#544,#522,#164,.T.);
#688=EDGE_CURVE('',#517,#540,#165,.T.);
#689=EDGE_CURVE('',#545,#517,#166,.F.);
#690=EDGE_CURVE('',#545,#546,#42,.T.);
#691=EDGE_CURVE('',#546,#516,#167,.T.);
#692=EDGE_CURVE('',#547,#543,#43,.T.);
#693=EDGE_CURVE('',#548,#547,#44,.T.);
#694=EDGE_CURVE('',#544,#548,#45,.T.);
#695=EDGE_CURVE('',#549,#530,#46,.T.);
#696=EDGE_CURVE('',#550,#549,#47,.T.);
#697=EDGE_CURVE('',#531,#550,#48,.T.);
#698=EDGE_CURVE('',#551,#541,#49,.T.);
#699=EDGE_CURVE('',#552,#551,#50,.T.);
#700=EDGE_CURVE('',#542,#552,#51,.T.);
#701=EDGE_CURVE('',#553,#534,#52,.T.);
#702=EDGE_CURVE('',#554,#553,#53,.T.);
#703=EDGE_CURVE('',#535,#554,#54,.T.);
#704=EDGE_CURVE('',#555,#538,#55,.T.);
#705=EDGE_CURVE('',#556,#555,#56,.T.);
#706=EDGE_CURVE('',#539,#556,#57,.T.);
#707=EDGE_CURVE('',#557,#545,#58,.T.);
#708=EDGE_CURVE('',#558,#557,#59,.T.);
#709=EDGE_CURVE('',#546,#558,#60,.T.);
#710=EDGE_CURVE('',#557,#558,#409,.T.);
#711=EDGE_CURVE('',#551,#552,#410,.T.);
#712=EDGE_CURVE('',#549,#550,#411,.T.);
#713=EDGE_CURVE('',#547,#556,#412,.T.);
#714=EDGE_CURVE('',#555,#554,#413,.T.);
#715=EDGE_CURVE('',#553,#548,#414,.T.);
#716=EDGE_CURVE('',#559,#559,#415,.T.);
#717=EDGE_CURVE('',#510,#560,#61,.T.);
#718=EDGE_CURVE('',#560,#561,#62,.T.);
#719=EDGE_CURVE('',#562,#561,#416,.T.);
#720=EDGE_CURVE('',#511,#562,#417,.T.);
#721=EDGE_CURVE('',#506,#563,#63,.T.);
#722=EDGE_CURVE('',#563,#564,#64,.T.);
#723=EDGE_CURVE('',#565,#564,#418,.T.);
#724=EDGE_CURVE('',#507,#565,#419,.T.);
#725=EDGE_CURVE('',#564,#566,#420,.T.);
#726=EDGE_CURVE('',#567,#563,#421,.T.);
#727=EDGE_CURVE('',#568,#567,#65,.T.);
#728=EDGE_CURVE('',#566,#568,#422,.T.);
#729=EDGE_CURVE('',#561,#569,#423,.T.);
#730=EDGE_CURVE('',#570,#560,#424,.T.);
#731=EDGE_CURVE('',#569,#570,#66,.T.);
#732=EDGE_CURVE('',#509,#570,#67,.T.);
#733=EDGE_CURVE('',#571,#508,#425,.T.);
#734=EDGE_CURVE('',#569,#571,#426,.T.);
#735=EDGE_CURVE('',#503,#567,#68,.T.);
#736=EDGE_CURVE('',#572,#502,#427,.T.);
#737=EDGE_CURVE('',#568,#572,#428,.T.);
#738=EDGE_CURVE('',#525,#562,#429,.T.);
#739=EDGE_CURVE('',#571,#565,#430,.T.);
#740=EDGE_CURVE('',#566,#573,#431,.T.);
#741=EDGE_CURVE('',#572,#574,#432,.T.);
#742=EDGE_CURVE('',#574,#575,#433,.T.);
#743=EDGE_CURVE('',#575,#576,#434,.T.);
#744=EDGE_CURVE('',#576,#577,#435,.T.);
#745=EDGE_CURVE('',#577,#578,#436,.T.);
#746=EDGE_CURVE('',#578,#579,#437,.T.);
#747=EDGE_CURVE('',#579,#580,#438,.T.);
#748=EDGE_CURVE('',#580,#581,#439,.T.);
#749=EDGE_CURVE('',#581,#582,#440,.T.);
#750=EDGE_CURVE('',#582,#583,#441,.T.);
#751=EDGE_CURVE('',#583,#584,#442,.T.);
#752=EDGE_CURVE('',#584,#585,#443,.T.);
#753=EDGE_CURVE('',#585,#586,#444,.T.);
#754=EDGE_CURVE('',#586,#587,#445,.T.);
#755=EDGE_CURVE('',#587,#588,#446,.T.);
#756=EDGE_CURVE('',#588,#589,#447,.T.);
#757=EDGE_CURVE('',#589,#590,#448,.T.);
#758=EDGE_CURVE('',#590,#591,#449,.T.);
#759=EDGE_CURVE('',#591,#592,#450,.T.);
#760=EDGE_CURVE('',#592,#593,#451,.T.);
#761=EDGE_CURVE('',#593,#594,#452,.T.);
#762=EDGE_CURVE('',#594,#595,#453,.T.);
#763=EDGE_CURVE('',#595,#524,#454,.T.);
#764=EDGE_CURVE('',#596,#596,#455,.T.);
#765=EDGE_CURVE('',#574,#501,#456,.T.);
#766=EDGE_CURVE('',#597,#528,#457,.T.);
#767=EDGE_CURVE('',#479,#597,#458,.T.);
#768=EDGE_CURVE('',#597,#598,#459,.T.);
#769=EDGE_CURVE('',#598,#599,#460,.T.);
#770=EDGE_CURVE('',#599,#478,#461,.T.);
#771=EDGE_CURVE('',#598,#527,#69,.T.);
#772=EDGE_CURVE('',#497,#600,#70,.T.);
#773=EDGE_CURVE('',#600,#578,#71,.T.);
#774=EDGE_CURVE('',#498,#577,#462,.T.);
#775=EDGE_CURVE('',#493,#601,#72,.T.);
#776=EDGE_CURVE('',#601,#582,#73,.T.);
#777=EDGE_CURVE('',#494,#581,#463,.T.);
#778=EDGE_CURVE('',#602,#601,#464,.T.);
#779=EDGE_CURVE('',#583,#602,#74,.T.);
#780=EDGE_CURVE('',#603,#600,#465,.T.);
#781=EDGE_CURVE('',#579,#603,#75,.T.);
#782=EDGE_CURVE('',#496,#603,#76,.T.);
#783=EDGE_CURVE('',#580,#495,#466,.T.);
#784=EDGE_CURVE('',#492,#602,#77,.T.);
#785=EDGE_CURVE('',#584,#491,#467,.T.);
#786=EDGE_CURVE('',#585,#490,#468,.T.);
#787=EDGE_CURVE('',#499,#576,#469,.T.);
#788=EDGE_CURVE('',#500,#575,#78,.T.);
#789=EDGE_CURVE('',#599,#526,#470,.T.);
#790=EDGE_CURVE('',#489,#586,#79,.T.);
#791=EDGE_CURVE('',#587,#488,#471,.T.);
#792=EDGE_CURVE('',#595,#480,#472,.T.);
#793=EDGE_CURVE('',#486,#604,#80,.T.);
#794=EDGE_CURVE('',#604,#589,#81,.T.);
#795=EDGE_CURVE('',#487,#588,#473,.T.);
#796=EDGE_CURVE('',#482,#605,#82,.T.);
#797=EDGE_CURVE('',#605,#593,#83,.T.);
#798=EDGE_CURVE('',#483,#592,#474,.T.);
#799=EDGE_CURVE('',#606,#605,#475,.T.);
#800=EDGE_CURVE('',#594,#606,#84,.T.);
#801=EDGE_CURVE('',#607,#604,#476,.T.);
#802=EDGE_CURVE('',#590,#607,#85,.T.);
#803=EDGE_CURVE('',#485,#607,#86,.T.);
#804=EDGE_CURVE('',#591,#484,#477,.T.);
#805=EDGE_CURVE('',#481,#606,#87,.T.);
#806=EDGE_CURVE('',#559,#596,#88,.T.);
#807=ORIENTED_EDGE('',*,*,#608,.F.);
#808=ORIENTED_EDGE('',*,*,#609,.T.);
#809=ORIENTED_EDGE('',*,*,#610,.T.);
#810=ORIENTED_EDGE('',*,*,#611,.T.);
#811=ORIENTED_EDGE('',*,*,#612,.T.);
#812=ORIENTED_EDGE('',*,*,#613,.T.);
#813=ORIENTED_EDGE('',*,*,#614,.T.);
#814=ORIENTED_EDGE('',*,*,#615,.T.);
#815=ORIENTED_EDGE('',*,*,#616,.T.);
#816=ORIENTED_EDGE('',*,*,#617,.T.);
#817=ORIENTED_EDGE('',*,*,#618,.T.);
#818=ORIENTED_EDGE('',*,*,#619,.T.);
#819=ORIENTED_EDGE('',*,*,#620,.T.);
#820=ORIENTED_EDGE('',*,*,#621,.T.);
#821=ORIENTED_EDGE('',*,*,#622,.T.);
#822=ORIENTED_EDGE('',*,*,#623,.T.);
#823=ORIENTED_EDGE('',*,*,#624,.T.);
#824=ORIENTED_EDGE('',*,*,#625,.T.);
#825=ORIENTED_EDGE('',*,*,#626,.T.);
#826=ORIENTED_EDGE('',*,*,#627,.T.);
#827=ORIENTED_EDGE('',*,*,#628,.T.);
#828=ORIENTED_EDGE('',*,*,#629,.T.);
#829=ORIENTED_EDGE('',*,*,#630,.T.);
#830=ORIENTED_EDGE('',*,*,#631,.T.);
#831=ORIENTED_EDGE('',*,*,#632,.T.);
#832=ORIENTED_EDGE('',*,*,#633,.T.);
#833=ORIENTED_EDGE('',*,*,#634,.T.);
#834=ORIENTED_EDGE('',*,*,#634,.F.);
#835=ORIENTED_EDGE('',*,*,#635,.T.);
#836=ORIENTED_EDGE('',*,*,#636,.T.);
#837=ORIENTED_EDGE('',*,*,#637,.T.);
#838=ORIENTED_EDGE('',*,*,#638,.T.);
#839=ORIENTED_EDGE('',*,*,#639,.T.);
#840=ORIENTED_EDGE('',*,*,#640,.T.);
#841=ORIENTED_EDGE('',*,*,#641,.T.);
#842=ORIENTED_EDGE('',*,*,#642,.F.);
#843=ORIENTED_EDGE('',*,*,#643,.F.);
#844=ORIENTED_EDGE('',*,*,#644,.F.);
#845=ORIENTED_EDGE('',*,*,#645,.F.);
#846=ORIENTED_EDGE('',*,*,#646,.F.);
#847=ORIENTED_EDGE('',*,*,#647,.F.);
#848=ORIENTED_EDGE('',*,*,#648,.F.);
#849=ORIENTED_EDGE('',*,*,#649,.F.);
#850=ORIENTED_EDGE('',*,*,#650,.F.);
#851=ORIENTED_EDGE('',*,*,#651,.F.);
#852=ORIENTED_EDGE('',*,*,#652,.F.);
#853=ORIENTED_EDGE('',*,*,#653,.F.);
#854=ORIENTED_EDGE('',*,*,#654,.F.);
#855=ORIENTED_EDGE('',*,*,#655,.T.);
#856=ORIENTED_EDGE('',*,*,#656,.T.);
#857=ORIENTED_EDGE('',*,*,#657,.T.);
#858=ORIENTED_EDGE('',*,*,#658,.T.);
#859=ORIENTED_EDGE('',*,*,#659,.F.);
#860=ORIENTED_EDGE('',*,*,#660,.F.);
#861=ORIENTED_EDGE('',*,*,#661,.T.);
#862=ORIENTED_EDGE('',*,*,#662,.T.);
#863=ORIENTED_EDGE('',*,*,#663,.F.);
#864=ORIENTED_EDGE('',*,*,#664,.F.);
#865=ORIENTED_EDGE('',*,*,#659,.T.);
#866=ORIENTED_EDGE('',*,*,#665,.T.);
#867=ORIENTED_EDGE('',*,*,#651,.T.);
#868=ORIENTED_EDGE('',*,*,#666,.F.);
#869=ORIENTED_EDGE('',*,*,#667,.F.);
#870=ORIENTED_EDGE('',*,*,#668,.T.);
#871=ORIENTED_EDGE('',*,*,#669,.T.);
#872=ORIENTED_EDGE('',*,*,#670,.F.);
#873=ORIENTED_EDGE('',*,*,#671,.F.);
#874=ORIENTED_EDGE('',*,*,#666,.T.);
#875=ORIENTED_EDGE('',*,*,#672,.T.);
#876=ORIENTED_EDGE('',*,*,#653,.T.);
#877=ORIENTED_EDGE('',*,*,#673,.F.);
#878=ORIENTED_EDGE('',*,*,#674,.F.);
#879=ORIENTED_EDGE('',*,*,#675,.T.);
#880=ORIENTED_EDGE('',*,*,#676,.T.);
#881=ORIENTED_EDGE('',*,*,#677,.F.);
#882=ORIENTED_EDGE('',*,*,#678,.F.);
#883=ORIENTED_EDGE('',*,*,#673,.T.);
#884=ORIENTED_EDGE('',*,*,#679,.T.);
#885=ORIENTED_EDGE('',*,*,#645,.T.);
#886=ORIENTED_EDGE('',*,*,#680,.F.);
#887=ORIENTED_EDGE('',*,*,#681,.F.);
#888=ORIENTED_EDGE('',*,*,#682,.T.);
#889=ORIENTED_EDGE('',*,*,#683,.T.);
#890=ORIENTED_EDGE('',*,*,#672,.F.);
#891=ORIENTED_EDGE('',*,*,#671,.T.);
#892=ORIENTED_EDGE('',*,*,#670,.T.);
#893=ORIENTED_EDGE('',*,*,#643,.T.);
#894=ORIENTED_EDGE('',*,*,#680,.T.);
#895=ORIENTED_EDGE('',*,*,#684,.F.);
#896=ORIENTED_EDGE('',*,*,#685,.F.);
#897=ORIENTED_EDGE('',*,*,#686,.T.);
#898=ORIENTED_EDGE('',*,*,#687,.T.);
#899=ORIENTED_EDGE('',*,*,#665,.F.);
#900=ORIENTED_EDGE('',*,*,#664,.T.);
#901=ORIENTED_EDGE('',*,*,#663,.T.);
#902=ORIENTED_EDGE('',*,*,#649,.T.);
#903=ORIENTED_EDGE('',*,*,#684,.T.);
#904=ORIENTED_EDGE('',*,*,#688,.F.);
#905=ORIENTED_EDGE('',*,*,#689,.F.);
#906=ORIENTED_EDGE('',*,*,#690,.T.);
#907=ORIENTED_EDGE('',*,*,#691,.T.);
#908=ORIENTED_EDGE('',*,*,#679,.F.);
#909=ORIENTED_EDGE('',*,*,#678,.T.);
#910=ORIENTED_EDGE('',*,*,#677,.T.);
#911=ORIENTED_EDGE('',*,*,#647,.T.);
#912=ORIENTED_EDGE('',*,*,#688,.T.);
#913=ORIENTED_EDGE('',*,*,#686,.F.);
#914=ORIENTED_EDGE('',*,*,#692,.F.);
#915=ORIENTED_EDGE('',*,*,#693,.F.);
#916=ORIENTED_EDGE('',*,*,#694,.F.);
#917=ORIENTED_EDGE('',*,*,#661,.F.);
#918=ORIENTED_EDGE('',*,*,#695,.F.);
#919=ORIENTED_EDGE('',*,*,#696,.F.);
#920=ORIENTED_EDGE('',*,*,#697,.F.);
#921=ORIENTED_EDGE('',*,*,#682,.F.);
#922=ORIENTED_EDGE('',*,*,#698,.F.);
#923=ORIENTED_EDGE('',*,*,#699,.F.);
#924=ORIENTED_EDGE('',*,*,#700,.F.);
#925=ORIENTED_EDGE('',*,*,#668,.F.);
#926=ORIENTED_EDGE('',*,*,#701,.F.);
#927=ORIENTED_EDGE('',*,*,#702,.F.);
#928=ORIENTED_EDGE('',*,*,#703,.F.);
#929=ORIENTED_EDGE('',*,*,#675,.F.);
#930=ORIENTED_EDGE('',*,*,#704,.F.);
#931=ORIENTED_EDGE('',*,*,#705,.F.);
#932=ORIENTED_EDGE('',*,*,#706,.F.);
#933=ORIENTED_EDGE('',*,*,#690,.F.);
#934=ORIENTED_EDGE('',*,*,#707,.F.);
#935=ORIENTED_EDGE('',*,*,#708,.F.);
#936=ORIENTED_EDGE('',*,*,#709,.F.);
#937=ORIENTED_EDGE('',*,*,#708,.T.);
#938=ORIENTED_EDGE('',*,*,#710,.T.);
#939=ORIENTED_EDGE('',*,*,#699,.T.);
#940=ORIENTED_EDGE('',*,*,#711,.T.);
#941=ORIENTED_EDGE('',*,*,#696,.T.);
#942=ORIENTED_EDGE('',*,*,#712,.T.);
#943=ORIENTED_EDGE('',*,*,#693,.T.);
#944=ORIENTED_EDGE('',*,*,#713,.T.);
#945=ORIENTED_EDGE('',*,*,#705,.T.);
#946=ORIENTED_EDGE('',*,*,#714,.T.);
#947=ORIENTED_EDGE('',*,*,#702,.T.);
#948=ORIENTED_EDGE('',*,*,#715,.T.);
#949=ORIENTED_EDGE('',*,*,#716,.F.);
#950=ORIENTED_EDGE('',*,*,#707,.T.);
#951=ORIENTED_EDGE('',*,*,#689,.T.);
#952=ORIENTED_EDGE('',*,*,#646,.T.);
#953=ORIENTED_EDGE('',*,*,#691,.F.);
#954=ORIENTED_EDGE('',*,*,#709,.T.);
#955=ORIENTED_EDGE('',*,*,#710,.F.);
#956=ORIENTED_EDGE('',*,*,#703,.T.);
#957=ORIENTED_EDGE('',*,*,#714,.F.);
#958=ORIENTED_EDGE('',*,*,#704,.T.);
#959=ORIENTED_EDGE('',*,*,#674,.T.);
#960=ORIENTED_EDGE('',*,*,#644,.T.);
#961=ORIENTED_EDGE('',*,*,#669,.F.);
#962=ORIENTED_EDGE('',*,*,#700,.T.);
#963=ORIENTED_EDGE('',*,*,#711,.F.);
#964=ORIENTED_EDGE('',*,*,#698,.T.);
#965=ORIENTED_EDGE('',*,*,#681,.T.);
#966=ORIENTED_EDGE('',*,*,#642,.T.);
#967=ORIENTED_EDGE('',*,*,#683,.F.);
#968=ORIENTED_EDGE('',*,*,#692,.T.);
#969=ORIENTED_EDGE('',*,*,#685,.T.);
#970=ORIENTED_EDGE('',*,*,#648,.T.);
#971=ORIENTED_EDGE('',*,*,#676,.F.);
#972=ORIENTED_EDGE('',*,*,#706,.T.);
#973=ORIENTED_EDGE('',*,*,#713,.F.);
#974=ORIENTED_EDGE('',*,*,#695,.T.);
#975=ORIENTED_EDGE('',*,*,#660,.T.);
#976=ORIENTED_EDGE('',*,*,#650,.T.);
#977=ORIENTED_EDGE('',*,*,#662,.F.);
#978=ORIENTED_EDGE('',*,*,#697,.T.);
#979=ORIENTED_EDGE('',*,*,#712,.F.);
#980=ORIENTED_EDGE('',*,*,#694,.T.);
#981=ORIENTED_EDGE('',*,*,#715,.F.);
#982=ORIENTED_EDGE('',*,*,#701,.T.);
#983=ORIENTED_EDGE('',*,*,#667,.T.);
#984=ORIENTED_EDGE('',*,*,#652,.T.);
#985=ORIENTED_EDGE('',*,*,#687,.F.);
#986=ORIENTED_EDGE('',*,*,#640,.F.);
#987=ORIENTED_EDGE('',*,*,#717,.T.);
#988=ORIENTED_EDGE('',*,*,#718,.T.);
#989=ORIENTED_EDGE('',*,*,#719,.F.);
#990=ORIENTED_EDGE('',*,*,#720,.F.);
#991=ORIENTED_EDGE('',*,*,#636,.F.);
#992=ORIENTED_EDGE('',*,*,#721,.T.);
#993=ORIENTED_EDGE('',*,*,#722,.T.);
#994=ORIENTED_EDGE('',*,*,#723,.F.);
#995=ORIENTED_EDGE('',*,*,#724,.F.);
#996=ORIENTED_EDGE('',*,*,#725,.F.);
#997=ORIENTED_EDGE('',*,*,#722,.F.);
#998=ORIENTED_EDGE('',*,*,#726,.F.);
#999=ORIENTED_EDGE('',*,*,#727,.F.);
#1000=ORIENTED_EDGE('',*,*,#728,.F.);
#1001=ORIENTED_EDGE('',*,*,#729,.F.);
#1002=ORIENTED_EDGE('',*,*,#718,.F.);
#1003=ORIENTED_EDGE('',*,*,#730,.F.);
#1004=ORIENTED_EDGE('',*,*,#731,.F.);
#1005=ORIENTED_EDGE('',*,*,#639,.F.);
#1006=ORIENTED_EDGE('',*,*,#732,.T.);
#1007=ORIENTED_EDGE('',*,*,#730,.T.);
#1008=ORIENTED_EDGE('',*,*,#717,.F.);
#1009=ORIENTED_EDGE('',*,*,#638,.F.);
#1010=ORIENTED_EDGE('',*,*,#733,.F.);
#1011=ORIENTED_EDGE('',*,*,#734,.F.);
#1012=ORIENTED_EDGE('',*,*,#731,.T.);
#1013=ORIENTED_EDGE('',*,*,#732,.F.);
#1014=ORIENTED_EDGE('',*,*,#633,.F.);
#1015=ORIENTED_EDGE('',*,*,#735,.T.);
#1016=ORIENTED_EDGE('',*,*,#726,.T.);
#1017=ORIENTED_EDGE('',*,*,#721,.F.);
#1018=ORIENTED_EDGE('',*,*,#635,.F.);
#1019=ORIENTED_EDGE('',*,*,#632,.F.);
#1020=ORIENTED_EDGE('',*,*,#736,.F.);
#1021=ORIENTED_EDGE('',*,*,#737,.F.);
#1022=ORIENTED_EDGE('',*,*,#727,.T.);
#1023=ORIENTED_EDGE('',*,*,#735,.F.);
#1024=ORIENTED_EDGE('',*,*,#654,.T.);
#1025=ORIENTED_EDGE('',*,*,#738,.T.);
#1026=ORIENTED_EDGE('',*,*,#719,.T.);
#1027=ORIENTED_EDGE('',*,*,#729,.T.);
#1028=ORIENTED_EDGE('',*,*,#734,.T.);
#1029=ORIENTED_EDGE('',*,*,#739,.T.);
#1030=ORIENTED_EDGE('',*,*,#723,.T.);
#1031=ORIENTED_EDGE('',*,*,#725,.T.);
#1032=ORIENTED_EDGE('',*,*,#740,.T.);
#1033=ORIENTED_EDGE('',*,*,#740,.F.);
#1034=ORIENTED_EDGE('',*,*,#728,.T.);
#1035=ORIENTED_EDGE('',*,*,#737,.T.);
#1036=ORIENTED_EDGE('',*,*,#741,.T.);
#1037=ORIENTED_EDGE('',*,*,#742,.T.);
#1038=ORIENTED_EDGE('',*,*,#743,.T.);
#1039=ORIENTED_EDGE('',*,*,#744,.T.);
#1040=ORIENTED_EDGE('',*,*,#745,.T.);
#1041=ORIENTED_EDGE('',*,*,#746,.T.);
#1042=ORIENTED_EDGE('',*,*,#747,.T.);
#1043=ORIENTED_EDGE('',*,*,#748,.T.);
#1044=ORIENTED_EDGE('',*,*,#749,.T.);
#1045=ORIENTED_EDGE('',*,*,#750,.T.);
#1046=ORIENTED_EDGE('',*,*,#751,.T.);
#1047=ORIENTED_EDGE('',*,*,#752,.T.);
#1048=ORIENTED_EDGE('',*,*,#753,.T.);
#1049=ORIENTED_EDGE('',*,*,#754,.T.);
#1050=ORIENTED_EDGE('',*,*,#755,.T.);
#1051=ORIENTED_EDGE('',*,*,#756,.T.);
#1052=ORIENTED_EDGE('',*,*,#757,.T.);
#1053=ORIENTED_EDGE('',*,*,#758,.T.);
#1054=ORIENTED_EDGE('',*,*,#759,.T.);
#1055=ORIENTED_EDGE('',*,*,#760,.T.);
#1056=ORIENTED_EDGE('',*,*,#761,.T.);
#1057=ORIENTED_EDGE('',*,*,#762,.T.);
#1058=ORIENTED_EDGE('',*,*,#763,.T.);
#1059=ORIENTED_EDGE('',*,*,#764,.T.);
#1060=ORIENTED_EDGE('',*,*,#736,.T.);
#1061=ORIENTED_EDGE('',*,*,#631,.F.);
#1062=ORIENTED_EDGE('',*,*,#765,.F.);
#1063=ORIENTED_EDGE('',*,*,#741,.F.);
#1064=ORIENTED_EDGE('',*,*,#733,.T.);
#1065=ORIENTED_EDGE('',*,*,#637,.F.);
#1066=ORIENTED_EDGE('',*,*,#724,.T.);
#1067=ORIENTED_EDGE('',*,*,#739,.F.);
#1068=ORIENTED_EDGE('',*,*,#720,.T.);
#1069=ORIENTED_EDGE('',*,*,#738,.F.);
#1070=ORIENTED_EDGE('',*,*,#658,.F.);
#1071=ORIENTED_EDGE('',*,*,#766,.F.);
#1072=ORIENTED_EDGE('',*,*,#767,.F.);
#1073=ORIENTED_EDGE('',*,*,#641,.F.);
#1074=ORIENTED_EDGE('',*,*,#608,.T.);
#1075=ORIENTED_EDGE('',*,*,#767,.T.);
#1076=ORIENTED_EDGE('',*,*,#768,.T.);
#1077=ORIENTED_EDGE('',*,*,#769,.T.);
#1078=ORIENTED_EDGE('',*,*,#770,.T.);
#1079=ORIENTED_EDGE('',*,*,#766,.T.);
#1080=ORIENTED_EDGE('',*,*,#657,.F.);
#1081=ORIENTED_EDGE('',*,*,#771,.F.);
#1082=ORIENTED_EDGE('',*,*,#768,.F.);
#1083=ORIENTED_EDGE('',*,*,#627,.F.);
#1084=ORIENTED_EDGE('',*,*,#772,.T.);
#1085=ORIENTED_EDGE('',*,*,#773,.T.);
#1086=ORIENTED_EDGE('',*,*,#745,.F.);
#1087=ORIENTED_EDGE('',*,*,#774,.F.);
#1088=ORIENTED_EDGE('',*,*,#623,.F.);
#1089=ORIENTED_EDGE('',*,*,#775,.T.);
#1090=ORIENTED_EDGE('',*,*,#776,.T.);
#1091=ORIENTED_EDGE('',*,*,#749,.F.);
#1092=ORIENTED_EDGE('',*,*,#777,.F.);
#1093=ORIENTED_EDGE('',*,*,#750,.F.);
#1094=ORIENTED_EDGE('',*,*,#776,.F.);
#1095=ORIENTED_EDGE('',*,*,#778,.F.);
#1096=ORIENTED_EDGE('',*,*,#779,.F.);
#1097=ORIENTED_EDGE('',*,*,#746,.F.);
#1098=ORIENTED_EDGE('',*,*,#773,.F.);
#1099=ORIENTED_EDGE('',*,*,#780,.F.);
#1100=ORIENTED_EDGE('',*,*,#781,.F.);
#1101=ORIENTED_EDGE('',*,*,#626,.F.);
#1102=ORIENTED_EDGE('',*,*,#782,.T.);
#1103=ORIENTED_EDGE('',*,*,#780,.T.);
#1104=ORIENTED_EDGE('',*,*,#772,.F.);
#1105=ORIENTED_EDGE('',*,*,#625,.F.);
#1106=ORIENTED_EDGE('',*,*,#783,.F.);
#1107=ORIENTED_EDGE('',*,*,#747,.F.);
#1108=ORIENTED_EDGE('',*,*,#781,.T.);
#1109=ORIENTED_EDGE('',*,*,#782,.F.);
#1110=ORIENTED_EDGE('',*,*,#622,.F.);
#1111=ORIENTED_EDGE('',*,*,#784,.T.);
#1112=ORIENTED_EDGE('',*,*,#778,.T.);
#1113=ORIENTED_EDGE('',*,*,#775,.F.);
#1114=ORIENTED_EDGE('',*,*,#621,.F.);
#1115=ORIENTED_EDGE('',*,*,#785,.F.);
#1116=ORIENTED_EDGE('',*,*,#751,.F.);
#1117=ORIENTED_EDGE('',*,*,#779,.T.);
#1118=ORIENTED_EDGE('',*,*,#784,.F.);
#1119=ORIENTED_EDGE('',*,*,#785,.T.);
#1120=ORIENTED_EDGE('',*,*,#620,.F.);
#1121=ORIENTED_EDGE('',*,*,#786,.F.);
#1122=ORIENTED_EDGE('',*,*,#752,.F.);
#1123=ORIENTED_EDGE('',*,*,#783,.T.);
#1124=ORIENTED_EDGE('',*,*,#624,.F.);
#1125=ORIENTED_EDGE('',*,*,#777,.T.);
#1126=ORIENTED_EDGE('',*,*,#748,.F.);
#1127=ORIENTED_EDGE('',*,*,#774,.T.);
#1128=ORIENTED_EDGE('',*,*,#744,.F.);
#1129=ORIENTED_EDGE('',*,*,#787,.F.);
#1130=ORIENTED_EDGE('',*,*,#628,.F.);
#1131=ORIENTED_EDGE('',*,*,#787,.T.);
#1132=ORIENTED_EDGE('',*,*,#743,.F.);
#1133=ORIENTED_EDGE('',*,*,#788,.F.);
#1134=ORIENTED_EDGE('',*,*,#629,.F.);
#1135=ORIENTED_EDGE('',*,*,#769,.F.);
#1136=ORIENTED_EDGE('',*,*,#771,.T.);
#1137=ORIENTED_EDGE('',*,*,#656,.F.);
#1138=ORIENTED_EDGE('',*,*,#789,.F.);
#1139=ORIENTED_EDGE('',*,*,#765,.T.);
#1140=ORIENTED_EDGE('',*,*,#630,.F.);
#1141=ORIENTED_EDGE('',*,*,#788,.T.);
#1142=ORIENTED_EDGE('',*,*,#742,.F.);
#1143=ORIENTED_EDGE('',*,*,#786,.T.);
#1144=ORIENTED_EDGE('',*,*,#619,.F.);
#1145=ORIENTED_EDGE('',*,*,#790,.T.);
#1146=ORIENTED_EDGE('',*,*,#753,.F.);
#1147=ORIENTED_EDGE('',*,*,#618,.F.);
#1148=ORIENTED_EDGE('',*,*,#791,.F.);
#1149=ORIENTED_EDGE('',*,*,#754,.F.);
#1150=ORIENTED_EDGE('',*,*,#790,.F.);
#1151=ORIENTED_EDGE('',*,*,#789,.T.);
#1152=ORIENTED_EDGE('',*,*,#655,.F.);
#1153=ORIENTED_EDGE('',*,*,#763,.F.);
#1154=ORIENTED_EDGE('',*,*,#792,.T.);
#1155=ORIENTED_EDGE('',*,*,#609,.F.);
#1156=ORIENTED_EDGE('',*,*,#770,.F.);
#1157=ORIENTED_EDGE('',*,*,#616,.F.);
#1158=ORIENTED_EDGE('',*,*,#793,.T.);
#1159=ORIENTED_EDGE('',*,*,#794,.T.);
#1160=ORIENTED_EDGE('',*,*,#756,.F.);
#1161=ORIENTED_EDGE('',*,*,#795,.F.);
#1162=ORIENTED_EDGE('',*,*,#612,.F.);
#1163=ORIENTED_EDGE('',*,*,#796,.T.);
#1164=ORIENTED_EDGE('',*,*,#797,.T.);
#1165=ORIENTED_EDGE('',*,*,#760,.F.);
#1166=ORIENTED_EDGE('',*,*,#798,.F.);
#1167=ORIENTED_EDGE('',*,*,#761,.F.);
#1168=ORIENTED_EDGE('',*,*,#797,.F.);
#1169=ORIENTED_EDGE('',*,*,#799,.F.);
#1170=ORIENTED_EDGE('',*,*,#800,.F.);
#1171=ORIENTED_EDGE('',*,*,#757,.F.);
#1172=ORIENTED_EDGE('',*,*,#794,.F.);
#1173=ORIENTED_EDGE('',*,*,#801,.F.);
#1174=ORIENTED_EDGE('',*,*,#802,.F.);
#1175=ORIENTED_EDGE('',*,*,#615,.F.);
#1176=ORIENTED_EDGE('',*,*,#803,.T.);
#1177=ORIENTED_EDGE('',*,*,#801,.T.);
#1178=ORIENTED_EDGE('',*,*,#793,.F.);
#1179=ORIENTED_EDGE('',*,*,#614,.F.);
#1180=ORIENTED_EDGE('',*,*,#804,.F.);
#1181=ORIENTED_EDGE('',*,*,#758,.F.);
#1182=ORIENTED_EDGE('',*,*,#802,.T.);
#1183=ORIENTED_EDGE('',*,*,#803,.F.);
#1184=ORIENTED_EDGE('',*,*,#611,.F.);
#1185=ORIENTED_EDGE('',*,*,#805,.T.);
#1186=ORIENTED_EDGE('',*,*,#799,.T.);
#1187=ORIENTED_EDGE('',*,*,#796,.F.);
#1188=ORIENTED_EDGE('',*,*,#610,.F.);
#1189=ORIENTED_EDGE('',*,*,#792,.F.);
#1190=ORIENTED_EDGE('',*,*,#762,.F.);
#1191=ORIENTED_EDGE('',*,*,#800,.T.);
#1192=ORIENTED_EDGE('',*,*,#805,.F.);
#1193=ORIENTED_EDGE('',*,*,#804,.T.);
#1194=ORIENTED_EDGE('',*,*,#613,.F.);
#1195=ORIENTED_EDGE('',*,*,#798,.T.);
#1196=ORIENTED_EDGE('',*,*,#759,.F.);
#1197=ORIENTED_EDGE('',*,*,#791,.T.);
#1198=ORIENTED_EDGE('',*,*,#617,.F.);
#1199=ORIENTED_EDGE('',*,*,#795,.T.);
#1200=ORIENTED_EDGE('',*,*,#755,.F.);
#1201=ORIENTED_EDGE('',*,*,#716,.T.);
#1202=ORIENTED_EDGE('',*,*,#806,.T.);
#1203=ORIENTED_EDGE('',*,*,#764,.F.);
#1204=ORIENTED_EDGE('',*,*,#806,.F.);
#1205=SPHERICAL_SURFACE('',#1304,4.90000000000001);
#1206=SPHERICAL_SURFACE('',#1344,2.77500000000001);
#1207=SPHERICAL_SURFACE('',#1430,2.77500000000001);
#1208=SPHERICAL_SURFACE('',#1458,1.9875);
#1209=SPHERICAL_SURFACE('',#1460,1.9875);
#1210=SPHERICAL_SURFACE('',#1461,1.9875);
#1211=SPHERICAL_SURFACE('',#1464,4.90000000000001);
#1212=SPHERICAL_SURFACE('',#1483,1.9875);
#1213=SPHERICAL_SURFACE('',#1485,1.9875);
#1214=SPHERICAL_SURFACE('',#1486,1.9875);
#1215=SPHERICAL_SURFACE('',#1495,1.9875);
#1216=SPHERICAL_SURFACE('',#1510,1.9875);
#1217=SPHERICAL_SURFACE('',#1511,1.9875);
#1218=ADVANCED_FACE('',(#211,#208),#1205,.T.);
#1219=ADVANCED_FACE('',(#212),#1206,.F.);
#1220=ADVANCED_FACE('',(#213),#168,.T.);
#1221=ADVANCED_FACE('',(#214),#15,.F.);
#1222=ADVANCED_FACE('',(#215),#169,.T.);
#1223=ADVANCED_FACE('',(#216),#16,.F.);
#1224=ADVANCED_FACE('',(#217),#170,.T.);
#1225=ADVANCED_FACE('',(#218),#17,.F.);
#1226=ADVANCED_FACE('',(#219),#171,.T.);
#1227=ADVANCED_FACE('',(#220),#18,.F.);
#1228=ADVANCED_FACE('',(#221),#172,.T.);
#1229=ADVANCED_FACE('',(#222),#19,.F.);
#1230=ADVANCED_FACE('',(#223),#173,.T.);
#1231=ADVANCED_FACE('',(#224),#20,.F.);
#1232=ADVANCED_FACE('',(#225),#174,.F.);
#1233=ADVANCED_FACE('',(#226),#175,.F.);
#1234=ADVANCED_FACE('',(#227),#176,.F.);
#1235=ADVANCED_FACE('',(#228),#177,.F.);
#1236=ADVANCED_FACE('',(#229),#178,.F.);
#1237=ADVANCED_FACE('',(#230),#179,.F.);
#1238=ADVANCED_FACE('',(#231),#180,.T.);
#1239=ADVANCED_FACE('',(#232),#181,.T.);
#1240=ADVANCED_FACE('',(#233),#182,.T.);
#1241=ADVANCED_FACE('',(#234,#209),#183,.T.);
#1242=ADVANCED_FACE('',(#235),#21,.T.);
#1243=ADVANCED_FACE('',(#236),#22,.T.);
#1244=ADVANCED_FACE('',(#237),#23,.T.);
#1245=ADVANCED_FACE('',(#238),#24,.T.);
#1246=ADVANCED_FACE('',(#239),#25,.T.);
#1247=ADVANCED_FACE('',(#240),#26,.T.);
#1248=ADVANCED_FACE('',(#241),#184,.F.);
#1249=ADVANCED_FACE('',(#242),#185,.F.);
#1250=ADVANCED_FACE('',(#243),#186,.T.);
#1251=ADVANCED_FACE('',(#244),#187,.T.);
#1252=ADVANCED_FACE('',(#245),#27,.F.);
#1253=ADVANCED_FACE('',(#246),#188,.F.);
#1254=ADVANCED_FACE('',(#247),#28,.F.);
#1255=ADVANCED_FACE('',(#248),#189,.F.);
#1256=ADVANCED_FACE('',(#249,#210),#1207,.F.);
#1257=ADVANCED_FACE('',(#250),#1208,.F.);
#1258=ADVANCED_FACE('',(#251),#1209,.F.);
#1259=ADVANCED_FACE('',(#252),#1210,.F.);
#1260=ADVANCED_FACE('',(#253),#1211,.T.);
#1261=ADVANCED_FACE('',(#254),#190,.F.);
#1262=ADVANCED_FACE('',(#255),#191,.F.);
#1263=ADVANCED_FACE('',(#256),#192,.F.);
#1264=ADVANCED_FACE('',(#257),#193,.T.);
#1265=ADVANCED_FACE('',(#258),#194,.T.);
#1266=ADVANCED_FACE('',(#259),#29,.F.);
#1267=ADVANCED_FACE('',(#260),#195,.F.);
#1268=ADVANCED_FACE('',(#261),#30,.F.);
#1269=ADVANCED_FACE('',(#262),#196,.F.);
#1270=ADVANCED_FACE('',(#263),#1212,.F.);
#1271=ADVANCED_FACE('',(#264),#1213,.F.);
#1272=ADVANCED_FACE('',(#265),#1214,.F.);
#1273=ADVANCED_FACE('',(#266),#197,.F.);
#1274=ADVANCED_FACE('',(#267),#198,.F.);
#1275=ADVANCED_FACE('',(#268),#199,.F.);
#1276=ADVANCED_FACE('',(#269),#200,.F.);
#1277=ADVANCED_FACE('',(#270),#201,.F.);
#1278=ADVANCED_FACE('',(#271),#1215,.F.);
#1279=ADVANCED_FACE('',(#272),#202,.F.);
#1280=ADVANCED_FACE('',(#273),#203,.F.);
#1281=ADVANCED_FACE('',(#274),#204,.T.);
#1282=ADVANCED_FACE('',(#275),#205,.T.);
#1283=ADVANCED_FACE('',(#276),#31,.F.);
#1284=ADVANCED_FACE('',(#277),#206,.F.);
#1285=ADVANCED_FACE('',(#278),#32,.F.);
#1286=ADVANCED_FACE('',(#279),#207,.F.);
#1287=ADVANCED_FACE('',(#280),#1216,.F.);
#1288=ADVANCED_FACE('',(#281),#1217,.F.);
#1289=ADVANCED_FACE('',(#282),#33,.F.);
#1290=CLOSED_SHELL('',(#1218,#1219,#1220,#1221,#1222,#1223,#1224,#1225,
#1226,#1227,#1228,#1229,#1230,#1231,#1232,#1233,#1234,#1235,#1236,#1237,
#1238,#1239,#1240,#1241,#1242,#1243,#1244,#1245,#1246,#1247,#1248,#1249,
#1250,#1251,#1252,#1253,#1254,#1255,#1256,#1257,#1258,#1259,#1260,#1261,
#1262,#1263,#1264,#1265,#1266,#1267,#1268,#1269,#1270,#1271,#1272,#1273,
#1274,#1275,#1276,#1277,#1278,#1279,#1280,#1281,#1282,#1283,#1284,#1285,
#1286,#1287,#1288,#1289));
#1291=DERIVED_UNIT_ELEMENT(#1293,1.);
#1292=DERIVED_UNIT_ELEMENT(#2498,-3.);
#1293=(
MASS_UNIT()
NAMED_UNIT(*)
SI_UNIT(.KILO.,.GRAM.)
);
#1294=DERIVED_UNIT((#1291,#1292));
#1295=MEASURE_REPRESENTATION_ITEM('density measure',
POSITIVE_RATIO_MEASURE(7850.),#1294);
#1296=PROPERTY_DEFINITION_REPRESENTATION(#1301,#1298);
#1297=PROPERTY_DEFINITION_REPRESENTATION(#1302,#1299);
#1298=REPRESENTATION('material name',(#1300),#2495);
#1299=REPRESENTATION('density',(#1295),#2495);
#1300=DESCRIPTIVE_REPRESENTATION_ITEM('\X2\94A2\X0\','\X2\94A2\X0\');
#1301=PROPERTY_DEFINITION('material property','material name',#2505);
#1302=PROPERTY_DEFINITION('material property','density of part',#2505);
#1303=AXIS2_PLACEMENT_3D('',#1988,#1513,#1514);
#1304=AXIS2_PLACEMENT_3D('',#1989,#1515,#1516);
#1305=AXIS2_PLACEMENT_3D('',#1992,#1517,#1518);
#1306=AXIS2_PLACEMENT_3D('',#1994,#1519,#1520);
#1307=AXIS2_PLACEMENT_3D('',#1996,#1521,#1522);
#1308=AXIS2_PLACEMENT_3D('',#2017,#1523,#1524);
#1309=AXIS2_PLACEMENT_3D('',#2019,#1525,#1526);
#1310=AXIS2_PLACEMENT_3D('',#2021,#1527,#1528);
#1311=AXIS2_PLACEMENT_3D('',#2042,#1529,#1530);
#1312=AXIS2_PLACEMENT_3D('',#2044,#1531,#1532);
#1313=AXIS2_PLACEMENT_3D('',#2046,#1533,#1534);
#1314=AXIS2_PLACEMENT_3D('',#2048,#1535,#1536);
#1315=AXIS2_PLACEMENT_3D('',#2050,#1537,#1538);
#1316=AXIS2_PLACEMENT_3D('',#2052,#1539,#1540);
#1317=AXIS2_PLACEMENT_3D('',#2073,#1541,#1542);
#1318=AXIS2_PLACEMENT_3D('',#2075,#1543,#1544);
#1319=AXIS2_PLACEMENT_3D('',#2077,#1545,#1546);
#1320=AXIS2_PLACEMENT_3D('',#2098,#1547,#1548);
#1321=AXIS2_PLACEMENT_3D('',#2100,#1549,#1550);
#1322=AXIS2_PLACEMENT_3D('',#2102,#1551,#1552);
#1323=AXIS2_PLACEMENT_3D('',#2104,#1553,#1554);
#1324=AXIS2_PLACEMENT_3D('',#2106,#1555,#1556);
#1325=AXIS2_PLACEMENT_3D('',#2108,#1557,#1558);
#1326=AXIS2_PLACEMENT_3D('',#2121,#1559,#1560);
#1327=AXIS2_PLACEMENT_3D('',#2134,#1561,#1562);
#1328=AXIS2_PLACEMENT_3D('',#2136,#1563,#1564);
#1329=AXIS2_PLACEMENT_3D('',#2138,#1565,#1566);
#1330=AXIS2_PLACEMENT_3D('',#2159,#1567,#1568);
#1331=AXIS2_PLACEMENT_3D('',#2160,#1569,#1570);
#1332=AXIS2_PLACEMENT_3D('',#2163,#1571,#1572);
#1333=AXIS2_PLACEMENT_3D('',#2165,#1573,#1574);
#1334=AXIS2_PLACEMENT_3D('',#2167,#1575,#1576);
#1335=AXIS2_PLACEMENT_3D('',#2169,#1577,#1578);
#1336=AXIS2_PLACEMENT_3D('',#2171,#1579,#1580);
#1337=AXIS2_PLACEMENT_3D('',#2173,#1581,#1582);
#1338=AXIS2_PLACEMENT_3D('',#2175,#1583,#1584);
#1339=AXIS2_PLACEMENT_3D('',#2177,#1585,#1586);
#1340=AXIS2_PLACEMENT_3D('',#2179,#1587,#1588);
#1341=AXIS2_PLACEMENT_3D('',#2181,#1589,#1590);
#1342=AXIS2_PLACEMENT_3D('',#2183,#1591,#1592);
#1343=AXIS2_PLACEMENT_3D('',#2184,#1593,#1594);
#1344=AXIS2_PLACEMENT_3D('',#2185,#1595,#1596);
#1345=AXIS2_PLACEMENT_3D('',#2188,#1597,#1598);
#1346=AXIS2_PLACEMENT_3D('',#2190,#1599,#1600);
#1347=AXIS2_PLACEMENT_3D('',#2192,#1601,#1602);
#1348=AXIS2_PLACEMENT_3D('',#2194,#1603,#1604);
#1349=AXIS2_PLACEMENT_3D('',#2195,#1605,#1606);
#1350=AXIS2_PLACEMENT_3D('',#2196,#1607,#1608);
#1351=AXIS2_PLACEMENT_3D('',#2198,#1609,#1610);
#1352=AXIS2_PLACEMENT_3D('',#2200,#1611,#1612);
#1353=AXIS2_PLACEMENT_3D('',#2203,#1614,#1615);
#1354=AXIS2_PLACEMENT_3D('',#2205,#1616,#1617);
#1355=AXIS2_PLACEMENT_3D('',#2207,#1619,#1620);
#1356=AXIS2_PLACEMENT_3D('',#2208,#1621,#1622);
#1357=AXIS2_PLACEMENT_3D('',#2209,#1623,#1624);
#1358=AXIS2_PLACEMENT_3D('',#2211,#1625,#1626);
#1359=AXIS2_PLACEMENT_3D('',#2213,#1627,#1628);
#1360=AXIS2_PLACEMENT_3D('',#2216,#1630,#1631);
#1361=AXIS2_PLACEMENT_3D('',#2218,#1632,#1633);
#1362=AXIS2_PLACEMENT_3D('',#2220,#1635,#1636);
#1363=AXIS2_PLACEMENT_3D('',#2221,#1637,#1638);
#1364=AXIS2_PLACEMENT_3D('',#2222,#1639,#1640);
#1365=AXIS2_PLACEMENT_3D('',#2224,#1641,#1642);
#1366=AXIS2_PLACEMENT_3D('',#2226,#1643,#1644);
#1367=AXIS2_PLACEMENT_3D('',#2229,#1646,#1647);
#1368=AXIS2_PLACEMENT_3D('',#2231,#1648,#1649);
#1369=AXIS2_PLACEMENT_3D('',#2233,#1651,#1652);
#1370=AXIS2_PLACEMENT_3D('',#2234,#1653,#1654);
#1371=AXIS2_PLACEMENT_3D('',#2235,#1655,#1656);
#1372=AXIS2_PLACEMENT_3D('',#2236,#1657,#1658);
#1373=AXIS2_PLACEMENT_3D('',#2238,#1659,#1660);
#1374=AXIS2_PLACEMENT_3D('',#2241,#1662,#1663);
#1375=AXIS2_PLACEMENT_3D('',#2242,#1664,#1665);
#1376=AXIS2_PLACEMENT_3D('',#2243,#1666,#1667);
#1377=AXIS2_PLACEMENT_3D('',#2244,#1668,#1669);
#1378=AXIS2_PLACEMENT_3D('',#2246,#1670,#1671);
#1379=AXIS2_PLACEMENT_3D('',#2249,#1673,#1674);
#1380=AXIS2_PLACEMENT_3D('',#2250,#1675,#1676);
#1381=AXIS2_PLACEMENT_3D('',#2251,#1677,#1678);
#1382=AXIS2_PLACEMENT_3D('',#2252,#1679,#1680);
#1383=AXIS2_PLACEMENT_3D('',#2254,#1681,#1682);
#1384=AXIS2_PLACEMENT_3D('',#2257,#1684,#1685);
#1385=AXIS2_PLACEMENT_3D('',#2258,#1686,#1687);
#1386=AXIS2_PLACEMENT_3D('',#2259,#1688,#1689);
#1387=AXIS2_PLACEMENT_3D('',#2265,#1693,#1694);
#1388=AXIS2_PLACEMENT_3D('',#2271,#1698,#1699);
#1389=AXIS2_PLACEMENT_3D('',#2277,#1703,#1704);
#1390=AXIS2_PLACEMENT_3D('',#2283,#1708,#1709);
#1391=AXIS2_PLACEMENT_3D('',#2289,#1713,#1714);
#1392=AXIS2_PLACEMENT_3D('',#2295,#1718,#1719);
#1393=AXIS2_PLACEMENT_3D('',#2296,#1720,#1721);
#1394=AXIS2_PLACEMENT_3D('',#2297,#1722,#1723);
#1395=AXIS2_PLACEMENT_3D('',#2298,#1724,#1725);
#1396=AXIS2_PLACEMENT_3D('',#2299,#1726,#1727);
#1397=AXIS2_PLACEMENT_3D('',#2300,#1728,#1729);
#1398=AXIS2_PLACEMENT_3D('',#2301,#1730,#1731);
#1399=AXIS2_PLACEMENT_3D('',#2302,#1732,#1733);
#1400=AXIS2_PLACEMENT_3D('',#2303,#1734,#1735);
#1401=AXIS2_PLACEMENT_3D('',#2304,#1736,#1737);
#1402=AXIS2_PLACEMENT_3D('',#2306,#1738,#1739);
#1403=AXIS2_PLACEMENT_3D('',#2307,#1740,#1741);
#1404=AXIS2_PLACEMENT_3D('',#2308,#1742,#1743);
#1405=AXIS2_PLACEMENT_3D('',#2309,#1744,#1745);
#1406=AXIS2_PLACEMENT_3D('',#2310,#1746,#1747);
#1407=AXIS2_PLACEMENT_3D('',#2311,#1748,#1749);
#1408=AXIS2_PLACEMENT_3D('',#2312,#1750,#1751);
#1409=AXIS2_PLACEMENT_3D('',#2313,#1752,#1753);
#1410=AXIS2_PLACEMENT_3D('',#2319,#1756,#1757);
#1411=AXIS2_PLACEMENT_3D('',#2320,#1758,#1759);
#1412=AXIS2_PLACEMENT_3D('',#2321,#1760,#1761);
#1413=AXIS2_PLACEMENT_3D('',#2327,#1764,#1765);
#1414=AXIS2_PLACEMENT_3D('',#2328,#1766,#1767);
#1415=AXIS2_PLACEMENT_3D('',#2329,#1768,#1769);
#1416=AXIS2_PLACEMENT_3D('',#2331,#1770,#1771);
#1417=AXIS2_PLACEMENT_3D('',#2333,#1772,#1773);
#1418=AXIS2_PLACEMENT_3D('',#2336,#1775,#1776);
#1419=AXIS2_PLACEMENT_3D('',#2337,#1777,#1778);
#1420=AXIS2_PLACEMENT_3D('',#2339,#1779,#1780);
#1421=AXIS2_PLACEMENT_3D('',#2341,#1781,#1782);
#1422=AXIS2_PLACEMENT_3D('',#2343,#1784,#1785);
#1423=AXIS2_PLACEMENT_3D('',#2345,#1787,#1788);
#1424=AXIS2_PLACEMENT_3D('',#2347,#1789,#1790);
#1425=AXIS2_PLACEMENT_3D('',#2348,#1791,#1792);
#1426=AXIS2_PLACEMENT_3D('',#2349,#1793,#1794);
#1427=AXIS2_PLACEMENT_3D('',#2351,#1796,#1797);
#1428=AXIS2_PLACEMENT_3D('',#2353,#1798,#1799);
#1429=AXIS2_PLACEMENT_3D('',#2354,#1800,#1801);
#1430=AXIS2_PLACEMENT_3D('',#2355,#1802,#1803);
#1431=AXIS2_PLACEMENT_3D('',#2356,#1804,#1805);
#1432=AXIS2_PLACEMENT_3D('',#2357,#1806,#1807);
#1433=AXIS2_PLACEMENT_3D('',#2359,#1808,#1809);
#1434=AXIS2_PLACEMENT_3D('',#2361,#1810,#1811);
#1435=AXIS2_PLACEMENT_3D('',#2363,#1812,#1813);
#1436=AXIS2_PLACEMENT_3D('',#2365,#1814,#1815);
#1437=AXIS2_PLACEMENT_3D('',#2367,#1816,#1817);
#1438=AXIS2_PLACEMENT_3D('',#2369,#1818,#1819);
#1439=AXIS2_PLACEMENT_3D('',#2371,#1820,#1821);
#1440=AXIS2_PLACEMENT_3D('',#2373,#1822,#1823);
#1441=AXIS2_PLACEMENT_3D('',#2375,#1824,#1825);
#1442=AXIS2_PLACEMENT_3D('',#2377,#1826,#1827);
#1443=AXIS2_PLACEMENT_3D('',#2379,#1828,#1829);
#1444=AXIS2_PLACEMENT_3D('',#2381,#1830,#1831);
#1445=AXIS2_PLACEMENT_3D('',#2383,#1832,#1833);
#1446=AXIS2_PLACEMENT_3D('',#2385,#1834,#1835);
#1447=AXIS2_PLACEMENT_3D('',#2387,#1836,#1837);
#1448=AXIS2_PLACEMENT_3D('',#2389,#1838,#1839);
#1449=AXIS2_PLACEMENT_3D('',#2391,#1840,#1841);
#1450=AXIS2_PLACEMENT_3D('',#2393,#1842,#1843);
#1451=AXIS2_PLACEMENT_3D('',#2395,#1844,#1845);
#1452=AXIS2_PLACEMENT_3D('',#2397,#1846,#1847);
#1453=AXIS2_PLACEMENT_3D('',#2399,#1848,#1849);
#1454=AXIS2_PLACEMENT_3D('',#2401,#1850,#1851);
#1455=AXIS2_PLACEMENT_3D('',#2403,#1852,#1853);
#1456=AXIS2_PLACEMENT_3D('',#2404,#1854,#1855);
#1457=AXIS2_PLACEMENT_3D('',#2406,#1856,#1857);
#1458=AXIS2_PLACEMENT_3D('',#2407,#1858,#1859);
#1459=AXIS2_PLACEMENT_3D('',#2408,#1860,#1861);
#1460=AXIS2_PLACEMENT_3D('',#2409,#1862,#1863);
#1461=AXIS2_PLACEMENT_3D('',#2410,#1864,#1865);
#1462=AXIS2_PLACEMENT_3D('',#2412,#1866,#1867);
#1463=AXIS2_PLACEMENT_3D('',#2413,#1868,#1869);
#1464=AXIS2_PLACEMENT_3D('',#2414,#1870,#1871);
#1465=AXIS2_PLACEMENT_3D('',#2416,#1872,#1873);
#1466=AXIS2_PLACEMENT_3D('',#2418,#1874,#1875);
#1467=AXIS2_PLACEMENT_3D('',#2419,#1876,#1877);
#1468=AXIS2_PLACEMENT_3D('',#2420,#1878,#1879);
#1469=AXIS2_PLACEMENT_3D('',#2422,#1881,#1882);
#1470=AXIS2_PLACEMENT_3D('',#2426,#1885,#1886);
#1471=AXIS2_PLACEMENT_3D('',#2427,#1887,#1888);
#1472=AXIS2_PLACEMENT_3D('',#2431,#1891,#1892);
#1473=AXIS2_PLACEMENT_3D('',#2432,#1893,#1894);
#1474=AXIS2_PLACEMENT_3D('',#2434,#1895,#1896);
#1475=AXIS2_PLACEMENT_3D('',#2436,#1898,#1899);
#1476=AXIS2_PLACEMENT_3D('',#2438,#1900,#1901);
#1477=AXIS2_PLACEMENT_3D('',#2440,#1903,#1904);
#1478=AXIS2_PLACEMENT_3D('',#2442,#1906,#1907);
#1479=AXIS2_PLACEMENT_3D('',#2443,#1908,#1909);
#1480=AXIS2_PLACEMENT_3D('',#2444,#1910,#1911);
#1481=AXIS2_PLACEMENT_3D('',#2446,#1913,#1914);
#1482=AXIS2_PLACEMENT_3D('',#2447,#1915,#1916);
#1483=AXIS2_PLACEMENT_3D('',#2448,#1917,#1918);
#1484=AXIS2_PLACEMENT_3D('',#2449,#1919,#1920);
#1485=AXIS2_PLACEMENT_3D('',#2450,#1921,#1922);
#1486=AXIS2_PLACEMENT_3D('',#2451,#1923,#1924);
#1487=AXIS2_PLACEMENT_3D('',#2452,#1925,#1926);
#1488=AXIS2_PLACEMENT_3D('',#2453,#1927,#1928);
#1489=AXIS2_PLACEMENT_3D('',#2455,#1930,#1931);
#1490=AXIS2_PLACEMENT_3D('',#2456,#1932,#1933);
#1491=AXIS2_PLACEMENT_3D('',#2457,#1934,#1935);
#1492=AXIS2_PLACEMENT_3D('',#2458,#1936,#1937);
#1493=AXIS2_PLACEMENT_3D('',#2460,#1939,#1940);
#1494=AXIS2_PLACEMENT_3D('',#2461,#1941,#1942);
#1495=AXIS2_PLACEMENT_3D('',#2462,#1943,#1944);
#1496=AXIS2_PLACEMENT_3D('',#2463,#1945,#1946);
#1497=AXIS2_PLACEMENT_3D('',#2464,#1947,#1948);
#1498=AXIS2_PLACEMENT_3D('',#2468,#1951,#1952);
#1499=AXIS2_PLACEMENT_3D('',#2469,#1953,#1954);
#1500=AXIS2_PLACEMENT_3D('',#2473,#1957,#1958);
#1501=AXIS2_PLACEMENT_3D('',#2474,#1959,#1960);
#1502=AXIS2_PLACEMENT_3D('',#2476,#1961,#1962);
#1503=AXIS2_PLACEMENT_3D('',#2478,#1964,#1965);
#1504=AXIS2_PLACEMENT_3D('',#2480,#1966,#1967);
#1505=AXIS2_PLACEMENT_3D('',#2482,#1969,#1970);
#1506=AXIS2_PLACEMENT_3D('',#2484,#1972,#1973);
#1507=AXIS2_PLACEMENT_3D('',#2485,#1974,#1975);
#1508=AXIS2_PLACEMENT_3D('',#2486,#1976,#1977);
#1509=AXIS2_PLACEMENT_3D('',#2488,#1979,#1980);
#1510=AXIS2_PLACEMENT_3D('',#2489,#1981,#1982);
#1511=AXIS2_PLACEMENT_3D('',#2490,#1983,#1984);
#1512=AXIS2_PLACEMENT_3D('',#2491,#1985,#1986);
#1513=DIRECTION('axis',(0.,0.,1.));
#1514=DIRECTION('refdir',(1.,0.,0.));
#1515=DIRECTION('center_axis',(1.,-6.12323399573677E-17,0.));
#1516=DIRECTION('ref_axis',(0.,-1.,0.));
#1517=DIRECTION('center_axis',(0.,-1.22464679914735E-16,1.));
#1518=DIRECTION('ref_axis',(0.,1.,1.22464679914735E-16));
#1519=DIRECTION('center_axis',(-1.,0.,0.));
#1520=DIRECTION('ref_axis',(0.,0.,-1.));
#1521=DIRECTION('center_axis',(0.,1.,0.));
#1522=DIRECTION('ref_axis',(0.,0.,-1.));
#1523=DIRECTION('center_axis',(0.,-1.,-6.30808536718839E-17));
#1524=DIRECTION('ref_axis',(0.,-6.30808536718839E-17,1.));
#1525=DIRECTION('center_axis',(-1.,0.,0.));
#1526=DIRECTION('ref_axis',(0.,0.,-1.));
#1527=DIRECTION('center_axis',(0.,0.,-1.));
#1528=DIRECTION('ref_axis',(0.,-1.,0.));
#1529=DIRECTION('center_axis',(0.,-6.30808536718839E-17,1.));
#1530=DIRECTION('ref_axis',(0.,1.,6.30808536718839E-17));
#1531=DIRECTION('center_axis',(-1.,0.,0.));
#1532=DIRECTION('ref_axis',(0.,0.,-1.));
#1533=DIRECTION('center_axis',(0.0302161784251603,-0.675921537492966,0.736353894343286));
#1534=DIRECTION('ref_axis',(0.,0.736690276676288,0.676230313022579));
#1535=DIRECTION('center_axis',(0.736353894343286,-0.675921537492966,0.0302161784251601));
#1536=DIRECTION('ref_axis',(0.,0.0446590760005695,0.999002285748524));
#1537=DIRECTION('center_axis',(-6.83705689984991E-16,-4.75039671867493E-15,
-1.));
#1538=DIRECTION('ref_axis',(0.,-1.,4.75039671867493E-15));
#1539=DIRECTION('center_axis',(1.,2.77555756156289E-16,-4.44089209850063E-16));
#1540=DIRECTION('ref_axis',(4.44089209850063E-16,0.,1.));
#1541=DIRECTION('center_axis',(-1.,-3.40636609828173E-16,4.44089209850063E-16));
#1542=DIRECTION('ref_axis',(-4.44089209850063E-16,0.,-1.));
#1543=DIRECTION('center_axis',(-6.83705689984991E-16,-4.75039671867493E-15,
-1.));
#1544=DIRECTION('ref_axis',(0.,-1.,4.75039671867493E-15));
#1545=DIRECTION('center_axis',(2.77555756156289E-16,-1.,2.77555756156289E-16));
#1546=DIRECTION('ref_axis',(0.,2.77555756156289E-16,1.));
#1547=DIRECTION('center_axis',(-3.40636609828173E-16,1.,-2.77555756156289E-16));
#1548=DIRECTION('ref_axis',(0.,-2.77555756156289E-16,-1.));
#1549=DIRECTION('center_axis',(-6.83705689984991E-16,-4.75039671867493E-15,
-1.));
#1550=DIRECTION('ref_axis',(0.,-1.,4.75039671867493E-15));
#1551=DIRECTION('center_axis',(-0.675921537492966,0.736353894343286,0.0302161784251601));
#1552=DIRECTION('ref_axis',(0.,0.041000354364658,-0.99915913194144));
#1553=DIRECTION('center_axis',(-0.675921537492966,0.03021617842516,0.736353894343286));
#1554=DIRECTION('ref_axis',(0.,0.99915913194144,-0.0410003543646578));
#1555=DIRECTION('center_axis',(-4.60822427379485E-15,-1.,3.93130771741368E-15));
#1556=DIRECTION('ref_axis',(0.,3.93130771741368E-15,1.));
#1557=DIRECTION('center_axis',(8.32667268468867E-16,-2.22044604925031E-16,
1.));
#1558=DIRECTION('ref_axis',(0.,1.,2.22044604925031E-16));
#1559=DIRECTION('center_axis',(0.,-1.22464679914735E-16,1.));
#1560=DIRECTION('ref_axis',(0.,1.,1.22464679914735E-16));
#1561=DIRECTION('center_axis',(-8.95748122140751E-16,2.22044604925031E-16,
-1.));
#1562=DIRECTION('ref_axis',(0.,-1.,-2.22044604925031E-16));
#1563=DIRECTION('center_axis',(-4.60822427379485E-15,-1.,3.93130771741368E-15));
#1564=DIRECTION('ref_axis',(0.,3.93130771741368E-15,1.));
#1565=DIRECTION('center_axis',(-1.,5.55111512312576E-17,8.32667268468867E-16));
#1566=DIRECTION('ref_axis',(-8.32667268468867E-16,0.,-1.));
#1567=DIRECTION('center_axis',(1.,-5.55111512312576E-17,-8.95748122140751E-16));
#1568=DIRECTION('ref_axis',(8.95748122140751E-16,0.,1.));
#1569=DIRECTION('center_axis',(-4.60822427379485E-15,-1.,3.93130771741368E-15));
#1570=DIRECTION('ref_axis',(0.,3.93130771741368E-15,1.));
#1571=DIRECTION('center_axis',(-0.577350269189626,-0.577350269189626,-0.577350269189626));
#1572=DIRECTION('ref_axis',(0.816496580927726,-0.408248290463863,-0.408248290463863));
#1573=DIRECTION('center_axis',(-0.577350269189626,-0.577350269189626,-0.577350269189626));
#1574=DIRECTION('ref_axis',(0.816496580927726,-0.408248290463863,-0.408248290463863));
#1575=DIRECTION('center_axis',(-0.577350269189626,-0.577350269189626,-0.577350269189626));
#1576=DIRECTION('ref_axis',(0.816496580927726,-0.408248290463863,-0.408248290463863));
#1577=DIRECTION('center_axis',(-0.577350269189626,-0.577350269189626,-0.577350269189626));
#1578=DIRECTION('ref_axis',(0.816496580927726,-0.408248290463863,-0.408248290463863));
#1579=DIRECTION('center_axis',(-0.577350269189626,-0.577350269189626,-0.577350269189626));
#1580=DIRECTION('ref_axis',(0.816496580927726,-0.408248290463863,-0.408248290463863));
#1581=DIRECTION('center_axis',(-0.577350269189626,-0.577350269189626,-0.577350269189626));
#1582=DIRECTION('ref_axis',(0.816496580927726,-0.408248290463863,-0.408248290463863));
#1583=DIRECTION('center_axis',(-0.577350269189626,-0.577350269189626,-0.577350269189626));
#1584=DIRECTION('ref_axis',(0.816496580927726,-0.408248290463863,-0.408248290463863));
#1585=DIRECTION('center_axis',(-0.577350269189626,-0.577350269189626,-0.577350269189626));
#1586=DIRECTION('ref_axis',(0.816496580927726,-0.408248290463863,-0.408248290463863));
#1587=DIRECTION('center_axis',(-0.577350269189626,-0.577350269189626,-0.577350269189626));
#1588=DIRECTION('ref_axis',(0.816496580927726,-0.408248290463863,-0.408248290463863));
#1589=DIRECTION('center_axis',(-0.577350269189626,-0.577350269189626,-0.577350269189626));
#1590=DIRECTION('ref_axis',(0.816496580927726,-0.408248290463863,-0.408248290463863));
#1591=DIRECTION('center_axis',(-0.577350269189626,-0.577350269189626,-0.577350269189626));
#1592=DIRECTION('ref_axis',(0.816496580927726,-0.408248290463863,-0.408248290463863));
#1593=DIRECTION('center_axis',(-0.577350269189626,-0.577350269189626,-0.577350269189626));
#1594=DIRECTION('ref_axis',(0.816496580927726,-0.408248290463863,-0.408248290463863));
#1595=DIRECTION('center_axis',(1.,-6.12323399573677E-17,0.));
#1596=DIRECTION('ref_axis',(0.,-1.,0.));
#1597=DIRECTION('center_axis',(0.,-1.22464679914735E-16,1.));
#1598=DIRECTION('ref_axis',(0.,1.,1.22464679914735E-16));
#1599=DIRECTION('center_axis',(1.,0.,0.));
#1600=DIRECTION('ref_axis',(0.,0.,1.));
#1601=DIRECTION('center_axis',(-0.03021617842516,-0.736353894343286,0.675921537492966));
#1602=DIRECTION('ref_axis',(0.,-0.676230313022578,-0.736690276676288));
#1603=DIRECTION('center_axis',(-0.736353894343286,-0.0302161784251603,0.675921537492966));
#1604=DIRECTION('ref_axis',(0.,-0.999002285748524,-0.0446590760005698));
#1605=DIRECTION('center_axis',(4.60822427379485E-15,1.,-3.93130771741368E-15));
#1606=DIRECTION('ref_axis',(0.,-3.93130771741368E-15,-1.));
#1607=DIRECTION('center_axis',(-0.696923425058676,0.169101978725765,-0.696923425058675));
#1608=DIRECTION('ref_axis',(-0.707106781186547,0.,0.707106781186548));
#1609=DIRECTION('center_axis',(0.696923425058676,-0.169101978725765,0.696923425058675));
#1610=DIRECTION('ref_axis',(-0.119573155869051,-0.985598559653489,-0.119573155869051));
#1611=DIRECTION('center_axis',(-0.696923425058676,0.169101978725765,-0.696923425058675));
#1612=DIRECTION('ref_axis',(0.119573155869051,0.985598559653488,0.119573155869051));
#1613=DIRECTION('',(-0.707106781186547,-2.77555756156289E-16,0.707106781186548));
#1614=DIRECTION('center_axis',(-0.696923425058676,0.169101978725765,-0.696923425058675));
#1615=DIRECTION('ref_axis',(0.119573155869051,0.985598559653488,0.119573155869051));
#1616=DIRECTION('center_axis',(0.696923425058676,-0.169101978725765,0.696923425058675));
#1617=DIRECTION('ref_axis',(-0.119573155869051,-0.985598559653489,-0.119573155869051));
#1618=DIRECTION('',(-0.707106781186547,-2.22044604925031E-16,0.707106781186548));
#1619=DIRECTION('center_axis',(0.577350269189626,0.577350269189626,0.577350269189626));
#1620=DIRECTION('ref_axis',(0.707106781186547,-0.707106781186547,1.43126749692126E-18));
#1621=DIRECTION('center_axis',(0.11957315586905,0.985598559653489,0.119573155869051));
#1622=DIRECTION('ref_axis',(0.696923425058676,-0.169101978725763,0.696923425058676));
#1623=DIRECTION('center_axis',(-0.119573155869051,-0.119573155869051,-0.985598559653489));
#1624=DIRECTION('ref_axis',(-0.992720942572127,0.,0.120437245811703));
#1625=DIRECTION('center_axis',(0.119573155869051,0.119573155869051,0.985598559653489));
#1626=DIRECTION('ref_axis',(0.696923425058676,0.696923425058676,-0.169101978725763));
#1627=DIRECTION('center_axis',(-0.119573155869051,-0.119573155869051,-0.985598559653489));
#1628=DIRECTION('ref_axis',(0.696923425058676,0.696923425058676,-0.169101978725763));
#1629=DIRECTION('',(-0.707106781186548,0.707106781186547,-1.85037170770859E-17));
#1630=DIRECTION('center_axis',(-0.119573155869051,-0.119573155869051,-0.985598559653489));
#1631=DIRECTION('ref_axis',(0.696923425058676,0.696923425058676,-0.169101978725763));
#1632=DIRECTION('center_axis',(0.119573155869051,0.119573155869051,0.985598559653489));
#1633=DIRECTION('ref_axis',(0.696923425058676,0.696923425058676,-0.169101978725763));
#1634=DIRECTION('',(-0.707106781186548,0.707106781186547,-3.70074341541719E-17));
#1635=DIRECTION('center_axis',(0.577350269189626,0.577350269189626,0.577350269189626));
#1636=DIRECTION('ref_axis',(0.707106781186547,-0.707106781186547,1.43126749692126E-18));
#1637=DIRECTION('center_axis',(0.696923425058676,0.696923425058676,-0.169101978725764));
#1638=DIRECTION('ref_axis',(-0.119573155869051,-0.119573155869051,-0.985598559653489));
#1639=DIRECTION('center_axis',(-0.985598559653488,-0.119573155869053,-0.119573155869052));
#1640=DIRECTION('ref_axis',(-0.120437245811705,0.,0.992720942572126));
#1641=DIRECTION('center_axis',(0.985598559653488,0.119573155869053,0.119573155869052));
#1642=DIRECTION('ref_axis',(0.169101978725766,-0.696923425058675,-0.696923425058676));
#1643=DIRECTION('center_axis',(-0.985598559653488,-0.119573155869053,-0.119573155869052));
#1644=DIRECTION('ref_axis',(0.169101978725766,-0.696923425058676,-0.696923425058675));
#1645=DIRECTION('',(3.60822483003176E-16,-0.707106781186548,0.707106781186548));
#1646=DIRECTION('center_axis',(-0.985598559653488,-0.119573155869053,-0.119573155869052));
#1647=DIRECTION('ref_axis',(0.169101978725766,-0.696923425058676,-0.696923425058675));
#1648=DIRECTION('center_axis',(0.985598559653488,0.119573155869053,0.119573155869052));
#1649=DIRECTION('ref_axis',(0.169101978725766,-0.696923425058675,-0.696923425058676));
#1650=DIRECTION('',(3.60822483003176E-16,-0.707106781186548,0.707106781186548));
#1651=DIRECTION('center_axis',(0.577350269189626,0.577350269189626,0.577350269189626));
#1652=DIRECTION('ref_axis',(0.707106781186547,-0.707106781186547,1.43126749692126E-18));
#1653=DIRECTION('center_axis',(-0.169101978725762,0.696923425058676,0.696923425058676));
#1654=DIRECTION('ref_axis',(0.985598559653489,0.11957315586905,0.11957315586905));
#1655=DIRECTION('center_axis',(-0.696923425058676,-0.696923425058676,0.169101978725764));
#1656=DIRECTION('ref_axis',(0.235798686573246,0.,0.971801923958958));
#1657=DIRECTION('center_axis',(0.696923425058676,0.696923425058676,-0.169101978725764));
#1658=DIRECTION('ref_axis',(-0.119573155869051,-0.119573155869051,-0.985598559653489));
#1659=DIRECTION('center_axis',(-0.696923425058676,-0.696923425058676,0.169101978725764));
#1660=DIRECTION('ref_axis',(-0.119573155869051,-0.119573155869051,-0.985598559653489));
#1661=DIRECTION('',(0.707106781186548,-0.707106781186547,1.85037170770859E-17));
#1662=DIRECTION('center_axis',(-0.696923425058676,-0.696923425058676,0.169101978725764));
#1663=DIRECTION('ref_axis',(-0.119573155869051,-0.119573155869051,-0.985598559653489));
#1664=DIRECTION('center_axis',(0.577350269189626,0.577350269189626,0.577350269189626));
#1665=DIRECTION('ref_axis',(0.707106781186547,-0.707106781186547,1.43126749692126E-18));
#1666=DIRECTION('center_axis',(-0.11957315586905,-0.985598559653489,-0.119573155869051));
#1667=DIRECTION('ref_axis',(0.,0.120437245811703,-0.992720942572127));
#1668=DIRECTION('center_axis',(0.11957315586905,0.985598559653489,0.119573155869051));
#1669=DIRECTION('ref_axis',(0.696923425058676,-0.169101978725763,0.696923425058676));
#1670=DIRECTION('center_axis',(-0.11957315586905,-0.985598559653489,-0.119573155869051));
#1671=DIRECTION('ref_axis',(-0.696923425058676,0.169101978725763,-0.696923425058675));
#1672=DIRECTION('',(0.707106781186547,2.22044604925031E-16,-0.707106781186548));
#1673=DIRECTION('center_axis',(-0.11957315586905,-0.985598559653489,-0.119573155869051));
#1674=DIRECTION('ref_axis',(-0.696923425058676,0.169101978725763,-0.696923425058675));
#1675=DIRECTION('center_axis',(0.577350269189626,0.577350269189626,0.577350269189626));
#1676=DIRECTION('ref_axis',(0.707106781186547,-0.707106781186547,1.43126749692126E-18));
#1677=DIRECTION('center_axis',(0.169101978725762,-0.696923425058676,-0.696923425058676));
#1678=DIRECTION('ref_axis',(-0.971801923958958,0.,-0.235798686573244));
#1679=DIRECTION('center_axis',(-0.169101978725762,0.696923425058676,0.696923425058676));
#1680=DIRECTION('ref_axis',(0.985598559653489,0.11957315586905,0.11957315586905));
#1681=DIRECTION('center_axis',(0.169101978725762,-0.696923425058676,-0.696923425058676));
#1682=DIRECTION('ref_axis',(0.985598559653489,0.11957315586905,0.119573155869049));
#1683=DIRECTION('',(-3.60822483003176E-16,0.707106781186548,-0.707106781186548));
#1684=DIRECTION('center_axis',(0.169101978725762,-0.696923425058676,-0.696923425058676));
#1685=DIRECTION('ref_axis',(0.985598559653489,0.11957315586905,0.119573155869049));
#1686=DIRECTION('center_axis',(0.577350269189626,0.577350269189626,0.577350269189626));
#1687=DIRECTION('ref_axis',(0.707106781186547,-0.707106781186547,1.43126749692126E-18));
#1688=DIRECTION('center_axis',(-0.408248290463863,0.816496580927726,-0.408248290463863));
#1689=DIRECTION('ref_axis',(-0.707106781186547,-1.26135076123464E-16,0.707106781186548));
#1690=DIRECTION('',(0.577350269189626,0.577350269189626,0.577350269189626));
#1691=DIRECTION('',(-0.707106781186547,-8.32667268468867E-17,0.707106781186548));
#1692=DIRECTION('',(-0.577350269189626,-0.577350269189626,-0.577350269189626));
#1693=DIRECTION('center_axis',(0.408248290463863,-0.816496580927726,0.408248290463863));
#1694=DIRECTION('ref_axis',(0.707106781186547,1.66533453693773E-16,-0.707106781186548));
#1695=DIRECTION('',(0.577350269189626,0.577350269189626,0.577350269189626));
#1696=DIRECTION('',(0.707106781186547,1.38777878078145E-16,-0.707106781186548));
#1697=DIRECTION('',(-0.577350269189626,-0.577350269189626,-0.577350269189626));
#1698=DIRECTION('center_axis',(0.408248290463863,0.408248290463863,-0.816496580927726));
#1699=DIRECTION('ref_axis',(-0.707106781186548,0.707106781186548,0.));
#1700=DIRECTION('',(0.577350269189626,0.577350269189626,0.577350269189626));
#1701=DIRECTION('',(-0.707106781186548,0.707106781186548,0.));
#1702=DIRECTION('',(-0.577350269189626,-0.577350269189626,-0.577350269189626));
#1703=DIRECTION('center_axis',(-0.408248290463863,-0.408248290463863,0.816496580927726));
#1704=DIRECTION('ref_axis',(0.707106781186548,-0.707106781186548,4.03983775703091E-17));
#1705=DIRECTION('',(0.577350269189626,0.577350269189626,0.577350269189626));
#1706=DIRECTION('',(0.707106781186548,-0.707106781186548,0.));
#1707=DIRECTION('',(-0.577350269189626,-0.577350269189626,-0.577350269189626));
#1708=DIRECTION('center_axis',(0.816496580927726,-0.408248290463863,-0.408248290463863));
#1709=DIRECTION('ref_axis',(-2.92668529817238E-16,0.707106781186548,-0.707106781186547));
#1710=DIRECTION('',(0.577350269189626,0.577350269189626,0.577350269189626));
#1711=DIRECTION('',(-3.88578058618805E-16,0.707106781186547,-0.707106781186548));
#1712=DIRECTION('',(-0.577350269189626,-0.577350269189626,-0.577350269189626));
#1713=DIRECTION('center_axis',(-0.816496580927726,0.408248290463863,0.408248290463863));
#1714=DIRECTION('ref_axis',(3.33066907387547E-16,-0.707106781186548,0.707106781186547));
#1715=DIRECTION('',(0.577350269189626,0.577350269189626,0.577350269189626));
#1716=DIRECTION('',(3.88578058618805E-16,-0.707106781186547,0.707106781186548));
#1717=DIRECTION('',(-0.577350269189626,-0.577350269189626,-0.577350269189626));
#1718=DIRECTION('center_axis',(-0.577350269189626,-0.577350269189626,-0.577350269189626));
#1719=DIRECTION('ref_axis',(-0.707106781186547,0.,0.707106781186548));
#1720=DIRECTION('center_axis',(-0.577350269189626,-0.577350269189626,-0.577350269189626));
#1721=DIRECTION('ref_axis',(0.816496580927726,-0.408248290463863,-0.408248290463863));
#1722=DIRECTION('center_axis',(-0.577350269189626,-0.577350269189626,-0.577350269189626));
#1723=DIRECTION('ref_axis',(-0.707106781186547,0.,0.707106781186548));
#1724=DIRECTION('center_axis',(-0.577350269189626,-0.577350269189626,-0.577350269189626));
#1725=DIRECTION('ref_axis',(0.816496580927726,-0.408248290463863,-0.408248290463863));
#1726=DIRECTION('center_axis',(-0.577350269189626,-0.577350269189626,-0.577350269189626));
#1727=DIRECTION('ref_axis',(-0.707106781186547,0.,0.707106781186548));
#1728=DIRECTION('center_axis',(-0.577350269189626,-0.577350269189626,-0.577350269189626));
#1729=DIRECTION('ref_axis',(0.816496580927726,-0.408248290463863,-0.408248290463863));
#1730=DIRECTION('center_axis',(-0.577350269189626,-0.577350269189626,-0.577350269189626));
#1731=DIRECTION('ref_axis',(-0.707106781186547,0.,0.707106781186548));
#1732=DIRECTION('center_axis',(-0.577350269189626,-0.577350269189626,-0.577350269189626));
#1733=DIRECTION('ref_axis',(0.816496580927726,-0.408248290463863,-0.408248290463863));
#1734=DIRECTION('center_axis',(-0.577350269189626,-0.577350269189626,-0.577350269189626));
#1735=DIRECTION('ref_axis',(0.816496580927726,-0.408248290463863,-0.408248290463863));
#1736=DIRECTION('center_axis',(-0.577350269189626,-0.577350269189626,-0.577350269189626));
#1737=DIRECTION('ref_axis',(0.816496580927726,-0.408248290463863,-0.408248290463863));
#1738=DIRECTION('center_axis',(-0.577350269189626,-0.577350269189626,-0.577350269189626));
#1739=DIRECTION('ref_axis',(0.816496580927726,-0.408248290463863,-0.408248290463863));
#1740=DIRECTION('center_axis',(-0.577350269189626,-0.577350269189626,-0.577350269189626));
#1741=DIRECTION('ref_axis',(0.408248290463863,0.408248290463863,-0.816496580927726));
#1742=DIRECTION('center_axis',(-0.577350269189626,-0.577350269189626,-0.577350269189626));
#1743=DIRECTION('ref_axis',(0.408248290463863,0.408248290463863,-0.816496580927726));
#1744=DIRECTION('center_axis',(-0.577350269189626,-0.577350269189626,-0.577350269189626));
#1745=DIRECTION('ref_axis',(0.408248290463863,0.408248290463863,-0.816496580927726));
#1746=DIRECTION('center_axis',(-0.577350269189626,-0.577350269189626,-0.577350269189626));
#1747=DIRECTION('ref_axis',(-0.408248290463863,-0.408248290463863,0.816496580927726));
#1748=DIRECTION('center_axis',(-0.577350269189626,-0.577350269189626,-0.577350269189626));
#1749=DIRECTION('ref_axis',(0.408248290463863,0.408248290463863,-0.816496580927726));
#1750=DIRECTION('center_axis',(-0.577350269189626,-0.577350269189626,-0.577350269189626));
#1751=DIRECTION('ref_axis',(0.408248290463863,0.408248290463863,-0.816496580927726));
#1752=DIRECTION('center_axis',(1.,-5.55111512312576E-17,-8.95748122140751E-16));
#1753=DIRECTION('ref_axis',(8.95748122140751E-16,-2.22044604925031E-16,
1.));
#1754=DIRECTION('',(-5.55111512312578E-17,-1.,-2.22044604925031E-16));
#1755=DIRECTION('',(8.95748122140751E-16,-2.22044604925031E-16,1.));
#1756=DIRECTION('center_axis',(-1.,5.55111512312576E-17,8.95748122140751E-16));
#1757=DIRECTION('ref_axis',(8.95748122140751E-16,0.,1.));
#1758=DIRECTION('center_axis',(-1.,5.55111512312576E-17,8.95748122140751E-16));
#1759=DIRECTION('ref_axis',(8.95748122140751E-16,0.,1.));
#1760=DIRECTION('center_axis',(-8.95748122140751E-16,2.22044604925031E-16,
-1.));
#1761=DIRECTION('ref_axis',(1.,-5.55111512312576E-17,-8.95748122140751E-16));
#1762=DIRECTION('',(-5.55111512312578E-17,-1.,-2.22044604925031E-16));
#1763=DIRECTION('',(1.,-5.55111512312576E-17,-8.95748122140751E-16));
#1764=DIRECTION('center_axis',(8.95748122140751E-16,-2.22044604925031E-16,
1.));
#1765=DIRECTION('ref_axis',(0.,-1.,-2.22044604925031E-16));
#1766=DIRECTION('center_axis',(8.95748122140751E-16,-2.22044604925031E-16,
1.));
#1767=DIRECTION('ref_axis',(0.,-1.,-2.22044604925031E-16));
#1768=DIRECTION('center_axis',(5.55111512312578E-17,1.,2.22044604925031E-16));
#1769=DIRECTION('ref_axis',(8.32667268468867E-16,-2.22044604925031E-16,
1.));
#1770=DIRECTION('center_axis',(5.55111512312578E-17,1.,2.22044604925031E-16));
#1771=DIRECTION('ref_axis',(0.,-2.22044604925031E-16,1.));
#1772=DIRECTION('center_axis',(-5.55111512312578E-17,-1.,-2.22044604925031E-16));
#1773=DIRECTION('ref_axis',(-8.32667268468867E-16,2.22044604925031E-16,
-1.));
#1774=DIRECTION('',(-1.,5.55111512312576E-17,8.32667268468867E-16));
#1775=DIRECTION('center_axis',(5.55111512312578E-17,1.,2.22044604925031E-16));
#1776=DIRECTION('ref_axis',(0.,-2.22044604925031E-16,1.));
#1777=DIRECTION('center_axis',(5.55111512312578E-17,1.,2.22044604925031E-16));
#1778=DIRECTION('ref_axis',(8.32667268468867E-16,-2.22044604925031E-16,
1.));
#1779=DIRECTION('center_axis',(5.55111512312578E-17,1.,2.22044604925031E-16));
#1780=DIRECTION('ref_axis',(0.,-2.22044604925031E-16,1.));
#1781=DIRECTION('center_axis',(-5.55111512312578E-17,-1.,-2.22044604925031E-16));
#1782=DIRECTION('ref_axis',(1.,-5.55111512312576E-17,-8.32667268468867E-16));
#1783=DIRECTION('',(-8.32667268468867E-16,2.22044604925031E-16,-1.));
#1784=DIRECTION('center_axis',(-5.55111512312578E-17,-1.,-2.22044604925031E-16));
#1785=DIRECTION('ref_axis',(1.,-5.55111512312576E-17,-8.32667268468867E-16));
#1786=DIRECTION('',(-5.55111512312578E-17,-1.,-2.22044604925031E-16));
#1787=DIRECTION('center_axis',(-1.,5.55111512312576E-17,8.32667268468867E-16));
#1788=DIRECTION('ref_axis',(-8.32667268468867E-16,2.22044604925031E-16,
-1.));
#1789=DIRECTION('center_axis',(1.,-5.55111512312576E-17,-8.32667268468867E-16));
#1790=DIRECTION('ref_axis',(-8.32667268468867E-16,0.,-1.));
#1791=DIRECTION('center_axis',(1.,-5.55111512312576E-17,-8.32667268468867E-16));
#1792=DIRECTION('ref_axis',(-8.32667268468868E-16,0.,-1.));
#1793=DIRECTION('center_axis',(-5.55111512312578E-17,-1.,-2.22044604925031E-16));
#1794=DIRECTION('ref_axis',(-8.32667268468867E-16,2.22044604925031E-16,
-1.));
#1795=DIRECTION('',(-5.55111512312578E-17,-1.,-2.22044604925031E-16));
#1796=DIRECTION('center_axis',(8.32667268468867E-16,-2.22044604925031E-16,
1.));
#1797=DIRECTION('ref_axis',(-1.,5.55111512312576E-17,8.32667268468867E-16));
#1798=DIRECTION('center_axis',(-8.32667268468867E-16,2.22044604925031E-16,
-1.));
#1799=DIRECTION('ref_axis',(0.,1.,2.22044604925031E-16));
#1800=DIRECTION('center_axis',(-8.32667268468867E-16,2.22044604925031E-16,
-1.));
#1801=DIRECTION('ref_axis',(0.,1.,2.22044604925031E-16));
#1802=DIRECTION('center_axis',(1.,-6.12323399573677E-17,0.));
#1803=DIRECTION('ref_axis',(0.,-1.,0.));
#1804=DIRECTION('center_axis',(4.60822427379485E-15,1.,-3.93130771741368E-15));
#1805=DIRECTION('ref_axis',(0.,-3.93130771741368E-15,-1.));
#1806=DIRECTION('center_axis',(4.60822427379485E-15,1.,-3.93130771741368E-15));
#1807=DIRECTION('ref_axis',(0.,-3.93130771741368E-15,-1.));
#1808=DIRECTION('center_axis',(0.,-1.22464679914735E-16,1.));
#1809=DIRECTION('ref_axis',(0.,1.,1.22464679914735E-16));
#1810=DIRECTION('center_axis',(4.60822427379485E-15,1.,-3.93130771741368E-15));
#1811=DIRECTION('ref_axis',(0.,-3.93130771741368E-15,-1.));
#1812=DIRECTION('center_axis',(0.675921537492966,-0.03021617842516,-0.736353894343286));
#1813=DIRECTION('ref_axis',(0.,0.99915913194144,-0.0410003543646578));
#1814=DIRECTION('center_axis',(0.675921537492966,-0.736353894343286,-0.0302161784251601));
#1815=DIRECTION('ref_axis',(0.,0.041000354364658,-0.99915913194144));
#1816=DIRECTION('center_axis',(6.83705689984991E-16,4.75039671867493E-15,
1.));
#1817=DIRECTION('ref_axis',(0.,1.,-4.75039671867493E-15));
#1818=DIRECTION('center_axis',(3.40636609828173E-16,-1.,2.77555756156289E-16));
#1819=DIRECTION('ref_axis',(0.,-2.77555756156289E-16,-1.));
#1820=DIRECTION('center_axis',(4.44089209850063E-16,2.77555756156289E-16,
1.));
#1821=DIRECTION('ref_axis',(0.,-1.,2.77555756156289E-16));
#1822=DIRECTION('center_axis',(-2.77555756156289E-16,1.,-2.77555756156289E-16));
#1823=DIRECTION('ref_axis',(0.,2.77555756156289E-16,1.));
#1824=DIRECTION('center_axis',(6.83705689984991E-16,4.75039671867493E-15,
1.));
#1825=DIRECTION('ref_axis',(0.,1.,-4.75039671867493E-15));
#1826=DIRECTION('center_axis',(1.,3.40636609828173E-16,-4.44089209850063E-16));
#1827=DIRECTION('ref_axis',(-4.44089209850063E-16,0.,-1.));
#1828=DIRECTION('center_axis',(4.44089209850063E-16,2.77555756156289E-16,
1.));
#1829=DIRECTION('ref_axis',(0.,-1.,2.77555756156289E-16));
#1830=DIRECTION('center_axis',(-1.,-2.77555756156289E-16,4.44089209850063E-16));
#1831=DIRECTION('ref_axis',(4.44089209850063E-16,0.,1.));
#1832=DIRECTION('center_axis',(6.83705689984991E-16,4.75039671867493E-15,
1.));
#1833=DIRECTION('ref_axis',(0.,1.,-4.75039671867493E-15));
#1834=DIRECTION('center_axis',(-0.736353894343286,0.675921537492966,-0.0302161784251601));
#1835=DIRECTION('ref_axis',(0.,0.0446590760005695,0.999002285748524));
#1836=DIRECTION('center_axis',(-0.0302161784251603,0.675921537492966,-0.736353894343286));
#1837=DIRECTION('ref_axis',(0.,0.736690276676288,0.676230313022579));
#1838=DIRECTION('center_axis',(1.,0.,0.));
#1839=DIRECTION('ref_axis',(0.,0.,1.));
#1840=DIRECTION('center_axis',(0.,6.30808536718839E-17,-1.));
#1841=DIRECTION('ref_axis',(0.,1.,6.30808536718839E-17));
#1842=DIRECTION('center_axis',(1.,0.,0.));
#1843=DIRECTION('ref_axis',(0.,0.,-1.));
#1844=DIRECTION('center_axis',(0.,0.,1.));
#1845=DIRECTION('ref_axis',(0.,-1.,0.));
#1846=DIRECTION('center_axis',(1.,0.,0.));
#1847=DIRECTION('ref_axis',(0.,0.,1.));
#1848=DIRECTION('center_axis',(0.,1.,6.30808536718839E-17));
#1849=DIRECTION('ref_axis',(0.,-6.30808536718839E-17,1.));
#1850=DIRECTION('center_axis',(1.,0.,0.));
#1851=DIRECTION('ref_axis',(0.,0.,-1.));
#1852=DIRECTION('center_axis',(0.,-1.,0.));
#1853=DIRECTION('ref_axis',(0.,0.,-1.));
#1854=DIRECTION('center_axis',(1.,0.,0.));
#1855=DIRECTION('ref_axis',(0.,0.,1.));
#1856=DIRECTION('center_axis',(-0.577350269189626,-0.577350269189626,-0.577350269189626));
#1857=DIRECTION('ref_axis',(0.816496580927726,-0.408248290463863,-0.408248290463863));
#1858=DIRECTION('center_axis',(2.89294190245589E-17,1.,2.77206285189015E-16));
#1859=DIRECTION('ref_axis',(-0.434112631090154,-2.23441111874245E-16,0.900858603515548));
#1860=DIRECTION('center_axis',(-0.675921537492966,0.03021617842516,0.736353894343286));
#1861=DIRECTION('ref_axis',(0.,-0.99915913194144,0.0410003543646578));
#1862=DIRECTION('center_axis',(5.55111512312581E-17,1.,1.60812264967663E-16));
#1863=DIRECTION('ref_axis',(-8.32667268468867E-16,2.23441111874245E-16,
-1.));
#1864=DIRECTION('center_axis',(5.55111512312581E-17,1.,1.60812264967663E-16));
#1865=DIRECTION('ref_axis',(-8.32667268468867E-16,2.23441111874245E-16,
-1.));
#1866=DIRECTION('center_axis',(0.736353894343286,0.0302161784251603,-0.675921537492966));
#1867=DIRECTION('ref_axis',(0.,0.999002285748524,0.0446590760005698));
#1868=DIRECTION('center_axis',(-4.60822427379485E-15,-1.,3.93130771741368E-15));
#1869=DIRECTION('ref_axis',(0.,3.93130771741368E-15,1.));
#1870=DIRECTION('center_axis',(1.,-6.12323399573677E-17,0.));
#1871=DIRECTION('ref_axis',(0.,-1.,0.));
#1872=DIRECTION('center_axis',(0.736353894343286,0.0302161784251603,-0.675921537492966));
#1873=DIRECTION('ref_axis',(0.,-0.999002285748524,-0.0446590760005698));
#1874=DIRECTION('center_axis',(0.03021617842516,0.736353894343286,-0.675921537492966));
#1875=DIRECTION('ref_axis',(0.,-0.676230313022578,-0.736690276676288));
#1876=DIRECTION('center_axis',(-1.,0.,0.));
#1877=DIRECTION('ref_axis',(0.,0.,-1.));
#1878=DIRECTION('center_axis',(0.736353894343286,0.0302161784251603,-0.675921537492966));
#1879=DIRECTION('ref_axis',(0.408248290463863,-0.816496580927726,0.408248290463863));
#1880=DIRECTION('',(-0.551635855214917,-0.551635855214918,-0.625616309316352));
#1881=DIRECTION('center_axis',(-3.40636609828173E-16,1.,-2.77555756156289E-16));
#1882=DIRECTION('ref_axis',(1.,3.40636609828173E-16,-4.44089209850063E-16));
#1883=DIRECTION('',(-4.44089209850063E-16,-2.77555756156289E-16,-1.));
#1884=DIRECTION('',(1.,3.40636609828173E-16,-4.44089209850063E-16));
#1885=DIRECTION('center_axis',(3.40636609828173E-16,-1.,2.77555756156289E-16));
#1886=DIRECTION('ref_axis',(0.,-2.77555756156289E-16,-1.));
#1887=DIRECTION('center_axis',(-1.,-3.40636609828173E-16,4.44089209850063E-16));
#1888=DIRECTION('ref_axis',(-3.40636609828173E-16,1.,-2.77555756156289E-16));
#1889=DIRECTION('',(-4.44089209850063E-16,-2.77555756156289E-16,-1.));
#1890=DIRECTION('',(-3.40636609828173E-16,1.,-2.77555756156289E-16));
#1891=DIRECTION('center_axis',(1.,3.40636609828173E-16,-4.44089209850063E-16));
#1892=DIRECTION('ref_axis',(-4.44089209850063E-16,0.,-1.));
#1893=DIRECTION('center_axis',(4.44089209850063E-16,2.77555756156289E-16,
1.));
#1894=DIRECTION('ref_axis',(1.,2.77555756156289E-16,-4.44089209850063E-16));
#1895=DIRECTION('center_axis',(-4.44089209850063E-16,-2.77555756156289E-16,
-1.));
#1896=DIRECTION('ref_axis',(-1.,-2.77555756156289E-16,4.44089209850063E-16));
#1897=DIRECTION('',(2.77555756156289E-16,-1.,2.77555756156289E-16));
#1898=DIRECTION('center_axis',(4.44089209850063E-16,2.77555756156289E-16,
1.));
#1899=DIRECTION('ref_axis',(1.,2.77555756156289E-16,-4.44089209850063E-16));
#1900=DIRECTION('center_axis',(-4.44089209850063E-16,-2.77555756156289E-16,
-1.));
#1901=DIRECTION('ref_axis',(-2.77555756156289E-16,1.,-2.77555756156289E-16));
#1902=DIRECTION('',(-1.,-2.77555756156289E-16,4.44089209850063E-16));
#1903=DIRECTION('center_axis',(-4.44089209850063E-16,-2.77555756156289E-16,
-1.));
#1904=DIRECTION('ref_axis',(-2.77555756156289E-16,1.,-2.77555756156289E-16));
#1905=DIRECTION('',(-4.44089209850063E-16,-2.77555756156289E-16,-1.));
#1906=DIRECTION('center_axis',(2.77555756156289E-16,-1.,2.77555756156289E-16));
#1907=DIRECTION('ref_axis',(-1.,-2.77555756156289E-16,4.44089209850063E-16));
#1908=DIRECTION('center_axis',(-2.77555756156289E-16,1.,-2.77555756156289E-16));
#1909=DIRECTION('ref_axis',(0.,2.77555756156289E-16,1.));
#1910=DIRECTION('center_axis',(-4.44089209850063E-16,-2.77555756156289E-16,
-1.));
#1911=DIRECTION('ref_axis',(-1.,-2.77555756156289E-16,4.44089209850063E-16));
#1912=DIRECTION('',(-4.44089209850063E-16,-2.77555756156289E-16,-1.));
#1913=DIRECTION('center_axis',(1.,2.77555756156289E-16,-4.44089209850063E-16));
#1914=DIRECTION('ref_axis',(2.77555756156289E-16,-1.,2.77555756156289E-16));
#1915=DIRECTION('center_axis',(-1.,-2.77555756156289E-16,4.44089209850063E-16));
#1916=DIRECTION('ref_axis',(4.44089209850063E-16,0.,1.));
#1917=DIRECTION('center_axis',(4.99250890114046E-16,2.5097402394959E-16,
1.));
#1918=DIRECTION('ref_axis',(0.90085860351555,-0.43411263109015,-2.23441111874245E-16));
#1919=DIRECTION('center_axis',(0.736353894343286,-0.675921537492966,0.0302161784251601));
#1920=DIRECTION('ref_axis',(0.,-0.0446590760005695,-0.999002285748524));
#1921=DIRECTION('center_axis',(3.82856869892695E-16,2.77555756156289E-16,
1.));
#1922=DIRECTION('ref_axis',(-1.,-2.77555756156289E-16,4.46882223748491E-16));
#1923=DIRECTION('center_axis',(3.82856869892695E-16,2.77555756156289E-16,
1.));
#1924=DIRECTION('ref_axis',(-1.,-2.77555756156289E-16,4.46882223748491E-16));
#1925=DIRECTION('center_axis',(-0.675921537492966,0.736353894343286,0.0302161784251601));
#1926=DIRECTION('ref_axis',(0.,-0.041000354364658,0.99915913194144));
#1927=DIRECTION('center_axis',(-0.675921537492966,0.736353894343286,0.0302161784251601));
#1928=DIRECTION('ref_axis',(0.408248290463863,0.408248290463863,-0.816496580927726));
#1929=DIRECTION('',(-0.625616309316352,-0.551635855214918,-0.551635855214918));
#1930=DIRECTION('center_axis',(0.03021617842516,0.736353894343286,-0.675921537492966));
#1931=DIRECTION('ref_axis',(0.816496580927726,-0.408248290463863,-0.408248290463863));
#1932=DIRECTION('center_axis',(-0.03021617842516,-0.736353894343286,0.675921537492966));
#1933=DIRECTION('ref_axis',(0.,-0.676230313022578,-0.736690276676288));
#1934=DIRECTION('center_axis',(-0.675921537492966,0.03021617842516,0.736353894343286));
#1935=DIRECTION('ref_axis',(-0.408248290463863,0.816496580927726,-0.408248290463863));
#1936=DIRECTION('center_axis',(0.736353894343286,-0.675921537492966,0.0302161784251601));
#1937=DIRECTION('ref_axis',(-0.408248290463863,-0.408248290463863,0.816496580927726));
#1938=DIRECTION('',(-0.551635855214918,-0.625616309316352,-0.551635855214918));
#1939=DIRECTION('center_axis',(0.0302161784251603,-0.675921537492966,0.736353894343286));
#1940=DIRECTION('ref_axis',(-0.816496580927726,0.408248290463863,0.408248290463863));
#1941=DIRECTION('center_axis',(-0.0302161784251603,0.675921537492966,-0.736353894343286));
#1942=DIRECTION('ref_axis',(0.,0.736690276676288,0.676230313022579));
#1943=DIRECTION('center_axis',(1.,5.51616802639838E-17,-2.65817322066992E-17));
#1944=DIRECTION('ref_axis',(0.,0.900858603515552,-0.434112631090146));
#1945=DIRECTION('center_axis',(0.,-1.,0.));
#1946=DIRECTION('ref_axis',(0.,0.,-1.));
#1947=DIRECTION('center_axis',(0.,-6.30808536718839E-17,1.));
#1948=DIRECTION('ref_axis',(0.,1.,6.30808536718839E-17));
#1949=DIRECTION('',(-1.,0.,0.));
#1950=DIRECTION('',(0.,1.,6.30808536718839E-17));
#1951=DIRECTION('center_axis',(0.,6.30808536718839E-17,-1.));
#1952=DIRECTION('ref_axis',(0.,1.,6.30808536718839E-17));
#1953=DIRECTION('center_axis',(0.,-1.,-6.30808536718839E-17));
#1954=DIRECTION('ref_axis',(0.,-6.30808536718839E-17,1.));
#1955=DIRECTION('',(-1.,0.,0.));
#1956=DIRECTION('',(0.,-6.30808536718839E-17,1.));
#1957=DIRECTION('center_axis',(0.,1.,6.30808536718839E-17));
#1958=DIRECTION('ref_axis',(0.,-6.30808536718839E-17,1.));
#1959=DIRECTION('center_axis',(1.,0.,0.));
#1960=DIRECTION('ref_axis',(0.,1.,0.));
#1961=DIRECTION('center_axis',(-1.,0.,0.));
#1962=DIRECTION('ref_axis',(0.,-1.,0.));
#1963=DIRECTION('',(0.,0.,-1.));
#1964=DIRECTION('center_axis',(1.,0.,0.));
#1965=DIRECTION('ref_axis',(0.,1.,0.));
#1966=DIRECTION('center_axis',(-1.,0.,0.));
#1967=DIRECTION('ref_axis',(0.,0.,1.));
#1968=DIRECTION('',(0.,-1.,0.));
#1969=DIRECTION('center_axis',(-1.,0.,0.));
#1970=DIRECTION('ref_axis',(0.,0.,1.));
#1971=DIRECTION('',(-1.,0.,0.));
#1972=DIRECTION('center_axis',(0.,0.,-1.));
#1973=DIRECTION('ref_axis',(0.,-1.,0.));
#1974=DIRECTION('center_axis',(0.,0.,1.));
#1975=DIRECTION('ref_axis',(0.,-1.,0.));
#1976=DIRECTION('center_axis',(-1.,0.,0.));
#1977=DIRECTION('ref_axis',(0.,-1.,0.));
#1978=DIRECTION('',(-1.,0.,0.));
#1979=DIRECTION('center_axis',(0.,1.,0.));
#1980=DIRECTION('ref_axis',(0.,0.,-1.));
#1981=DIRECTION('center_axis',(1.,-6.12323399573677E-17,0.));
#1982=DIRECTION('ref_axis',(0.,-1.,0.));
#1983=DIRECTION('center_axis',(1.,-6.12323399573677E-17,0.));
#1984=DIRECTION('ref_axis',(0.,-1.,0.));
#1985=DIRECTION('center_axis',(-0.577350269189626,-0.577350269189626,-0.577350269189626));
#1986=DIRECTION('ref_axis',(0.408248290463863,0.408248290463863,-0.816496580927726));
#1987=DIRECTION('',(0.577350269189626,0.577350269189626,0.577350269189626));
#1988=CARTESIAN_POINT('',(0.,0.,0.));
#1989=CARTESIAN_POINT('Origin',(0.,0.,0.));
#1990=CARTESIAN_POINT('',(4.62380845323743,1.62184937271321,1.98619264299237E-16));
#1991=CARTESIAN_POINT('',(1.62184937271323,4.62380845323742,5.66253222212768E-16));
#1992=CARTESIAN_POINT('Origin',(0.,0.,0.));
#1993=CARTESIAN_POINT('',(4.62380845323743,0.0999999977648258,-1.61876353684448));
#1994=CARTESIAN_POINT('Origin',(4.62380845323743,0.,0.));
#1995=CARTESIAN_POINT('',(4.05431868511186,0.0999999977648258,-2.75));
#1996=CARTESIAN_POINT('Origin',(0.,0.0999999977648258,0.));
#1997=CARTESIAN_POINT('',(4.05431868511186,-0.0999999977648257,-2.75));
#1998=CARTESIAN_POINT('Ctrl Pts',(4.05431868511186,0.0999999977648257,-2.75));
#1999=CARTESIAN_POINT('Ctrl Pts',(4.04568889479102,0.0999999977648257,-2.76272288005323));
#2000=CARTESIAN_POINT('Ctrl Pts',(4.036369058949,0.0974482904070809,-2.77641817978838));
#2001=CARTESIAN_POINT('Ctrl Pts',(4.01891905254614,0.0865473232663612,-2.80197581508487));
#2002=CARTESIAN_POINT('Ctrl Pts',(4.01078546146152,0.0782173918884776,-2.81384405514823));
#2003=CARTESIAN_POINT('Ctrl Pts',(3.99900844642962,0.0597294262843581,-2.83099258824427));
#2004=CARTESIAN_POINT('Ctrl Pts',(3.99417426063918,0.0491653409910273,-2.83801478683514));
#2005=CARTESIAN_POINT('Ctrl Pts',(3.9876288349157,0.025527111757133,-2.84751432426886));
#2006=CARTESIAN_POINT('Ctrl Pts',(3.98591269507256,0.0124576752866073,-2.84999999776483));
#2007=CARTESIAN_POINT('Ctrl Pts',(3.98591269507256,-0.0124576752866072,
-2.84999999776483));
#2008=CARTESIAN_POINT('Ctrl Pts',(3.9876288349157,-0.025527111757133,-2.84751432426886));
#2009=CARTESIAN_POINT('Ctrl Pts',(3.99417426063918,-0.0491653409910272,
-2.83801478683514));
#2010=CARTESIAN_POINT('Ctrl Pts',(3.99900844642962,-0.059729426284358,-2.83099258824427));
#2011=CARTESIAN_POINT('Ctrl Pts',(4.01078546146152,-0.0782173918884776,
-2.81384405514823));
#2012=CARTESIAN_POINT('Ctrl Pts',(4.01891905254614,-0.0865473232663612,
-2.80197581508487));
#2013=CARTESIAN_POINT('Ctrl Pts',(4.036369058949,-0.0974482904070809,-2.77641817978838));
#2014=CARTESIAN_POINT('Ctrl Pts',(4.04568889479102,-0.0999999977648257,
-2.76272288005323));
#2015=CARTESIAN_POINT('Ctrl Pts',(4.05431868511186,-0.0999999977648257,
-2.75));
#2016=CARTESIAN_POINT('',(4.62380845323743,-0.0999999977648257,-1.61876353684448));
#2017=CARTESIAN_POINT('Origin',(0.,-0.0999999977648258,-6.30808522619169E-18));
#2018=CARTESIAN_POINT('',(4.62380845323743,-1.61876353684448,-0.0999999977648258));
#2019=CARTESIAN_POINT('Origin',(4.62380845323743,0.,0.));
#2020=CARTESIAN_POINT('',(4.05431868511186,-2.75,-0.0999999977648258));
#2021=CARTESIAN_POINT('Origin',(0.,0.,-0.0999999977648258));
#2022=CARTESIAN_POINT('',(4.05431868511186,-2.75,0.0999999977648257));
#2023=CARTESIAN_POINT('Ctrl Pts',(4.05431868511186,-2.75,-0.099999997764826));
#2024=CARTESIAN_POINT('Ctrl Pts',(4.04568889479102,-2.76272288005323,-0.099999997764826));
#2025=CARTESIAN_POINT('Ctrl Pts',(4.036369058949,-2.77641817978838,-0.0974482904070813));
#2026=CARTESIAN_POINT('Ctrl Pts',(4.01891905254614,-2.80197581508487,-0.0865473232663615));
#2027=CARTESIAN_POINT('Ctrl Pts',(4.01078546146152,-2.81384405514823,-0.078217391888478));
#2028=CARTESIAN_POINT('Ctrl Pts',(3.99900844642962,-2.83099258824427,-0.0597294262843585));
#2029=CARTESIAN_POINT('Ctrl Pts',(3.99417426063918,-2.83801478683514,-0.0491653409910276));
#2030=CARTESIAN_POINT('Ctrl Pts',(3.9876288349157,-2.84751432426886,-0.0255271117571338));
#2031=CARTESIAN_POINT('Ctrl Pts',(3.98591269507256,-2.84999999776483,-0.0124576752866074));
#2032=CARTESIAN_POINT('Ctrl Pts',(3.98591269507256,-2.84999999776483,0.012457675286607));
#2033=CARTESIAN_POINT('Ctrl Pts',(3.9876288349157,-2.84751432426886,0.0255271117571334));
#2034=CARTESIAN_POINT('Ctrl Pts',(3.99417426063918,-2.83801478683514,0.0491653409910273));
#2035=CARTESIAN_POINT('Ctrl Pts',(3.99900844642962,-2.83099258824427,0.0597294262843581));
#2036=CARTESIAN_POINT('Ctrl Pts',(4.01078546146152,-2.81384405514823,0.0782173918884776));
#2037=CARTESIAN_POINT('Ctrl Pts',(4.01891905254614,-2.80197581508487,0.0865473232663611));
#2038=CARTESIAN_POINT('Ctrl Pts',(4.036369058949,-2.77641817978838,0.097448290407081));
#2039=CARTESIAN_POINT('Ctrl Pts',(4.04568889479102,-2.76272288005323,0.0999999977648257));
#2040=CARTESIAN_POINT('Ctrl Pts',(4.05431868511186,-2.75,0.0999999977648257));
#2041=CARTESIAN_POINT('',(4.62380845323743,-1.61876353684448,0.0999999977648257));
#2042=CARTESIAN_POINT('Origin',(0.,-6.3080852261917E-18,0.0999999977648258));
#2043=CARTESIAN_POINT('',(4.62380845323743,0.895241907394985,1.35238208913532));
#2044=CARTESIAN_POINT('Origin',(4.62380845323743,0.,0.));
#2045=CARTESIAN_POINT('',(2.95266375367389,2.56389420910477,2.95266375367389));
#2046=CARTESIAN_POINT('Origin',(0.0160276386124807,-0.358530651391337,0.390585928616299));
#2047=CARTESIAN_POINT('',(1.35238208913532,0.895241907394984,4.62380845323743));
#2048=CARTESIAN_POINT('Origin',(0.390585928616299,-0.358530651391338,0.0160276386124806));
#2049=CARTESIAN_POINT('',(0.0999999977648292,-1.61876353684445,4.62380845323744));
#2050=CARTESIAN_POINT('Origin',(3.16132414887914E-15,2.19649245040405E-14,
4.62380845323743));
#2051=CARTESIAN_POINT('',(0.0999999977648292,-2.74999999999998,4.05431868511187));
#2052=CARTESIAN_POINT('Origin',(0.0999999977648267,2.77555749952437E-17,
-4.44089199923899E-17));
#2053=CARTESIAN_POINT('',(-0.0999999977648222,-2.74999999999998,4.05431868511187));
#2054=CARTESIAN_POINT('Ctrl Pts',(0.099999997764829,-2.74999999999998,4.05431868511187));
#2055=CARTESIAN_POINT('Ctrl Pts',(0.099999997764829,-2.76272288005321,4.04568889479103));
#2056=CARTESIAN_POINT('Ctrl Pts',(0.0974482904070841,-2.77641817978837,
4.03636905894901));
#2057=CARTESIAN_POINT('Ctrl Pts',(0.0865473232663644,-2.80197581508486,
4.01891905254616));
#2058=CARTESIAN_POINT('Ctrl Pts',(0.078217391888481,-2.81384405514821,4.01078546146153));
#2059=CARTESIAN_POINT('Ctrl Pts',(0.0597294262843614,-2.83099258824425,
3.99900844642963));
#2060=CARTESIAN_POINT('Ctrl Pts',(0.0491653409910311,-2.83801478683513,
3.99417426063919));
#2061=CARTESIAN_POINT('Ctrl Pts',(0.025527111757137,-2.84751432426885,3.98762883491571));
#2062=CARTESIAN_POINT('Ctrl Pts',(0.0124576752866104,-2.84999999776481,
3.98591269507257));
#2063=CARTESIAN_POINT('Ctrl Pts',(-0.0124576752866041,-2.84999999776481,
3.98591269507257));
#2064=CARTESIAN_POINT('Ctrl Pts',(-0.0255271117571307,-2.84751432426885,
3.98762883491571));
#2065=CARTESIAN_POINT('Ctrl Pts',(-0.0491653409910247,-2.83801478683513,
3.99417426063919));
#2066=CARTESIAN_POINT('Ctrl Pts',(-0.059729426284355,-2.83099258824425,
3.99900844642963));
#2067=CARTESIAN_POINT('Ctrl Pts',(-0.0782173918884743,-2.81384405514821,
4.01078546146153));
#2068=CARTESIAN_POINT('Ctrl Pts',(-0.0865473232663576,-2.80197581508486,
4.01891905254616));
#2069=CARTESIAN_POINT('Ctrl Pts',(-0.0974482904070776,-2.77641817978837,
4.03636905894901));
#2070=CARTESIAN_POINT('Ctrl Pts',(-0.0999999977648223,-2.76272288005321,
4.04568889479103));
#2071=CARTESIAN_POINT('Ctrl Pts',(-0.0999999977648222,-2.74999999999998,
4.05431868511187));
#2072=CARTESIAN_POINT('',(-0.0999999977648224,-1.61876353684445,4.62380845323744));
#2073=CARTESIAN_POINT('Origin',(-0.099999997764825,-3.40636602214349E-17,
4.44089199923892E-17));
#2074=CARTESIAN_POINT('',(-1.61876353684447,-0.0999999977648094,4.62380845323743));
#2075=CARTESIAN_POINT('Origin',(3.16132414887914E-15,2.19649245040405E-14,
4.62380845323743));
#2076=CARTESIAN_POINT('',(-2.75,-0.0999999977648099,4.05431868511186));
#2077=CARTESIAN_POINT('Origin',(2.77555749952392E-17,-0.0999999977648103,
2.77555749952391E-17));
#2078=CARTESIAN_POINT('',(-2.75,0.0999999977648416,4.05431868511186));
#2079=CARTESIAN_POINT('Ctrl Pts',(-2.75,-0.0999999977648101,4.05431868511186));
#2080=CARTESIAN_POINT('Ctrl Pts',(-2.76272288005323,-0.0999999977648101,
4.04568889479102));
#2081=CARTESIAN_POINT('Ctrl Pts',(-2.77641817978838,-0.0974482904070654,
4.036369058949));
#2082=CARTESIAN_POINT('Ctrl Pts',(-2.80197581508487,-0.0865473232663455,
4.01891905254615));
#2083=CARTESIAN_POINT('Ctrl Pts',(-2.81384405514823,-0.0782173918884621,
4.01078546146152));
#2084=CARTESIAN_POINT('Ctrl Pts',(-2.83099258824427,-0.0597294262843427,
3.99900844642962));
#2085=CARTESIAN_POINT('Ctrl Pts',(-2.83801478683514,-0.049165340991012,
3.99417426063918));
#2086=CARTESIAN_POINT('Ctrl Pts',(-2.84751432426886,-0.0255271117571179,
3.9876288349157));
#2087=CARTESIAN_POINT('Ctrl Pts',(-2.84999999776482,-0.0124576752865917,
3.98591269507256));
#2088=CARTESIAN_POINT('Ctrl Pts',(-2.84999999776482,0.0124576752866228,
3.98591269507256));
#2089=CARTESIAN_POINT('Ctrl Pts',(-2.84751432426886,0.0255271117571491,
3.9876288349157));
#2090=CARTESIAN_POINT('Ctrl Pts',(-2.83801478683514,0.0491653409910431,
3.99417426063918));
#2091=CARTESIAN_POINT('Ctrl Pts',(-2.83099258824427,0.0597294262843739,
3.99900844642962));
#2092=CARTESIAN_POINT('Ctrl Pts',(-2.81384405514823,0.0782173918884935,
4.01078546146152));
#2093=CARTESIAN_POINT('Ctrl Pts',(-2.80197581508487,0.0865473232663769,
4.01891905254615));
#2094=CARTESIAN_POINT('Ctrl Pts',(-2.77641817978838,0.0974482904070968,
4.036369058949));
#2095=CARTESIAN_POINT('Ctrl Pts',(-2.76272288005323,0.0999999977648415,
4.04568889479102));
#2096=CARTESIAN_POINT('Ctrl Pts',(-2.75,0.0999999977648416,4.05431868511186));
#2097=CARTESIAN_POINT('',(-1.61876353684447,0.0999999977648421,4.62380845323743));
#2098=CARTESIAN_POINT('Origin',(-3.40636602214405E-17,0.0999999977648414,
-2.77555749952477E-17));
#2099=CARTESIAN_POINT('',(0.895241907394988,1.35238208913533,4.62380845323743));
#2100=CARTESIAN_POINT('Origin',(3.16132414887914E-15,2.19649245040405E-14,
4.62380845323743));
#2101=CARTESIAN_POINT('',(2.56389420910477,2.95266375367389,2.95266375367389));
#2102=CARTESIAN_POINT('Origin',(-0.358530651391338,0.390585928616299,0.0160276386124806));
#2103=CARTESIAN_POINT('',(0.895241907394981,4.62380845323743,1.35238208913532));
#2104=CARTESIAN_POINT('Origin',(-0.358530651391338,0.0160276386124806,0.390585928616299));
#2105=CARTESIAN_POINT('',(-1.61876353684446,4.62380845323744,0.0999999977648138));
#2106=CARTESIAN_POINT('Origin',(2.13075463515865E-14,4.62380845323743,-1.81776138560549E-14));
#2107=CARTESIAN_POINT('',(-2.74999999999998,4.05431868511187,0.0999999977648146));
#2108=CARTESIAN_POINT('Origin',(8.32667249857183E-17,-2.22044599961916E-17,
0.0999999977648114));
#2109=CARTESIAN_POINT('',(-2.84999999776481,3.98591269507257,-5.42088959005169E-15));
#2110=CARTESIAN_POINT('Ctrl Pts',(-2.74999999999998,4.05431868511187,0.0999999977648144));
#2111=CARTESIAN_POINT('Ctrl Pts',(-2.76272288005321,4.04568889479103,0.0999999977648144));
#2112=CARTESIAN_POINT('Ctrl Pts',(-2.77641817978837,4.03636905894901,0.0974482904070697));
#2113=CARTESIAN_POINT('Ctrl Pts',(-2.80197581508486,4.01891905254616,0.0865473232663498));
#2114=CARTESIAN_POINT('Ctrl Pts',(-2.81384405514821,4.01078546146153,0.0782173918884664));
#2115=CARTESIAN_POINT('Ctrl Pts',(-2.83099258824425,3.99900844642963,0.0597294262843468));
#2116=CARTESIAN_POINT('Ctrl Pts',(-2.83801478683513,3.99417426063919,0.0491653409910161));
#2117=CARTESIAN_POINT('Ctrl Pts',(-2.84751432426885,3.98762883491571,0.025527111757122));
#2118=CARTESIAN_POINT('Ctrl Pts',(-2.84999999776481,3.98591269507257,0.0124576752865959));
#2119=CARTESIAN_POINT('Ctrl Pts',(-2.84999999776481,3.98591269507257,-1.13299127024735E-14));
#2120=CARTESIAN_POINT('',(-4.90000000000001,3.00038465791102E-16,3.67441146752156E-32));
#2121=CARTESIAN_POINT('Origin',(0.,0.,0.));
#2122=CARTESIAN_POINT('',(-2.74999999999998,4.05431868511187,-0.0999999977648369));
#2123=CARTESIAN_POINT('Ctrl Pts',(-2.84999999776481,3.98591269507257,-1.13299127024735E-14));
#2124=CARTESIAN_POINT('Ctrl Pts',(-2.84999999776481,3.98591269507257,-0.0124576752866185));
#2125=CARTESIAN_POINT('Ctrl Pts',(-2.84751432426885,3.98762883491571,-0.0255271117571448));
#2126=CARTESIAN_POINT('Ctrl Pts',(-2.83801478683513,3.99417426063919,-0.0491653409910389));
#2127=CARTESIAN_POINT('Ctrl Pts',(-2.83099258824425,3.99900844642963,-0.0597294262843695));
#2128=CARTESIAN_POINT('Ctrl Pts',(-2.81384405514821,4.01078546146153,-0.078217391888489));
#2129=CARTESIAN_POINT('Ctrl Pts',(-2.80197581508486,4.01891905254615,-0.0865473232663724));
#2130=CARTESIAN_POINT('Ctrl Pts',(-2.77641817978837,4.03636905894901,-0.0974482904070922));
#2131=CARTESIAN_POINT('Ctrl Pts',(-2.76272288005321,4.04568889479103,-0.0999999977648369));
#2132=CARTESIAN_POINT('Ctrl Pts',(-2.74999999999998,4.05431868511187,-0.0999999977648369));
#2133=CARTESIAN_POINT('',(-1.61876353684446,4.62380845323744,-0.0999999977648378));
#2134=CARTESIAN_POINT('Origin',(-8.9574810211935E-17,2.2204459996198E-17,
-0.0999999977648403));
#2135=CARTESIAN_POINT('',(-0.0999999977648111,4.62380845323742,-1.6187635368445));
#2136=CARTESIAN_POINT('Origin',(2.13075463515865E-14,4.62380845323743,-1.81776138560549E-14));
#2137=CARTESIAN_POINT('',(-0.0999999977648121,4.05431868511185,-2.75000000000001));
#2138=CARTESIAN_POINT('Origin',(-0.09999999776481,5.55111499904779E-18,
8.32667249857172E-17));
#2139=CARTESIAN_POINT('',(0.0999999977648394,4.05431868511185,-2.75000000000001));
#2140=CARTESIAN_POINT('Ctrl Pts',(-0.0999999977648122,4.05431868511185,
-2.75000000000001));
#2141=CARTESIAN_POINT('Ctrl Pts',(-0.0999999977648122,4.04568889479101,
-2.76272288005324));
#2142=CARTESIAN_POINT('Ctrl Pts',(-0.0974482904070675,4.03636905894899,
-2.7764181797884));
#2143=CARTESIAN_POINT('Ctrl Pts',(-0.0865473232663477,4.01891905254614,
-2.80197581508489));
#2144=CARTESIAN_POINT('Ctrl Pts',(-0.0782173918884641,4.01078546146151,
-2.81384405514824));
#2145=CARTESIAN_POINT('Ctrl Pts',(-0.0597294262843446,3.99900844642961,
-2.83099258824428));
#2146=CARTESIAN_POINT('Ctrl Pts',(-0.0491653409910141,3.99417426063917,
-2.83801478683516));
#2147=CARTESIAN_POINT('Ctrl Pts',(-0.0255271117571201,3.98762883491569,
-2.84751432426888));
#2148=CARTESIAN_POINT('Ctrl Pts',(-0.0124576752865936,3.98591269507255,
-2.84999999776484));
#2149=CARTESIAN_POINT('Ctrl Pts',(0.012457675286621,3.98591269507255,-2.84999999776484));
#2150=CARTESIAN_POINT('Ctrl Pts',(0.0255271117571476,3.98762883491569,-2.84751432426888));
#2151=CARTESIAN_POINT('Ctrl Pts',(0.0491653409910417,3.99417426063917,-2.83801478683516));
#2152=CARTESIAN_POINT('Ctrl Pts',(0.059729426284372,3.99900844642961,-2.83099258824428));
#2153=CARTESIAN_POINT('Ctrl Pts',(0.0782173918884913,4.01078546146151,-2.81384405514824));
#2154=CARTESIAN_POINT('Ctrl Pts',(0.0865473232663749,4.01891905254614,-2.80197581508489));
#2155=CARTESIAN_POINT('Ctrl Pts',(0.0974482904070948,4.03636905894899,-2.7764181797884));
#2156=CARTESIAN_POINT('Ctrl Pts',(0.0999999977648394,4.04568889479101,-2.76272288005324));
#2157=CARTESIAN_POINT('Ctrl Pts',(0.0999999977648394,4.05431868511185,-2.75000000000001));
#2158=CARTESIAN_POINT('',(0.0999999977648404,4.62380845323742,-1.6187635368445));
#2159=CARTESIAN_POINT('Origin',(0.0999999977648416,-5.55111499904955E-18,
-8.95748102119362E-17));
#2160=CARTESIAN_POINT('Origin',(2.13075463515865E-14,4.62380845323743,-1.81776138560549E-14));
#2161=CARTESIAN_POINT('',(-2.99652123220726,0.490729400336932,-3.84578277605173));
#2162=CARTESIAN_POINT('',(0.490729400336932,-2.99652123220726,-3.84578277605173));
#2163=CARTESIAN_POINT('Origin',(-2.117191535974,-2.117191535974,-2.11719153597402));
#2164=CARTESIAN_POINT('',(-3.03092458022092,0.497235864291341,-3.81788589199247));
#2165=CARTESIAN_POINT('Origin',(-2.117191535974,-2.117191535974,-2.11719153597402));
#2166=CARTESIAN_POINT('',(-3.81788589199246,0.497235864291341,-3.03092458022093));
#2167=CARTESIAN_POINT('Origin',(-2.117191535974,-2.117191535974,-2.11719153597402));
#2168=CARTESIAN_POINT('',(-3.84578277605172,0.490729400336932,-2.99652123220727));
#2169=CARTESIAN_POINT('Origin',(-2.117191535974,-2.117191535974,-2.11719153597402));
#2170=CARTESIAN_POINT('',(-3.84578277605172,-2.99652123220726,0.49072940033692));
#2171=CARTESIAN_POINT('Origin',(-2.117191535974,-2.117191535974,-2.11719153597402));
#2172=CARTESIAN_POINT('',(-3.81788589199246,-3.03092458022092,0.497235864291329));
#2173=CARTESIAN_POINT('Origin',(-2.117191535974,-2.117191535974,-2.11719153597402));
#2174=CARTESIAN_POINT('',(-3.03092458022092,-3.81788589199246,0.497235864291328));
#2175=CARTESIAN_POINT('Origin',(-2.117191535974,-2.117191535974,-2.11719153597402));
#2176=CARTESIAN_POINT('',(-2.99652123220725,-3.84578277605172,0.49072940033692));
#2177=CARTESIAN_POINT('Origin',(-2.117191535974,-2.117191535974,-2.11719153597402));
#2178=CARTESIAN_POINT('',(0.490729400336933,-3.84578277605172,-2.99652123220727));
#2179=CARTESIAN_POINT('Origin',(-2.117191535974,-2.117191535974,-2.11719153597402));
#2180=CARTESIAN_POINT('',(0.497235864291341,-3.81788589199246,-3.03092458022094));
#2181=CARTESIAN_POINT('Origin',(-2.117191535974,-2.117191535974,-2.11719153597402));
#2182=CARTESIAN_POINT('',(0.497235864291341,-3.03092458022092,-3.81788589199247));
#2183=CARTESIAN_POINT('Origin',(-2.117191535974,-2.117191535974,-2.11719153597402));
#2184=CARTESIAN_POINT('Origin',(-2.117191535974,-2.117191535974,-2.11719153597402));
#2185=CARTESIAN_POINT('Origin',(0.,0.,0.));
#2186=CARTESIAN_POINT('',(2.27713579136692,1.58596266906754,1.94224410624076E-16));
#2187=CARTESIAN_POINT('',(1.58596266906755,2.27713579136691,2.78868705812136E-16));
#2188=CARTESIAN_POINT('Origin',(0.,0.,0.));
#2189=CARTESIAN_POINT('',(2.27713579136692,1.36622708619239,0.805419851152232));
#2190=CARTESIAN_POINT('Origin',(2.27713579136692,0.,0.));
#2191=CARTESIAN_POINT('',(1.76390021095187,1.76390021095187,1.21570436028171));
#2192=CARTESIAN_POINT('Origin',(0.0160276386124805,0.390585928616299,-0.358530651391337));
#2193=CARTESIAN_POINT('',(1.3662270861924,2.27713579136691,0.805419851152236));
#2194=CARTESIAN_POINT('Origin',(0.390585928616299,0.0160276386124807,-0.358530651391338));
#2195=CARTESIAN_POINT('Origin',(1.04935524285041E-14,2.27713579136692,-8.95212151019968E-15));
#2196=CARTESIAN_POINT('Origin',(-2.0269830036265,-4.03104828620766,-0.523761778927576));
#2197=CARTESIAN_POINT('',(0.50391709911102,-3.82197130249036,-3.00393124424707));
#2198=CARTESIAN_POINT('Origin',(-0.8948929482154,-0.894892948215399,-0.894892948215413));
#2199=CARTESIAN_POINT('',(0.24885907518707,-4.24012531372526,-2.85033445135888));
#2200=CARTESIAN_POINT('Origin',(-0.8948929482154,-0.8948929482154,-0.894892948215414));
#2201=CARTESIAN_POINT('',(-2.85033445135886,-4.24012531372526,0.248859075187056));
#2202=CARTESIAN_POINT('',(-2.05234830043537,-4.24012531372526,-0.549127075736441));
#2203=CARTESIAN_POINT('Origin',(-0.8948929482154,-0.8948929482154,-0.894892948215414));
#2204=CARTESIAN_POINT('',(-3.00393124424706,-3.82197130249036,0.503917099111008));
#2205=CARTESIAN_POINT('Origin',(-0.8948929482154,-0.894892948215399,-0.894892948215413));
#2206=CARTESIAN_POINT('',(-0.270099647373381,-3.82197130249036,-2.22991449776267));
#2207=CARTESIAN_POINT('Origin',(-2.45373864405591,-2.45373864405591,-2.45373864405592));
#2208=CARTESIAN_POINT('Origin',(-3.31976404784034,-3.31976404784034,-3.31976404784036));
#2209=CARTESIAN_POINT('Origin',(-2.35456651242366,-0.441127200608419,-3.78609935572965));
#2210=CARTESIAN_POINT('',(0.50391710932537,-3.00393129826171,-3.82197125869007));
#2211=CARTESIAN_POINT('Origin',(-3.31976404784034,-3.31976404784034,-3.31976404784036));
#2212=CARTESIAN_POINT('',(0.367752671351179,-3.45912595227931,-3.75022740896894));
#2213=CARTESIAN_POINT('Origin',(-3.31976404784034,-3.31976404784034,-3.31976404784036));
#2214=CARTESIAN_POINT('',(-3.45912595227931,0.367752671351179,-3.75022740896894));
#2215=CARTESIAN_POINT('',(-2.50240629637169,-0.588966984556442,-3.75022740896894));
#2216=CARTESIAN_POINT('Origin',(-3.31976404784034,-3.31976404784034,-3.31976404784036));
#2217=CARTESIAN_POINT('',(-3.00393129826171,0.503917109325371,-3.82197125869007));
#2218=CARTESIAN_POINT('Origin',(-3.31976404784034,-3.31976404784034,-3.31976404784036));
#2219=CARTESIAN_POINT('',(-0.475208712831684,-2.02480547610465,-3.82197125869007));
#2220=CARTESIAN_POINT('Origin',(-2.45373864405591,-2.45373864405591,-2.45373864405592));
#2221=CARTESIAN_POINT('Origin',(-0.894892948215403,-0.894892948215402,-0.894892948215416));
#2222=CARTESIAN_POINT('Origin',(-3.78609935572964,-2.33137874313665,-0.464314969895446));
#2223=CARTESIAN_POINT('',(-3.82197125869006,0.503917109325371,-3.00393129826172));
#2224=CARTESIAN_POINT('Origin',(-3.31976404784034,-3.31976404784034,-3.31976404784035));
#2225=CARTESIAN_POINT('',(-3.75022740896893,0.367752671351179,-3.45912595227932));
#2226=CARTESIAN_POINT('Origin',(-3.31976404784034,-3.31976404784034,-3.31976404784035));
#2227=CARTESIAN_POINT('',(-3.75022740896892,-3.45912595227931,0.367752671351165));
#2228=CARTESIAN_POINT('',(-3.75022740896893,-2.47921852708467,-0.612154753843469));
#2229=CARTESIAN_POINT('Origin',(-3.31976404784034,-3.31976404784034,-3.31976404784035));
#2230=CARTESIAN_POINT('',(-3.82197125869006,-3.00393129826171,0.503917109325359));
#2231=CARTESIAN_POINT('Origin',(-3.31976404784034,-3.31976404784034,-3.31976404784035));
#2232=CARTESIAN_POINT('',(-3.82197125869006,-0.452020943544671,-2.04799324539168));
#2233=CARTESIAN_POINT('Origin',(-2.45373864405591,-2.45373864405591,-2.45373864405592));
#2234=CARTESIAN_POINT('Origin',(-0.894892948215408,-0.894892948215407,-0.89489294821542));
#2235=CARTESIAN_POINT('Origin',(-0.500574009640549,-2.05017077291352,-4.03104828620767));
#2236=CARTESIAN_POINT('Origin',(-0.894892948215403,-0.894892948215402,-0.894892948215416));
#2237=CARTESIAN_POINT('',(-2.85033445135886,0.248859075187069,-4.24012531372527));
#2238=CARTESIAN_POINT('Origin',(-0.894892948215404,-0.894892948215404,-0.894892948215418));
#2239=CARTESIAN_POINT('',(0.248859075187069,-2.85033445135886,-4.24012531372527));
#2240=CARTESIAN_POINT('',(-0.525939306449413,-2.07553606972238,-4.24012531372527));
#2241=CARTESIAN_POINT('Origin',(-0.894892948215404,-0.894892948215404,-0.894892948215418));
#2242=CARTESIAN_POINT('Origin',(-2.45373864405591,-2.45373864405591,-2.45373864405592));
#2243=CARTESIAN_POINT('Origin',(-0.417939431321405,-3.78609935572964,-2.37775428171069));
#2244=CARTESIAN_POINT('Origin',(-3.31976404784034,-3.31976404784034,-3.31976404784036));
#2245=CARTESIAN_POINT('',(-3.45912595227931,-3.75022740896893,0.367752671351165));
#2246=CARTESIAN_POINT('Origin',(-3.31976404784034,-3.31976404784034,-3.31976404784036));
#2247=CARTESIAN_POINT('',(0.367752671351179,-3.75022740896892,-3.45912595227932));
#2248=CARTESIAN_POINT('',(-0.565779215269428,-3.75022740896893,-2.52559406565871));
#2249=CARTESIAN_POINT('Origin',(-3.31976404784034,-3.31976404784034,-3.31976404784036));
#2250=CARTESIAN_POINT('Origin',(-2.45373864405591,-2.45373864405591,-2.45373864405592));
#2251=CARTESIAN_POINT('Origin',(-4.03104828620766,-0.477386240353535,-2.07335854220054));
#2252=CARTESIAN_POINT('Origin',(-0.894892948215408,-0.894892948215407,-0.89489294821542));
#2253=CARTESIAN_POINT('',(-4.24012531372526,-2.85033445135886,0.248859075187056));
#2254=CARTESIAN_POINT('Origin',(-0.894892948215406,-0.894892948215406,-0.894892948215421));
#2255=CARTESIAN_POINT('',(-4.24012531372526,0.248859075187068,-2.85033445135887));
#2256=CARTESIAN_POINT('',(-4.24012531372526,-0.5027515371624,-2.09872383900941));
#2257=CARTESIAN_POINT('Origin',(-0.894892948215406,-0.894892948215406,-0.894892948215421));
#2258=CARTESIAN_POINT('Origin',(-2.45373864405591,-2.45373864405591,-2.45373864405592));
#2259=CARTESIAN_POINT('Origin',(0.194547590594292,-3.92343248972581,-3.63233103303621));
#2260=CARTESIAN_POINT('',(-3.6323310330362,-3.92343248972581,0.19454759059428));
#2261=CARTESIAN_POINT('',(-3.46405747899524,-3.75515893568486,0.36282114463523));
#2262=CARTESIAN_POINT('',(0.194547590594292,-3.92343248972581,-3.63233103303621));
#2263=CARTESIAN_POINT('',(-0.34882067121867,-3.92343248972581,-3.08896277122325));
#2264=CARTESIAN_POINT('',(0.362821144635242,-3.75515893568486,-3.46405747899526));
#2265=CARTESIAN_POINT('Origin',(-3.02353953211575,-4.41333039448215,0.0756539944301698));
#2266=CARTESIAN_POINT('',(0.0756539944301832,-4.41333039448215,-3.02353953211577));
#2267=CARTESIAN_POINT('',(0.243927548471133,-4.2450568404412,-2.85526597807481));
#2268=CARTESIAN_POINT('',(-3.02353953211575,-4.41333039448215,0.0756539944301696));
#2269=CARTESIAN_POINT('',(-1.83538975638461,-4.41333039448215,-1.11249578130097));
#2270=CARTESIAN_POINT('',(-2.8552659780748,-4.2450568404412,0.24392754847112));
#2271=CARTESIAN_POINT('Origin',(0.0756539944301832,-3.02353953211575,-4.41333039448216));
#2272=CARTESIAN_POINT('',(-3.02353953211575,0.0756539944301832,-4.41333039448216));
#2273=CARTESIAN_POINT('',(-2.8552659780748,0.243927548471132,-4.24505684044121));
#2274=CARTESIAN_POINT('',(0.0756539944301832,-3.02353953211575,-4.41333039448216));
#2275=CARTESIAN_POINT('',(-0.699144387206301,-2.24874115047927,-4.41333039448216));
#2276=CARTESIAN_POINT('',(0.243927548471132,-2.8552659780748,-4.24505684044121));
#2277=CARTESIAN_POINT('Origin',(-3.6323310330362,0.194547590594292,-3.92343248972583));
#2278=CARTESIAN_POINT('',(0.194547590594293,-3.6323310330362,-3.92343248972583));
#2279=CARTESIAN_POINT('',(0.362821144635242,-3.46405747899525,-3.75515893568488));
#2280=CARTESIAN_POINT('',(-3.6323310330362,0.194547590594292,-3.92343248972583));
#2281=CARTESIAN_POINT('',(-2.67561137712857,-0.76217206531333,-3.92343248972583));
#2282=CARTESIAN_POINT('',(-3.46405747899525,0.362821144635242,-3.75515893568488));
#2283=CARTESIAN_POINT('Origin',(-3.92343248972581,-3.6323310330362,0.194547590594281));
#2284=CARTESIAN_POINT('',(-3.92343248972581,0.194547590594293,-3.63233103303621));
#2285=CARTESIAN_POINT('',(-3.75515893568486,0.362821144635242,-3.46405747899526));
#2286=CARTESIAN_POINT('',(-3.92343248972581,-3.6323310330362,0.19454759059428));
#2287=CARTESIAN_POINT('',(-3.92343248972581,-2.26225998303391,-1.175523459408));
#2288=CARTESIAN_POINT('',(-3.75515893568486,-3.46405747899524,0.362821144635229));
#2289=CARTESIAN_POINT('Origin',(-4.41333039448215,0.0756539944301832,-3.02353953211576));
#2290=CARTESIAN_POINT('',(-4.41333039448215,-3.02353953211575,0.0756539944301707));
#2291=CARTESIAN_POINT('',(-4.2450568404412,-2.8552659780748,0.24392754847112));
#2292=CARTESIAN_POINT('',(-4.41333039448215,0.0756539944301832,-3.02353953211576));
#2293=CARTESIAN_POINT('',(-4.41333039448215,-0.28579299311164,-2.66209254457394));
#2294=CARTESIAN_POINT('',(-4.2450568404412,0.243927548471132,-2.85526597807481));
#2295=CARTESIAN_POINT('Origin',(-1.90260345192969,-1.90260345192969,-3.55600902830835));
#2296=CARTESIAN_POINT('Origin',(-2.45373864405591,-2.45373864405591,-2.45373864405592));
#2297=CARTESIAN_POINT('Origin',(-1.90260345192969,-1.90260345192969,-3.55600902830835));
#2298=CARTESIAN_POINT('Origin',(-2.45373864405591,-2.45373864405591,-2.45373864405592));
#2299=CARTESIAN_POINT('Origin',(-1.90260345192969,-1.90260345192969,-3.55600902830835));
#2300=CARTESIAN_POINT('Origin',(-2.45373864405591,-2.45373864405591,-2.45373864405592));
#2301=CARTESIAN_POINT('Origin',(-1.90260345192969,-1.90260345192969,-3.55600902830835));
#2302=CARTESIAN_POINT('Origin',(-2.45373864405591,-2.45373864405591,-2.45373864405592));
#2303=CARTESIAN_POINT('Origin',(-2.45373864405591,-2.45373864405591,-2.45373864405592));
#2304=CARTESIAN_POINT('Origin',(-2.45373864405591,-2.45373864405591,-2.45373864405592));
#2305=CARTESIAN_POINT('',(-3.00487383618212,-3.00487383618212,-1.35146825980349));
#2306=CARTESIAN_POINT('Origin',(-2.45373864405591,-2.45373864405591,-2.45373864405592));
#2307=CARTESIAN_POINT('Origin',(-2.28546509001495,-2.28546509001495,-2.28546509001497));
#2308=CARTESIAN_POINT('Origin',(-2.28546509001495,-2.28546509001495,-2.28546509001497));
#2309=CARTESIAN_POINT('Origin',(-2.28546509001495,-2.28546509001495,-2.28546509001497));
#2310=CARTESIAN_POINT('Origin',(-2.28546509001495,-2.28546509001495,-2.28546509001497));
#2311=CARTESIAN_POINT('Origin',(-2.28546509001495,-2.28546509001495,-2.28546509001497));
#2312=CARTESIAN_POINT('Origin',(-2.28546509001495,-2.28546509001495,-2.28546509001497));
#2313=CARTESIAN_POINT('Origin',(0.0999999977648394,5.,-2.75000000000001));
#2314=CARTESIAN_POINT('',(0.0999999977648392,2.2,-2.75000000000001));
#2315=CARTESIAN_POINT('',(0.0999999977648394,5.,-2.75000000000001));
#2316=CARTESIAN_POINT('',(0.0999999977648403,2.2,-1.68837940062271));
#2317=CARTESIAN_POINT('',(0.0999999977648418,2.2,-1.40340360774909E-14));
#2318=CARTESIAN_POINT('',(0.0999999977648403,2.27713579136691,-1.58280687012753));
#2319=CARTESIAN_POINT('Origin',(0.0999999977648416,-5.55111499904955E-18,
-8.95748102119362E-17));
#2320=CARTESIAN_POINT('Origin',(0.0999999977648418,3.475,-1.37508691282245E-14));
#2321=CARTESIAN_POINT('Origin',(-2.74999999999998,5.,-0.0999999977648367));
#2322=CARTESIAN_POINT('',(-2.74999999999998,2.2,-0.0999999977648372));
#2323=CARTESIAN_POINT('',(-2.74999999999998,5.,-0.0999999977648367));
#2324=CARTESIAN_POINT('',(-1.68837940062271,2.2,-0.0999999977648383));
#2325=CARTESIAN_POINT('',(1.58534126747726E-14,2.2,-0.0999999977648398));
#2326=CARTESIAN_POINT('',(-1.58280687012751,2.27713579136692,-0.0999999977648383));
#2327=CARTESIAN_POINT('Origin',(-8.9574810211935E-17,2.2204459996198E-17,
-0.0999999977648403));
#2328=CARTESIAN_POINT('Origin',(1.59240045412252E-14,3.475,-0.0999999977648395));
#2329=CARTESIAN_POINT('Origin',(-0.491116522399213,2.2,-0.491116522399242));
#2330=CARTESIAN_POINT('',(-1.6913382275583,2.2,2.69422295812418E-16));
#2331=CARTESIAN_POINT('Origin',(1.22124532708767E-16,2.2,4.88498130835069E-16));
#2332=CARTESIAN_POINT('',(-2.74999999999998,2.2,0.0999999977648142));
#2333=CARTESIAN_POINT('Origin',(-2.74999999999998,2.2,-1.16545662010026E-14));
#2334=CARTESIAN_POINT('',(-1.68837940062271,2.2,0.0999999977648133));
#2335=CARTESIAN_POINT('',(-2.74999999999998,2.2,0.0999999977648142));
#2336=CARTESIAN_POINT('Origin',(1.22124532708767E-16,2.2,4.88498130835069E-16));
#2337=CARTESIAN_POINT('Origin',(-0.491116522399213,2.2,-0.491116522399242));
#2338=CARTESIAN_POINT('',(-0.0999999977648113,2.2,-1.68837940062271));
#2339=CARTESIAN_POINT('Origin',(1.22124532708767E-16,2.2,4.88498130835069E-16));
#2340=CARTESIAN_POINT('',(-0.0999999977648122,2.2,-2.75000000000001));
#2341=CARTESIAN_POINT('Origin',(1.34845787104451E-14,2.2,-2.75000000000001));
#2342=CARTESIAN_POINT('',(-0.0999999977648122,2.2,-2.75000000000001));
#2343=CARTESIAN_POINT('Origin',(1.36400099338926E-14,5.,-2.75000000000001));
#2344=CARTESIAN_POINT('',(-0.099999997764812,5.,-2.75000000000001));
#2345=CARTESIAN_POINT('Origin',(-0.0999999977648098,5.,-0.0999999977648391));
#2346=CARTESIAN_POINT('',(-0.0999999977648112,2.27713579136691,-1.58280687012753));
#2347=CARTESIAN_POINT('Origin',(-0.0999999977648098,3.475,-1.35780275930268E-14));
#2348=CARTESIAN_POINT('Origin',(-0.09999999776481,5.55111499904779E-18,
8.32667249857172E-17));
#2349=CARTESIAN_POINT('Origin',(-2.74999999999998,5.,-1.10328413072125E-14));
#2350=CARTESIAN_POINT('',(-2.74999999999998,5.,0.0999999977648148));
#2351=CARTESIAN_POINT('Origin',(-0.0414213584724681,5.,0.0999999977648125));
#2352=CARTESIAN_POINT('',(-1.58280687012751,2.27713579136692,0.0999999977648132));
#2353=CARTESIAN_POINT('Origin',(1.60968460764228E-14,3.475,0.0999999977648122));
#2354=CARTESIAN_POINT('Origin',(8.32667249857183E-17,-2.22044599961916E-17,
0.0999999977648114));
#2355=CARTESIAN_POINT('Origin',(0.,0.,0.));
#2356=CARTESIAN_POINT('Origin',(1.04935524285041E-14,2.27713579136692,-8.95212151019968E-15));
#2357=CARTESIAN_POINT('Origin',(1.04935524285041E-14,2.27713579136692,-8.95212151019968E-15));
#2358=CARTESIAN_POINT('',(-2.77500000000001,1.69919743381696E-16,2.08091669844334E-32));
#2359=CARTESIAN_POINT('Origin',(0.,0.,0.));
#2360=CARTESIAN_POINT('',(0.805419851152229,2.27713579136692,1.36622708619239));
#2361=CARTESIAN_POINT('Origin',(1.04935524285041E-14,2.27713579136692,-8.95212151019968E-15));
#2362=CARTESIAN_POINT('',(1.21570436028171,1.76390021095187,1.76390021095187));
#2363=CARTESIAN_POINT('Origin',(-0.358530651391338,0.0160276386124806,0.390585928616299));
#2364=CARTESIAN_POINT('',(0.805419851152245,1.3662270861924,2.2771357913669));
#2365=CARTESIAN_POINT('Origin',(-0.358530651391338,0.390585928616299,0.0160276386124806));
#2366=CARTESIAN_POINT('',(-1.58280687012752,0.0999999977648415,2.27713579136691));
#2367=CARTESIAN_POINT('Origin',(1.55689069742603E-15,1.08172983912866E-14,
2.27713579136691));
#2368=CARTESIAN_POINT('',(-1.68837940062273,0.0999999977648414,2.19999999999999));
#2369=CARTESIAN_POINT('Origin',(-3.40636602214405E-17,0.0999999977648414,
-2.77555749952477E-17));
#2370=CARTESIAN_POINT('',(-1.68837940062273,-0.0999999977648101,2.19999999999999));
#2371=CARTESIAN_POINT('Origin',(9.76996261670131E-16,6.10622663543832E-16,
2.19999999999999));
#2372=CARTESIAN_POINT('',(-1.58280687012752,-0.0999999977648101,2.27713579136691));
#2373=CARTESIAN_POINT('Origin',(2.77555749952392E-17,-0.0999999977648103,
2.77555749952391E-17));
#2374=CARTESIAN_POINT('',(-0.0999999977648234,-1.58280687012752,2.27713579136692));
#2375=CARTESIAN_POINT('Origin',(1.55689069742603E-15,1.08172983912866E-14,
2.27713579136691));
#2376=CARTESIAN_POINT('',(-0.0999999977648234,-1.68837940062273,2.19999999999999));
#2377=CARTESIAN_POINT('Origin',(-0.099999997764825,-3.40636602214349E-17,
4.44089199923892E-17));
#2378=CARTESIAN_POINT('',(0.0999999977648281,-1.68837940062273,2.19999999999999));
#2379=CARTESIAN_POINT('Origin',(9.76996261670131E-16,6.10622663543832E-16,
2.19999999999999));
#2380=CARTESIAN_POINT('',(0.0999999977648281,-1.58280687012752,2.27713579136692));
#2381=CARTESIAN_POINT('Origin',(0.0999999977648267,2.77555749952437E-17,
-4.44089199923899E-17));
#2382=CARTESIAN_POINT('',(1.3662270861924,0.805419851152243,2.27713579136691));
#2383=CARTESIAN_POINT('Origin',(1.55689069742603E-15,1.08172983912866E-14,
2.27713579136691));
#2384=CARTESIAN_POINT('',(1.76390021095187,1.21570436028171,1.76390021095187));
#2385=CARTESIAN_POINT('Origin',(0.390585928616299,-0.358530651391338,0.0160276386124806));
#2386=CARTESIAN_POINT('',(2.27713579136692,0.805419851152232,1.36622708619239));
#2387=CARTESIAN_POINT('Origin',(0.0160276386124807,-0.358530651391337,0.390585928616299));
#2388=CARTESIAN_POINT('',(2.27713579136692,-1.58280687012752,0.0999999977648257));
#2389=CARTESIAN_POINT('Origin',(2.27713579136692,0.,0.));
#2390=CARTESIAN_POINT('',(2.2,-1.68837940062271,0.0999999977648257));
#2391=CARTESIAN_POINT('Origin',(0.,-6.3080852261917E-18,0.0999999977648258));
#2392=CARTESIAN_POINT('',(2.2,-1.68837940062271,-0.0999999977648258));
#2393=CARTESIAN_POINT('Origin',(2.2,0.,0.));
#2394=CARTESIAN_POINT('',(2.27713579136692,-1.58280687012752,-0.0999999977648258));
#2395=CARTESIAN_POINT('Origin',(0.,0.,-0.0999999977648258));
#2396=CARTESIAN_POINT('',(2.27713579136692,-0.0999999977648257,-1.58280687012752));
#2397=CARTESIAN_POINT('Origin',(2.27713579136692,0.,0.));
#2398=CARTESIAN_POINT('',(2.2,-0.0999999977648257,-1.68837940062271));
#2399=CARTESIAN_POINT('Origin',(0.,-0.0999999977648258,-6.30808522619169E-18));
#2400=CARTESIAN_POINT('',(2.2,0.0999999977648258,-1.68837940062271));
#2401=CARTESIAN_POINT('Origin',(2.2,0.,0.));
#2402=CARTESIAN_POINT('',(2.27713579136692,0.0999999977648258,-1.58280687012752));
#2403=CARTESIAN_POINT('Origin',(0.,0.0999999977648258,0.));
#2404=CARTESIAN_POINT('Origin',(2.27713579136692,0.,0.));
#2405=CARTESIAN_POINT('',(-1.95091196004314,-1.95091196004314,-0.297506383664518));
#2406=CARTESIAN_POINT('Origin',(-1.39977676791693,-1.39977676791693,-1.39977676791695));
#2407=CARTESIAN_POINT('Origin',(1.60135793514371E-14,3.475,-1.36612943180126E-14));
#2408=CARTESIAN_POINT('Origin',(-0.287558065311758,3.48785490301327,0.313267871338306));
#2409=CARTESIAN_POINT('Origin',(1.60135793514371E-14,3.475,-1.36612943180126E-14));
#2410=CARTESIAN_POINT('Origin',(1.60135793514371E-14,3.475,-1.36612943180126E-14));
#2411=CARTESIAN_POINT('',(1.35238208913533,4.62380845323743,0.895241907394991));
#2412=CARTESIAN_POINT('Origin',(0.313267871338303,3.48785490301327,-0.287558065311758));
#2413=CARTESIAN_POINT('Origin',(2.13075463515865E-14,4.62380845323743,-1.81776138560549E-14));
#2414=CARTESIAN_POINT('Origin',(0.,0.,0.));
#2415=CARTESIAN_POINT('',(2.95266375367389,2.95266375367389,2.56389420910477));
#2416=CARTESIAN_POINT('Origin',(0.390585928616299,0.0160276386124807,-0.358530651391338));
#2417=CARTESIAN_POINT('',(4.62380845323743,1.35238208913532,0.895241907394985));
#2418=CARTESIAN_POINT('Origin',(0.0160276386124805,0.390585928616299,-0.358530651391337));
#2419=CARTESIAN_POINT('Origin',(4.62380845323743,0.,0.));
#2420=CARTESIAN_POINT('Origin',(4.53339015131848,4.53339015131848,4.35661345602184));
#2421=CARTESIAN_POINT('',(4.50066989659631,4.50066989659631,4.31950505415554));
#2422=CARTESIAN_POINT('Origin',(-2.75,0.0999999977648418,4.99999999999999));
#2423=CARTESIAN_POINT('',(-2.75,0.0999999977648409,2.19999999999999));
#2424=CARTESIAN_POINT('',(-2.75,0.0999999977648418,4.99999999999999));
#2425=CARTESIAN_POINT('',(1.77553979193054E-15,0.099999997764842,2.19999999999999));
#2426=CARTESIAN_POINT('Origin',(2.3418136124764E-15,0.0999999977648423,
3.47499999999999));
#2427=CARTESIAN_POINT('Origin',(-0.0999999977648218,-2.74999999999998,4.99999999999999));
#2428=CARTESIAN_POINT('',(-0.099999997764823,-2.74999999999998,2.19999999999999));
#2429=CARTESIAN_POINT('',(-0.0999999977648218,-2.74999999999998,4.99999999999999));
#2430=CARTESIAN_POINT('',(-0.099999997764824,1.61198661994419E-14,2.19999999999999));
#2431=CARTESIAN_POINT('Origin',(-0.0999999977648234,1.64735649371739E-14,
3.47499999999999));
#2432=CARTESIAN_POINT('Origin',(-0.491116522399226,-0.491116522399213,2.19999999999999));
#2433=CARTESIAN_POINT('',(0.0999999977648284,-2.74999999999998,2.19999999999999));
#2434=CARTESIAN_POINT('Origin',(2.5729418595688E-15,-2.74999999999998,2.19999999999999));
#2435=CARTESIAN_POINT('',(0.0999999977648284,-2.74999999999998,2.19999999999999));
#2436=CARTESIAN_POINT('Origin',(-0.491116522399226,-0.491116522399213,2.19999999999999));
#2437=CARTESIAN_POINT('',(-2.75,-0.0999999977648104,2.19999999999999));
#2438=CARTESIAN_POINT('Origin',(-2.75,1.52220777439835E-14,2.19999999999999));
#2439=CARTESIAN_POINT('',(-2.75,-0.0999999977648104,2.19999999999999));
#2440=CARTESIAN_POINT('Origin',(-2.75,1.59992338612211E-14,4.99999999999999));
#2441=CARTESIAN_POINT('',(-2.75,-0.0999999977648097,4.99999999999999));
#2442=CARTESIAN_POINT('Origin',(-0.0999999977648227,-0.0999999977648089,
4.99999999999998));
#2443=CARTESIAN_POINT('Origin',(2.40363284769308E-15,-0.0999999977648093,
3.47499999999999));
#2444=CARTESIAN_POINT('Origin',(3.81639164714898E-15,-2.74999999999998,
4.99999999999999));
#2445=CARTESIAN_POINT('',(0.0999999977648296,-2.74999999999998,4.99999999999999));
#2446=CARTESIAN_POINT('Origin',(0.0999999977648289,-0.0414213584724673,
4.99999999999998));
#2447=CARTESIAN_POINT('Origin',(0.0999999977648282,1.65353841723905E-14,
3.47499999999999));
#2448=CARTESIAN_POINT('Origin',(2.37587727269784E-15,1.65076285973953E-14,
3.47499999999999));
#2449=CARTESIAN_POINT('Origin',(0.313267871338314,-0.287558065311749,3.48785490301326));
#2450=CARTESIAN_POINT('Origin',(2.37587727269784E-15,1.65076285973953E-14,
3.47499999999999));
#2451=CARTESIAN_POINT('Origin',(2.37587727269784E-15,1.65076285973953E-14,
3.47499999999999));
#2452=CARTESIAN_POINT('Origin',(-0.28755806531175,0.313267871338313,3.48785490301326));
#2453=CARTESIAN_POINT('Origin',(4.35661345602184,4.53339015131848,4.53339015131848));
#2454=CARTESIAN_POINT('',(4.31950505415554,4.50066989659631,4.50066989659631));
#2455=CARTESIAN_POINT('Origin',(7.74045090993051,2.92985977201247,2.75308307671583));
#2456=CARTESIAN_POINT('Origin',(3.48785490301327,0.313267871338304,-0.287558065311759));
#2457=CARTESIAN_POINT('Origin',(2.75308307671583,7.74045090993051,2.92985977201247));
#2458=CARTESIAN_POINT('Origin',(2.92985977201247,2.75308307671583,7.74045090993051));
#2459=CARTESIAN_POINT('',(4.50066989659631,4.31950505415554,4.50066989659631));
#2460=CARTESIAN_POINT('Origin',(4.53339015131848,4.35661345602184,4.53339015131848));
#2461=CARTESIAN_POINT('Origin',(3.48785490301327,-0.287558065311758,0.313267871338303));
#2462=CARTESIAN_POINT('Origin',(3.475,0.,0.));
#2463=CARTESIAN_POINT('Origin',(3.475,0.0999999977648258,0.));
#2464=CARTESIAN_POINT('Origin',(5.,-2.75,0.0999999977648257));
#2465=CARTESIAN_POINT('',(2.2,-2.75,0.0999999977648255));
#2466=CARTESIAN_POINT('',(5.,-2.75,0.0999999977648257));
#2467=CARTESIAN_POINT('',(2.2,-6.36816321322669E-18,0.0999999977648258));
#2468=CARTESIAN_POINT('Origin',(3.475,-6.3080852261917E-18,0.0999999977648258));
#2469=CARTESIAN_POINT('Origin',(5.,-0.0999999977648257,-2.75));
#2470=CARTESIAN_POINT('',(2.2,-0.0999999977648255,-2.75));
#2471=CARTESIAN_POINT('',(5.,-0.0999999977648257,-2.75));
#2472=CARTESIAN_POINT('',(2.2,-0.0999999977648258,-6.12323385887182E-18));
#2473=CARTESIAN_POINT('Origin',(3.475,-0.0999999977648258,-6.30808522619169E-18));
#2474=CARTESIAN_POINT('Origin',(2.2,-0.491116522399228,-0.491116522399229));
#2475=CARTESIAN_POINT('',(2.2,0.0999999977648258,-2.75));
#2476=CARTESIAN_POINT('Origin',(2.2,0.,-2.75));
#2477=CARTESIAN_POINT('',(2.2,0.0999999977648258,-2.75));
#2478=CARTESIAN_POINT('Origin',(2.2,-0.491116522399228,-0.491116522399229));
#2479=CARTESIAN_POINT('',(2.2,-2.75,-0.0999999977648258));
#2480=CARTESIAN_POINT('Origin',(2.2,-2.75,-1.68388934882761E-16));
#2481=CARTESIAN_POINT('',(2.2,-2.75,-0.0999999977648258));
#2482=CARTESIAN_POINT('Origin',(5.,-2.75,-1.68388934882761E-16));
#2483=CARTESIAN_POINT('',(5.,-2.75,-0.0999999977648258));
#2484=CARTESIAN_POINT('Origin',(5.,-0.0999999977648258,-0.0999999977648258));
#2485=CARTESIAN_POINT('Origin',(3.475,0.,-0.0999999977648258));
#2486=CARTESIAN_POINT('Origin',(5.,0.,-2.75));
#2487=CARTESIAN_POINT('',(5.,0.0999999977648258,-2.75));
#2488=CARTESIAN_POINT('Origin',(5.,0.0999999977648258,-0.0414213584724843));
#2489=CARTESIAN_POINT('Origin',(3.475,0.,0.));
#2490=CARTESIAN_POINT('Origin',(3.475,0.,0.));
#2491=CARTESIAN_POINT('Origin',(-1.92675770598642,-1.92675770598642,-1.92675770598643));
#2492=CARTESIAN_POINT('',(-2.47789289811263,-2.47789289811263,-0.824487321734006));
#2493=UNCERTAINTY_MEASURE_WITH_UNIT(LENGTH_MEASURE(0.01),#2497,
'DISTANCE_ACCURACY_VALUE',
'Maximum model space distance between geometric entities at asserted c
onnectivities');
#2494=UNCERTAINTY_MEASURE_WITH_UNIT(LENGTH_MEASURE(0.01),#2497,
'DISTANCE_ACCURACY_VALUE',
'Maximum model space distance between geometric entities at asserted c
onnectivities');
#2495=(
GEOMETRIC_REPRESENTATION_CONTEXT(3)
GLOBAL_UNCERTAINTY_ASSIGNED_CONTEXT((#2493))
GLOBAL_UNIT_ASSIGNED_CONTEXT((#2497,#2499,#2500))
REPRESENTATION_CONTEXT('','3D')
);
#2496=(
GEOMETRIC_REPRESENTATION_CONTEXT(3)
GLOBAL_UNCERTAINTY_ASSIGNED_CONTEXT((#2494))
GLOBAL_UNIT_ASSIGNED_CONTEXT((#2497,#2499,#2500))
REPRESENTATION_CONTEXT('','3D')
);
#2497=(
LENGTH_UNIT()
NAMED_UNIT(*)
SI_UNIT(.MILLI.,.METRE.)
);
#2498=(
LENGTH_UNIT()
NAMED_UNIT(*)
SI_UNIT($,.METRE.)
);
#2499=(
NAMED_UNIT(*)
PLANE_ANGLE_UNIT()
SI_UNIT($,.RADIAN.)
);
#2500=(
NAMED_UNIT(*)
SI_UNIT($,.STERADIAN.)
SOLID_ANGLE_UNIT()
);
#2501=SHAPE_DEFINITION_REPRESENTATION(#2502,#2503);
#2502=PRODUCT_DEFINITION_SHAPE('',$,#2505);
#2503=SHAPE_REPRESENTATION('',(#1303),#2495);
#2504=PRODUCT_DEFINITION_CONTEXT('part definition',#2509,'design');
#2505=PRODUCT_DEFINITION('2025-11-13-04-31-16-587','(\X2\672A4FDD5B58\X0\)',
#2506,#2504);
#2506=PRODUCT_DEFINITION_FORMATION('',$,#2511);
#2507=PRODUCT_RELATED_PRODUCT_CATEGORY('(\X2\672A4FDD5B58\X0\)',
'(\X2\672A4FDD5B58\X0\)',(#2511));
#2508=APPLICATION_PROTOCOL_DEFINITION('international standard',
'automotive_design',2009,#2509);
#2509=APPLICATION_CONTEXT(
'Core Data for Automotive Mechanical Design Process');
#2510=PRODUCT_CONTEXT('part definition',#2509,'mechanical');
#2511=PRODUCT('2025-11-13-04-31-16-587','(\X2\672A4FDD5B58\X0\)',$,(#2510));
#2512=PRESENTATION_STYLE_ASSIGNMENT((#2513));
#2513=SURFACE_STYLE_USAGE(.BOTH.,#2514);
#2514=SURFACE_SIDE_STYLE('',(#2515));
#2515=SURFACE_STYLE_FILL_AREA(#2516);
#2516=FILL_AREA_STYLE('\X2\94A2\X0\ - \X2\7F0E5149\X0\',(#2517));
#2517=FILL_AREA_STYLE_COLOUR('\X2\94A2\X0\ - \X2\7F0E5149\X0\',#2518);
#2518=COLOUR_RGB('\X2\94A2\X0\ - \X2\7F0E5149\X0\',0.627450980392157,0.627450980392157,
0.627450980392157);
ENDSEC;
END-ISO-10303-21;
