ISO-10303-21;
HEADER;
/* Generated by software containing ST-Developer
 * from STEP Tools, Inc. (www.steptools.com) 
 */

FILE_DESCRIPTION(
/* description */ (''),
/* implementation_level */ '2;1');

FILE_NAME(
/* name */ 'mounttest-base.step',
/* time_stamp */ '2025-12-08T02:48:48-08:00',
/* author */ (''),
/* organization */ (''),
/* preprocessor_version */ 'ST-DEVELOPER v20.1',
/* originating_system */ 'Autodesk Translation Framework v14.21.0.0',
/* authorisation */ '');

FILE_SCHEMA (('AUTOMOTIVE_DESIGN { 1 0 10303 214 3 1 1 }'));
ENDSEC;

DATA;
#10=MECHANICAL_DESIGN_GEOMETRIC_PRESENTATION_REPRESENTATION('',(#13),#4575);
#11=SHAPE_REPRESENTATION_RELATIONSHIP('SRR','None',#4582,#12);
#12=ADVANCED_BREP_SHAPE_REPRESENTATION('',(#14),#4574);
#13=STYLED_ITEM('',(#4591),#14);
#14=MANIFOLD_SOLID_BREP('\X2\5B9E4F53\X0\1',#2739);
#15=TOROIDAL_SURFACE('',#2846,2.5,1.);
#16=TOROIDAL_SURFACE('',#2860,2.5,1.);
#17=TOROIDAL_SURFACE('',#2875,2.5,1.);
#18=TOROIDAL_SURFACE('',#2905,3.,1.);
#19=TOROIDAL_SURFACE('',#2909,3.,1.);
#20=TOROIDAL_SURFACE('',#2913,3.,1.);
#21=ELLIPSE('',#2835,8.57321409974112,3.5);
#22=ELLIPSE('',#2836,8.57321409974112,3.5);
#23=ELLIPSE('',#2843,8.57321409974112,3.5);
#24=ELLIPSE('',#2844,8.57321409974113,3.5);
#25=ELLIPSE('',#2865,8.57321409974112,3.5);
#26=ELLIPSE('',#2881,8.57321409974112,3.5);
#27=B_SPLINE_CURVE_WITH_KNOTS('',3,(#4085,#4086,#4087,#4088,#4089,#4090,
#4091,#4092,#4093,#4094,#4095,#4096,#4097,#4098),.UNSPECIFIED.,.F.,.F.,
(4,2,2,2,2,2,4),(0.41096227061699,0.443862391655961,0.479325041083648,0.514787690511335,
0.550250339939022,0.585712989366708,0.61861311040568),.UNSPECIFIED.);
#28=B_SPLINE_CURVE_WITH_KNOTS('',3,(#4153,#4154,#4155,#4156,#4157,#4158,
#4159,#4160,#4161,#4162,#4163,#4164,#4165,#4166),.UNSPECIFIED.,.F.,.F.,
(4,2,2,2,2,2,4),(0.41056716256988,0.437844957928941,0.476204921158339,0.514564884387737,
0.552924847617136,0.591284810846534,0.618562606205288),.UNSPECIFIED.);
#29=B_SPLINE_CURVE_WITH_KNOTS('',3,(#4182,#4183,#4184,#4185,#4186,#4187,
#4188,#4189,#4190,#4191,#4192,#4193,#4194,#4195),.UNSPECIFIED.,.F.,.F.,
(4,2,2,2,2,2,4),(0.410830231094286,0.440392915784924,0.477568997968264,
0.514745080151603,0.551921162334942,0.589097244518281,0.61865992920892),
 .UNSPECIFIED.);
#30=CONICAL_SURFACE('',#2784,0.650000000000001,0.785398163397446);
#31=CONICAL_SURFACE('',#2796,0.650000000000001,0.785398163397446);
#32=CONICAL_SURFACE('',#2800,0.650000000000001,0.785398163397448);
#33=CONICAL_SURFACE('',#2812,0.650000000000001,0.785398163397447);
#34=CONICAL_SURFACE('',#2816,0.650000000000001,0.785398163397449);
#35=CONICAL_SURFACE('',#2828,0.650000000000001,0.785398163397449);
#36=FACE_BOUND('',#252,.T.);
#37=FACE_BOUND('',#262,.T.);
#38=FACE_BOUND('',#265,.T.);
#39=FACE_BOUND('',#266,.T.);
#40=FACE_BOUND('',#267,.T.);
#41=FACE_BOUND('',#268,.T.);
#42=FACE_BOUND('',#274,.T.);
#43=FACE_BOUND('',#275,.T.);
#44=FACE_BOUND('',#276,.T.);
#45=FACE_BOUND('',#277,.T.);
#46=FACE_BOUND('',#283,.T.);
#47=FACE_BOUND('',#284,.T.);
#48=FACE_BOUND('',#285,.T.);
#49=FACE_BOUND('',#286,.T.);
#50=FACE_BOUND('',#293,.T.);
#51=FACE_BOUND('',#301,.T.);
#52=FACE_BOUND('',#302,.T.);
#53=FACE_BOUND('',#303,.T.);
#54=FACE_BOUND('',#304,.T.);
#55=FACE_BOUND('',#305,.T.);
#56=FACE_BOUND('',#306,.T.);
#57=FACE_BOUND('',#307,.T.);
#58=FACE_BOUND('',#308,.T.);
#59=FACE_BOUND('',#313,.T.);
#60=FACE_BOUND('',#314,.T.);
#61=FACE_BOUND('',#315,.T.);
#62=FACE_BOUND('',#316,.T.);
#63=FACE_BOUND('',#317,.T.);
#64=FACE_BOUND('',#318,.T.);
#65=FACE_BOUND('',#319,.T.);
#66=FACE_BOUND('',#320,.T.);
#67=FACE_BOUND('',#325,.T.);
#68=FACE_BOUND('',#326,.T.);
#69=FACE_BOUND('',#327,.T.);
#70=FACE_BOUND('',#328,.T.);
#71=FACE_BOUND('',#329,.T.);
#72=FACE_BOUND('',#330,.T.);
#73=FACE_BOUND('',#331,.T.);
#74=FACE_BOUND('',#332,.T.);
#75=FACE_BOUND('',#358,.T.);
#76=CYLINDRICAL_SURFACE('',#2755,0.125);
#77=CYLINDRICAL_SURFACE('',#2764,0.125);
#78=CYLINDRICAL_SURFACE('',#2770,0.125);
#79=CYLINDRICAL_SURFACE('',#2794,0.500000000000001);
#80=CYLINDRICAL_SURFACE('',#2798,0.500000000000001);
#81=CYLINDRICAL_SURFACE('',#2810,0.500000000000001);
#82=CYLINDRICAL_SURFACE('',#2814,0.500000000000001);
#83=CYLINDRICAL_SURFACE('',#2826,0.5);
#84=CYLINDRICAL_SURFACE('',#2830,0.5);
#85=CYLINDRICAL_SURFACE('',#2832,1.);
#86=CYLINDRICAL_SURFACE('',#2841,1.);
#87=CYLINDRICAL_SURFACE('',#2845,1.);
#88=CYLINDRICAL_SURFACE('',#2850,3.5);
#89=CYLINDRICAL_SURFACE('',#2851,1.);
#90=CYLINDRICAL_SURFACE('',#2864,3.5);
#91=CYLINDRICAL_SURFACE('',#2866,1.);
#92=CYLINDRICAL_SURFACE('',#2880,3.5);
#93=CYLINDRICAL_SURFACE('',#2882,1.);
#94=CYLINDRICAL_SURFACE('',#2904,1.35);
#95=CYLINDRICAL_SURFACE('',#2908,1.);
#96=CYLINDRICAL_SURFACE('',#2912,1.);
#97=CYLINDRICAL_SURFACE('',#2916,1.);
#98=CYLINDRICAL_SURFACE('',#2918,4.);
#99=CYLINDRICAL_SURFACE('',#2919,4.);
#100=CYLINDRICAL_SURFACE('',#2920,4.);
#101=CYLINDRICAL_SURFACE('',#2927,0.700000000000001);
#102=CYLINDRICAL_SURFACE('',#2928,0.7);
#103=CYLINDRICAL_SURFACE('',#2933,0.700000000000001);
#104=CYLINDRICAL_SURFACE('',#2934,0.7);
#105=CYLINDRICAL_SURFACE('',#2947,0.700000000000001);
#106=CYLINDRICAL_SURFACE('',#2948,0.700000000000001);
#107=CYLINDRICAL_SURFACE('',#2949,1.5);
#108=CYLINDRICAL_SURFACE('',#2950,0.700000000000001);
#109=CYLINDRICAL_SURFACE('',#2951,0.700000000000001);
#110=CYLINDRICAL_SURFACE('',#2952,1.5);
#111=CYLINDRICAL_SURFACE('',#2969,0.700000000000001);
#112=CYLINDRICAL_SURFACE('',#2970,0.7);
#113=CYLINDRICAL_SURFACE('',#2979,0.700000000000001);
#114=CYLINDRICAL_SURFACE('',#2980,0.700000000000001);
#115=CYLINDRICAL_SURFACE('',#2981,1.5);
#116=FACE_OUTER_BOUND('',#249,.T.);
#117=FACE_OUTER_BOUND('',#250,.T.);
#118=FACE_OUTER_BOUND('',#251,.T.);
#119=FACE_OUTER_BOUND('',#253,.T.);
#120=FACE_OUTER_BOUND('',#254,.T.);
#121=FACE_OUTER_BOUND('',#255,.T.);
#122=FACE_OUTER_BOUND('',#256,.T.);
#123=FACE_OUTER_BOUND('',#257,.T.);
#124=FACE_OUTER_BOUND('',#258,.T.);
#125=FACE_OUTER_BOUND('',#259,.T.);
#126=FACE_OUTER_BOUND('',#260,.T.);
#127=FACE_OUTER_BOUND('',#261,.T.);
#128=FACE_OUTER_BOUND('',#263,.T.);
#129=FACE_OUTER_BOUND('',#264,.T.);
#130=FACE_OUTER_BOUND('',#269,.T.);
#131=FACE_OUTER_BOUND('',#270,.T.);
#132=FACE_OUTER_BOUND('',#271,.T.);
#133=FACE_OUTER_BOUND('',#272,.T.);
#134=FACE_OUTER_BOUND('',#273,.T.);
#135=FACE_OUTER_BOUND('',#278,.T.);
#136=FACE_OUTER_BOUND('',#279,.T.);
#137=FACE_OUTER_BOUND('',#280,.T.);
#138=FACE_OUTER_BOUND('',#281,.T.);
#139=FACE_OUTER_BOUND('',#282,.T.);
#140=FACE_OUTER_BOUND('',#287,.T.);
#141=FACE_OUTER_BOUND('',#288,.T.);
#142=FACE_OUTER_BOUND('',#289,.T.);
#143=FACE_OUTER_BOUND('',#290,.T.);
#144=FACE_OUTER_BOUND('',#291,.T.);
#145=FACE_OUTER_BOUND('',#292,.T.);
#146=FACE_OUTER_BOUND('',#294,.T.);
#147=FACE_OUTER_BOUND('',#295,.T.);
#148=FACE_OUTER_BOUND('',#296,.T.);
#149=FACE_OUTER_BOUND('',#297,.T.);
#150=FACE_OUTER_BOUND('',#298,.T.);
#151=FACE_OUTER_BOUND('',#299,.T.);
#152=FACE_OUTER_BOUND('',#300,.T.);
#153=FACE_OUTER_BOUND('',#309,.T.);
#154=FACE_OUTER_BOUND('',#310,.T.);
#155=FACE_OUTER_BOUND('',#311,.T.);
#156=FACE_OUTER_BOUND('',#312,.T.);
#157=FACE_OUTER_BOUND('',#321,.T.);
#158=FACE_OUTER_BOUND('',#322,.T.);
#159=FACE_OUTER_BOUND('',#323,.T.);
#160=FACE_OUTER_BOUND('',#324,.T.);
#161=FACE_OUTER_BOUND('',#333,.T.);
#162=FACE_OUTER_BOUND('',#334,.T.);
#163=FACE_OUTER_BOUND('',#335,.T.);
#164=FACE_OUTER_BOUND('',#336,.T.);
#165=FACE_OUTER_BOUND('',#337,.T.);
#166=FACE_OUTER_BOUND('',#338,.T.);
#167=FACE_OUTER_BOUND('',#339,.T.);
#168=FACE_OUTER_BOUND('',#340,.T.);
#169=FACE_OUTER_BOUND('',#341,.T.);
#170=FACE_OUTER_BOUND('',#342,.T.);
#171=FACE_OUTER_BOUND('',#343,.T.);
#172=FACE_OUTER_BOUND('',#344,.T.);
#173=FACE_OUTER_BOUND('',#345,.T.);
#174=FACE_OUTER_BOUND('',#346,.T.);
#175=FACE_OUTER_BOUND('',#347,.T.);
#176=FACE_OUTER_BOUND('',#348,.T.);
#177=FACE_OUTER_BOUND('',#349,.T.);
#178=FACE_OUTER_BOUND('',#350,.T.);
#179=FACE_OUTER_BOUND('',#351,.T.);
#180=FACE_OUTER_BOUND('',#352,.T.);
#181=FACE_OUTER_BOUND('',#353,.T.);
#182=FACE_OUTER_BOUND('',#354,.T.);
#183=FACE_OUTER_BOUND('',#355,.T.);
#184=FACE_OUTER_BOUND('',#356,.T.);
#185=FACE_OUTER_BOUND('',#357,.T.);
#186=FACE_OUTER_BOUND('',#359,.T.);
#187=FACE_OUTER_BOUND('',#360,.T.);
#188=FACE_OUTER_BOUND('',#361,.T.);
#189=FACE_OUTER_BOUND('',#362,.T.);
#190=FACE_OUTER_BOUND('',#363,.T.);
#191=FACE_OUTER_BOUND('',#364,.T.);
#192=FACE_OUTER_BOUND('',#365,.T.);
#193=FACE_OUTER_BOUND('',#366,.T.);
#194=FACE_OUTER_BOUND('',#367,.T.);
#195=FACE_OUTER_BOUND('',#368,.T.);
#196=FACE_OUTER_BOUND('',#369,.T.);
#197=FACE_OUTER_BOUND('',#370,.T.);
#198=FACE_OUTER_BOUND('',#371,.T.);
#199=FACE_OUTER_BOUND('',#372,.T.);
#200=FACE_OUTER_BOUND('',#373,.T.);
#201=FACE_OUTER_BOUND('',#374,.T.);
#202=FACE_OUTER_BOUND('',#375,.T.);
#203=FACE_OUTER_BOUND('',#376,.T.);
#204=FACE_OUTER_BOUND('',#377,.T.);
#205=FACE_OUTER_BOUND('',#378,.T.);
#206=FACE_OUTER_BOUND('',#379,.T.);
#207=FACE_OUTER_BOUND('',#380,.T.);
#208=FACE_OUTER_BOUND('',#381,.T.);
#209=FACE_OUTER_BOUND('',#382,.T.);
#210=FACE_OUTER_BOUND('',#383,.T.);
#211=FACE_OUTER_BOUND('',#384,.T.);
#212=FACE_OUTER_BOUND('',#385,.T.);
#213=FACE_OUTER_BOUND('',#386,.T.);
#214=FACE_OUTER_BOUND('',#387,.T.);
#215=FACE_OUTER_BOUND('',#388,.T.);
#216=FACE_OUTER_BOUND('',#389,.T.);
#217=FACE_OUTER_BOUND('',#390,.T.);
#218=FACE_OUTER_BOUND('',#391,.T.);
#219=FACE_OUTER_BOUND('',#392,.T.);
#220=FACE_OUTER_BOUND('',#393,.T.);
#221=FACE_OUTER_BOUND('',#394,.T.);
#222=FACE_OUTER_BOUND('',#395,.T.);
#223=FACE_OUTER_BOUND('',#396,.T.);
#224=FACE_OUTER_BOUND('',#397,.T.);
#225=FACE_OUTER_BOUND('',#398,.T.);
#226=FACE_OUTER_BOUND('',#399,.T.);
#227=FACE_OUTER_BOUND('',#400,.T.);
#228=FACE_OUTER_BOUND('',#401,.T.);
#229=FACE_OUTER_BOUND('',#402,.T.);
#230=FACE_OUTER_BOUND('',#403,.T.);
#231=FACE_OUTER_BOUND('',#404,.T.);
#232=FACE_OUTER_BOUND('',#405,.T.);
#233=FACE_OUTER_BOUND('',#406,.T.);
#234=FACE_OUTER_BOUND('',#407,.T.);
#235=FACE_OUTER_BOUND('',#408,.T.);
#236=FACE_OUTER_BOUND('',#409,.T.);
#237=FACE_OUTER_BOUND('',#410,.T.);
#238=FACE_OUTER_BOUND('',#411,.T.);
#239=FACE_OUTER_BOUND('',#412,.T.);
#240=FACE_OUTER_BOUND('',#413,.T.);
#241=FACE_OUTER_BOUND('',#414,.T.);
#242=FACE_OUTER_BOUND('',#415,.T.);
#243=FACE_OUTER_BOUND('',#416,.T.);
#244=FACE_OUTER_BOUND('',#417,.T.);
#245=FACE_OUTER_BOUND('',#418,.T.);
#246=FACE_OUTER_BOUND('',#419,.T.);
#247=FACE_OUTER_BOUND('',#420,.T.);
#248=FACE_OUTER_BOUND('',#421,.T.);
#249=EDGE_LOOP('',(#1739,#1740));
#250=EDGE_LOOP('',(#1741,#1742,#1743,#1744));
#251=EDGE_LOOP('',(#1745,#1746,#1747,#1748,#1749,#1750));
#252=EDGE_LOOP('',(#1751,#1752,#1753,#1754,#1755,#1756,#1757,#1758,#1759,
#1760,#1761,#1762,#1763,#1764,#1765,#1766,#1767,#1768));
#253=EDGE_LOOP('',(#1769,#1770,#1771,#1772,#1773,#1774));
#254=EDGE_LOOP('',(#1775,#1776,#1777,#1778));
#255=EDGE_LOOP('',(#1779,#1780));
#256=EDGE_LOOP('',(#1781,#1782,#1783,#1784,#1785,#1786,#1787,#1788));
#257=EDGE_LOOP('',(#1789,#1790,#1791,#1792));
#258=EDGE_LOOP('',(#1793,#1794));
#259=EDGE_LOOP('',(#1795,#1796,#1797,#1798,#1799,#1800,#1801,#1802));
#260=EDGE_LOOP('',(#1803));
#261=EDGE_LOOP('',(#1804,#1805,#1806,#1807,#1808,#1809));
#262=EDGE_LOOP('',(#1810,#1811,#1812,#1813,#1814,#1815,#1816,#1817,#1818,
#1819,#1820,#1821,#1822,#1823,#1824,#1825,#1826,#1827));
#263=EDGE_LOOP('',(#1828,#1829,#1830,#1831));
#264=EDGE_LOOP('',(#1832,#1833,#1834,#1835,#1836,#1837,#1838,#1839,#1840,
#1841,#1842,#1843,#1844,#1845,#1846,#1847));
#265=EDGE_LOOP('',(#1848));
#266=EDGE_LOOP('',(#1849,#1850));
#267=EDGE_LOOP('',(#1851));
#268=EDGE_LOOP('',(#1852));
#269=EDGE_LOOP('',(#1853,#1854,#1855,#1856));
#270=EDGE_LOOP('',(#1857,#1858,#1859,#1860));
#271=EDGE_LOOP('',(#1861,#1862,#1863,#1864));
#272=EDGE_LOOP('',(#1865,#1866,#1867,#1868));
#273=EDGE_LOOP('',(#1869,#1870,#1871,#1872,#1873,#1874,#1875,#1876,#1877,
#1878,#1879,#1880,#1881,#1882,#1883,#1884));
#274=EDGE_LOOP('',(#1885));
#275=EDGE_LOOP('',(#1886,#1887));
#276=EDGE_LOOP('',(#1888));
#277=EDGE_LOOP('',(#1889));
#278=EDGE_LOOP('',(#1890,#1891,#1892,#1893));
#279=EDGE_LOOP('',(#1894,#1895,#1896,#1897));
#280=EDGE_LOOP('',(#1898,#1899,#1900,#1901));
#281=EDGE_LOOP('',(#1902,#1903,#1904,#1905));
#282=EDGE_LOOP('',(#1906,#1907,#1908,#1909,#1910,#1911,#1912,#1913,#1914,
#1915,#1916,#1917,#1918,#1919,#1920,#1921));
#283=EDGE_LOOP('',(#1922));
#284=EDGE_LOOP('',(#1923,#1924));
#285=EDGE_LOOP('',(#1925));
#286=EDGE_LOOP('',(#1926));
#287=EDGE_LOOP('',(#1927,#1928,#1929,#1930));
#288=EDGE_LOOP('',(#1931,#1932,#1933,#1934));
#289=EDGE_LOOP('',(#1935,#1936,#1937,#1938));
#290=EDGE_LOOP('',(#1939,#1940,#1941,#1942));
#291=EDGE_LOOP('',(#1943,#1944,#1945,#1946,#1947,#1948,#1949,#1950,#1951,
#1952));
#292=EDGE_LOOP('',(#1953,#1954,#1955,#1956,#1957,#1958,#1959,#1960,#1961,
#1962,#1963,#1964,#1965,#1966,#1967,#1968,#1969,#1970));
#293=EDGE_LOOP('',(#1971));
#294=EDGE_LOOP('',(#1972,#1973,#1974,#1975));
#295=EDGE_LOOP('',(#1976,#1977,#1978,#1979,#1980,#1981,#1982,#1983,#1984,
#1985));
#296=EDGE_LOOP('',(#1986,#1987,#1988,#1989));
#297=EDGE_LOOP('',(#1990,#1991,#1992,#1993));
#298=EDGE_LOOP('',(#1994,#1995,#1996,#1997,#1998,#1999));
#299=EDGE_LOOP('',(#2000,#2001,#2002,#2003));
#300=EDGE_LOOP('',(#2004,#2005,#2006,#2007,#2008,#2009));
#301=EDGE_LOOP('',(#2010));
#302=EDGE_LOOP('',(#2011));
#303=EDGE_LOOP('',(#2012,#2013,#2014,#2015));
#304=EDGE_LOOP('',(#2016,#2017,#2018,#2019));
#305=EDGE_LOOP('',(#2020));
#306=EDGE_LOOP('',(#2021));
#307=EDGE_LOOP('',(#2022));
#308=EDGE_LOOP('',(#2023,#2024));
#309=EDGE_LOOP('',(#2025,#2026,#2027,#2028));
#310=EDGE_LOOP('',(#2029,#2030,#2031,#2032,#2033,#2034));
#311=EDGE_LOOP('',(#2035,#2036,#2037,#2038));
#312=EDGE_LOOP('',(#2039,#2040,#2041,#2042,#2043,#2044));
#313=EDGE_LOOP('',(#2045));
#314=EDGE_LOOP('',(#2046));
#315=EDGE_LOOP('',(#2047,#2048,#2049,#2050));
#316=EDGE_LOOP('',(#2051,#2052,#2053,#2054));
#317=EDGE_LOOP('',(#2055));
#318=EDGE_LOOP('',(#2056));
#319=EDGE_LOOP('',(#2057));
#320=EDGE_LOOP('',(#2058,#2059));
#321=EDGE_LOOP('',(#2060,#2061,#2062,#2063));
#322=EDGE_LOOP('',(#2064,#2065,#2066,#2067,#2068,#2069));
#323=EDGE_LOOP('',(#2070,#2071,#2072,#2073));
#324=EDGE_LOOP('',(#2074,#2075,#2076,#2077,#2078,#2079));
#325=EDGE_LOOP('',(#2080,#2081));
#326=EDGE_LOOP('',(#2082));
#327=EDGE_LOOP('',(#2083));
#328=EDGE_LOOP('',(#2084));
#329=EDGE_LOOP('',(#2085,#2086,#2087,#2088));
#330=EDGE_LOOP('',(#2089,#2090,#2091,#2092));
#331=EDGE_LOOP('',(#2093));
#332=EDGE_LOOP('',(#2094));
#333=EDGE_LOOP('',(#2095,#2096,#2097,#2098));
#334=EDGE_LOOP('',(#2099,#2100,#2101,#2102));
#335=EDGE_LOOP('',(#2103,#2104,#2105,#2106));
#336=EDGE_LOOP('',(#2107,#2108,#2109,#2110));
#337=EDGE_LOOP('',(#2111,#2112,#2113,#2114));
#338=EDGE_LOOP('',(#2115,#2116,#2117,#2118));
#339=EDGE_LOOP('',(#2119,#2120,#2121,#2122));
#340=EDGE_LOOP('',(#2123,#2124,#2125,#2126));
#341=EDGE_LOOP('',(#2127,#2128,#2129,#2130));
#342=EDGE_LOOP('',(#2131,#2132,#2133,#2134));
#343=EDGE_LOOP('',(#2135,#2136,#2137,#2138));
#344=EDGE_LOOP('',(#2139,#2140,#2141,#2142));
#345=EDGE_LOOP('',(#2143,#2144,#2145,#2146,#2147,#2148,#2149,#2150,#2151,
#2152));
#346=EDGE_LOOP('',(#2153,#2154,#2155,#2156));
#347=EDGE_LOOP('',(#2157,#2158,#2159,#2160));
#348=EDGE_LOOP('',(#2161,#2162,#2163,#2164));
#349=EDGE_LOOP('',(#2165,#2166,#2167,#2168));
#350=EDGE_LOOP('',(#2169,#2170,#2171,#2172));
#351=EDGE_LOOP('',(#2173,#2174,#2175,#2176));
#352=EDGE_LOOP('',(#2177,#2178,#2179,#2180));
#353=EDGE_LOOP('',(#2181,#2182,#2183,#2184,#2185,#2186,#2187,#2188));
#354=EDGE_LOOP('',(#2189,#2190,#2191,#2192));
#355=EDGE_LOOP('',(#2193,#2194,#2195,#2196));
#356=EDGE_LOOP('',(#2197,#2198,#2199,#2200));
#357=EDGE_LOOP('',(#2201,#2202,#2203,#2204,#2205,#2206));
#358=EDGE_LOOP('',(#2207,#2208,#2209,#2210,#2211,#2212,#2213,#2214,#2215,
#2216,#2217,#2218,#2219,#2220,#2221,#2222,#2223,#2224));
#359=EDGE_LOOP('',(#2225,#2226,#2227,#2228,#2229,#2230,#2231,#2232));
#360=EDGE_LOOP('',(#2233,#2234,#2235,#2236));
#361=EDGE_LOOP('',(#2237,#2238,#2239,#2240,#2241,#2242));
#362=EDGE_LOOP('',(#2243,#2244,#2245,#2246));
#363=EDGE_LOOP('',(#2247,#2248,#2249,#2250));
#364=EDGE_LOOP('',(#2251,#2252,#2253,#2254,#2255,#2256));
#365=EDGE_LOOP('',(#2257,#2258,#2259,#2260,#2261,#2262,#2263,#2264));
#366=EDGE_LOOP('',(#2265,#2266,#2267,#2268));
#367=EDGE_LOOP('',(#2269,#2270,#2271,#2272));
#368=EDGE_LOOP('',(#2273,#2274,#2275,#2276,#2277,#2278));
#369=EDGE_LOOP('',(#2279,#2280,#2281,#2282,#2283,#2284));
#370=EDGE_LOOP('',(#2285,#2286,#2287,#2288));
#371=EDGE_LOOP('',(#2289,#2290,#2291,#2292));
#372=EDGE_LOOP('',(#2293,#2294,#2295,#2296,#2297,#2298));
#373=EDGE_LOOP('',(#2299,#2300,#2301,#2302));
#374=EDGE_LOOP('',(#2303,#2304,#2305,#2306,#2307,#2308));
#375=EDGE_LOOP('',(#2309,#2310,#2311,#2312));
#376=EDGE_LOOP('',(#2313,#2314,#2315,#2316,#2317,#2318));
#377=EDGE_LOOP('',(#2319,#2320,#2321,#2322,#2323,#2324));
#378=EDGE_LOOP('',(#2325,#2326,#2327,#2328));
#379=EDGE_LOOP('',(#2329,#2330,#2331,#2332,#2333,#2334,#2335,#2336));
#380=EDGE_LOOP('',(#2337,#2338,#2339,#2340));
#381=EDGE_LOOP('',(#2341,#2342,#2343,#2344));
#382=EDGE_LOOP('',(#2345,#2346,#2347,#2348,#2349,#2350,#2351,#2352));
#383=EDGE_LOOP('',(#2353,#2354,#2355,#2356));
#384=EDGE_LOOP('',(#2357,#2358,#2359,#2360));
#385=EDGE_LOOP('',(#2361,#2362,#2363,#2364));
#386=EDGE_LOOP('',(#2365,#2366,#2367,#2368));
#387=EDGE_LOOP('',(#2369,#2370,#2371,#2372));
#388=EDGE_LOOP('',(#2373,#2374,#2375,#2376));
#389=EDGE_LOOP('',(#2377,#2378,#2379,#2380));
#390=EDGE_LOOP('',(#2381,#2382,#2383,#2384));
#391=EDGE_LOOP('',(#2385,#2386,#2387,#2388));
#392=EDGE_LOOP('',(#2389,#2390,#2391,#2392));
#393=EDGE_LOOP('',(#2393,#2394,#2395,#2396));
#394=EDGE_LOOP('',(#2397,#2398,#2399,#2400));
#395=EDGE_LOOP('',(#2401,#2402,#2403,#2404));
#396=EDGE_LOOP('',(#2405,#2406,#2407,#2408));
#397=EDGE_LOOP('',(#2409,#2410,#2411,#2412));
#398=EDGE_LOOP('',(#2413,#2414,#2415,#2416));
#399=EDGE_LOOP('',(#2417,#2418,#2419,#2420));
#400=EDGE_LOOP('',(#2421,#2422,#2423,#2424));
#401=EDGE_LOOP('',(#2425,#2426,#2427,#2428,#2429,#2430,#2431,#2432));
#402=EDGE_LOOP('',(#2433,#2434,#2435,#2436));
#403=EDGE_LOOP('',(#2437,#2438,#2439,#2440,#2441,#2442));
#404=EDGE_LOOP('',(#2443,#2444,#2445,#2446));
#405=EDGE_LOOP('',(#2447,#2448,#2449,#2450));
#406=EDGE_LOOP('',(#2451,#2452,#2453,#2454,#2455,#2456));
#407=EDGE_LOOP('',(#2457,#2458,#2459,#2460));
#408=EDGE_LOOP('',(#2461,#2462,#2463,#2464,#2465,#2466));
#409=EDGE_LOOP('',(#2467,#2468,#2469,#2470,#2471,#2472));
#410=EDGE_LOOP('',(#2473,#2474,#2475,#2476));
#411=EDGE_LOOP('',(#2477,#2478,#2479,#2480,#2481,#2482,#2483,#2484));
#412=EDGE_LOOP('',(#2485,#2486,#2487,#2488));
#413=EDGE_LOOP('',(#2489,#2490,#2491,#2492));
#414=EDGE_LOOP('',(#2493,#2494,#2495,#2496));
#415=EDGE_LOOP('',(#2497,#2498,#2499,#2500));
#416=EDGE_LOOP('',(#2501,#2502,#2503,#2504));
#417=EDGE_LOOP('',(#2505,#2506,#2507,#2508));
#418=EDGE_LOOP('',(#2509,#2510,#2511,#2512));
#419=EDGE_LOOP('',(#2513,#2514,#2515,#2516));
#420=EDGE_LOOP('',(#2517,#2518,#2519,#2520));
#421=EDGE_LOOP('',(#2521,#2522,#2523,#2524));
#422=CIRCLE('',#2754,0.125);
#423=CIRCLE('',#2756,0.125);
#424=CIRCLE('',#2758,4.);
#425=CIRCLE('',#2759,0.700000000000001);
#426=CIRCLE('',#2760,0.700000000000001);
#427=CIRCLE('',#2761,0.700000000000001);
#428=CIRCLE('',#2762,0.700000000000001);
#429=CIRCLE('',#2765,0.125);
#430=CIRCLE('',#2766,0.125);
#431=CIRCLE('',#2769,2.5);
#432=CIRCLE('',#2771,0.125);
#433=CIRCLE('',#2772,0.125);
#434=CIRCLE('',#2775,2.5);
#435=CIRCLE('',#2777,1.35);
#436=CIRCLE('',#2779,4.);
#437=CIRCLE('',#2780,0.700000000000001);
#438=CIRCLE('',#2781,0.700000000000001);
#439=CIRCLE('',#2782,0.700000000000001);
#440=CIRCLE('',#2783,0.700000000000001);
#441=CIRCLE('',#2785,0.800000000000001);
#442=CIRCLE('',#2786,0.500000000000001);
#443=CIRCLE('',#2788,0.700000000000001);
#444=CIRCLE('',#2789,0.700000000000001);
#445=CIRCLE('',#2790,0.800000000000001);
#446=CIRCLE('',#2791,1.5);
#447=CIRCLE('',#2792,0.700000000000001);
#448=CIRCLE('',#2793,0.7);
#449=CIRCLE('',#2795,0.500000000000001);
#450=CIRCLE('',#2797,0.500000000000001);
#451=CIRCLE('',#2799,0.500000000000001);
#452=CIRCLE('',#2801,0.800000000000001);
#453=CIRCLE('',#2802,0.500000000000001);
#454=CIRCLE('',#2804,0.700000000000001);
#455=CIRCLE('',#2805,0.700000000000001);
#456=CIRCLE('',#2806,0.800000000000001);
#457=CIRCLE('',#2807,1.5);
#458=CIRCLE('',#2808,0.700000000000001);
#459=CIRCLE('',#2809,0.7);
#460=CIRCLE('',#2811,0.500000000000001);
#461=CIRCLE('',#2813,0.500000000000001);
#462=CIRCLE('',#2815,0.500000000000001);
#463=CIRCLE('',#2817,0.800000000000001);
#464=CIRCLE('',#2818,0.5);
#465=CIRCLE('',#2820,0.700000000000001);
#466=CIRCLE('',#2821,0.700000000000001);
#467=CIRCLE('',#2822,0.800000000000001);
#468=CIRCLE('',#2823,1.5);
#469=CIRCLE('',#2824,0.700000000000001);
#470=CIRCLE('',#2825,0.7);
#471=CIRCLE('',#2827,0.5);
#472=CIRCLE('',#2829,0.5);
#473=CIRCLE('',#2831,0.5);
#474=CIRCLE('',#2833,1.);
#475=CIRCLE('',#2838,1.);
#476=CIRCLE('',#2839,1.);
#477=CIRCLE('',#2840,1.35);
#478=CIRCLE('',#2847,1.);
#479=CIRCLE('',#2848,3.5);
#480=CIRCLE('',#2849,1.);
#481=CIRCLE('',#2852,1.);
#482=CIRCLE('',#2854,3.);
#483=CIRCLE('',#2855,0.700000000000001);
#484=CIRCLE('',#2856,0.7);
#485=CIRCLE('',#2857,0.700000000000001);
#486=CIRCLE('',#2858,1.5);
#487=CIRCLE('',#2859,0.700000000000001);
#488=CIRCLE('',#2861,1.);
#489=CIRCLE('',#2862,1.);
#490=CIRCLE('',#2863,3.5);
#491=CIRCLE('',#2867,1.);
#492=CIRCLE('',#2869,3.);
#493=CIRCLE('',#2870,0.700000000000001);
#494=CIRCLE('',#2871,0.7);
#495=CIRCLE('',#2872,0.700000000000001);
#496=CIRCLE('',#2873,1.5);
#497=CIRCLE('',#2874,0.700000000000001);
#498=CIRCLE('',#2876,1.);
#499=CIRCLE('',#2877,2.5);
#500=CIRCLE('',#2878,1.);
#501=CIRCLE('',#2879,3.5);
#502=CIRCLE('',#2883,1.);
#503=CIRCLE('',#2885,3.);
#504=CIRCLE('',#2886,1.5);
#505=CIRCLE('',#2887,0.700000000000001);
#506=CIRCLE('',#2888,0.700000000000001);
#507=CIRCLE('',#2889,0.7);
#508=CIRCLE('',#2890,0.700000000000001);
#509=CIRCLE('',#2906,1.);
#510=CIRCLE('',#2907,4.);
#511=CIRCLE('',#2910,1.);
#512=CIRCLE('',#2911,4.);
#513=CIRCLE('',#2914,1.);
#514=CIRCLE('',#2915,4.);
#515=CIRCLE('',#2921,4.);
#516=CIRCLE('',#2923,0.700000000000001);
#517=CIRCLE('',#2924,0.700000000000001);
#518=CIRCLE('',#2925,0.700000000000001);
#519=CIRCLE('',#2926,0.700000000000001);
#520=LINE('',#3756,#806);
#521=LINE('',#3760,#807);
#522=LINE('',#3763,#808);
#523=LINE('',#3766,#809);
#524=LINE('',#3768,#810);
#525=LINE('',#3770,#811);
#526=LINE('',#3773,#812);
#527=LINE('',#3780,#813);
#528=LINE('',#3786,#814);
#529=LINE('',#3788,#815);
#530=LINE('',#3790,#816);
#531=LINE('',#3792,#817);
#532=LINE('',#3794,#818);
#533=LINE('',#3796,#819);
#534=LINE('',#3798,#820);
#535=LINE('',#3800,#821);
#536=LINE('',#3802,#822);
#537=LINE('',#3804,#823);
#538=LINE('',#3806,#824);
#539=LINE('',#3808,#825);
#540=LINE('',#3809,#826);
#541=LINE('',#3812,#827);
#542=LINE('',#3814,#828);
#543=LINE('',#3816,#829);
#544=LINE('',#3817,#830);
#545=LINE('',#3821,#831);
#546=LINE('',#3826,#832);
#547=LINE('',#3828,#833);
#548=LINE('',#3830,#834);
#549=LINE('',#3834,#835);
#550=LINE('',#3835,#836);
#551=LINE('',#3838,#837);
#552=LINE('',#3841,#838);
#553=LINE('',#3846,#839);
#554=LINE('',#3848,#840);
#555=LINE('',#3850,#841);
#556=LINE('',#3854,#842);
#557=LINE('',#3856,#843);
#558=LINE('',#3857,#844);
#559=LINE('',#3863,#845);
#560=LINE('',#3871,#846);
#561=LINE('',#3877,#847);
#562=LINE('',#3879,#848);
#563=LINE('',#3881,#849);
#564=LINE('',#3883,#850);
#565=LINE('',#3885,#851);
#566=LINE('',#3887,#852);
#567=LINE('',#3889,#853);
#568=LINE('',#3891,#854);
#569=LINE('',#3893,#855);
#570=LINE('',#3895,#856);
#571=LINE('',#3897,#857);
#572=LINE('',#3899,#858);
#573=LINE('',#3900,#859);
#574=LINE('',#3905,#860);
#575=LINE('',#3912,#861);
#576=LINE('',#3914,#862);
#577=LINE('',#3916,#863);
#578=LINE('',#3918,#864);
#579=LINE('',#3920,#865);
#580=LINE('',#3922,#866);
#581=LINE('',#3924,#867);
#582=LINE('',#3926,#868);
#583=LINE('',#3928,#869);
#584=LINE('',#3930,#870);
#585=LINE('',#3932,#871);
#586=LINE('',#3934,#872);
#587=LINE('',#3936,#873);
#588=LINE('',#3939,#874);
#589=LINE('',#3951,#875);
#590=LINE('',#3954,#876);
#591=LINE('',#3959,#877);
#592=LINE('',#3964,#878);
#593=LINE('',#3971,#879);
#594=LINE('',#3973,#880);
#595=LINE('',#3975,#881);
#596=LINE('',#3977,#882);
#597=LINE('',#3979,#883);
#598=LINE('',#3981,#884);
#599=LINE('',#3983,#885);
#600=LINE('',#3985,#886);
#601=LINE('',#3987,#887);
#602=LINE('',#3989,#888);
#603=LINE('',#3991,#889);
#604=LINE('',#3993,#890);
#605=LINE('',#3995,#891);
#606=LINE('',#3998,#892);
#607=LINE('',#4010,#893);
#608=LINE('',#4013,#894);
#609=LINE('',#4018,#895);
#610=LINE('',#4023,#896);
#611=LINE('',#4030,#897);
#612=LINE('',#4032,#898);
#613=LINE('',#4034,#899);
#614=LINE('',#4036,#900);
#615=LINE('',#4038,#901);
#616=LINE('',#4040,#902);
#617=LINE('',#4042,#903);
#618=LINE('',#4044,#904);
#619=LINE('',#4046,#905);
#620=LINE('',#4048,#906);
#621=LINE('',#4050,#907);
#622=LINE('',#4052,#908);
#623=LINE('',#4054,#909);
#624=LINE('',#4057,#910);
#625=LINE('',#4069,#911);
#626=LINE('',#4072,#912);
#627=LINE('',#4077,#913);
#628=LINE('',#4083,#914);
#629=LINE('',#4099,#915);
#630=LINE('',#4102,#916);
#631=LINE('',#4104,#917);
#632=LINE('',#4106,#918);
#633=LINE('',#4108,#919);
#634=LINE('',#4110,#920);
#635=LINE('',#4112,#921);
#636=LINE('',#4116,#922);
#637=LINE('',#4120,#923);
#638=LINE('',#4122,#924);
#639=LINE('',#4124,#925);
#640=LINE('',#4126,#926);
#641=LINE('',#4128,#927);
#642=LINE('',#4132,#928);
#643=LINE('',#4134,#929);
#644=LINE('',#4136,#930);
#645=LINE('',#4138,#931);
#646=LINE('',#4140,#932);
#647=LINE('',#4143,#933);
#648=LINE('',#4145,#934);
#649=LINE('',#4146,#935);
#650=LINE('',#4151,#936);
#651=LINE('',#4167,#937);
#652=LINE('',#4172,#938);
#653=LINE('',#4175,#939);
#654=LINE('',#4177,#940);
#655=LINE('',#4179,#941);
#656=LINE('',#4180,#942);
#657=LINE('',#4203,#943);
#658=LINE('',#4204,#944);
#659=LINE('',#4207,#945);
#660=LINE('',#4211,#946);
#661=LINE('',#4213,#947);
#662=LINE('',#4221,#948);
#663=LINE('',#4223,#949);
#664=LINE('',#4225,#950);
#665=LINE('',#4226,#951);
#666=LINE('',#4229,#952);
#667=LINE('',#4231,#953);
#668=LINE('',#4233,#954);
#669=LINE('',#4234,#955);
#670=LINE('',#4248,#956);
#671=LINE('',#4250,#957);
#672=LINE('',#4254,#958);
#673=LINE('',#4258,#959);
#674=LINE('',#4266,#960);
#675=LINE('',#4268,#961);
#676=LINE('',#4270,#962);
#677=LINE('',#4271,#963);
#678=LINE('',#4274,#964);
#679=LINE('',#4276,#965);
#680=LINE('',#4278,#966);
#681=LINE('',#4279,#967);
#682=LINE('',#4297,#968);
#683=LINE('',#4300,#969);
#684=LINE('',#4303,#970);
#685=LINE('',#4306,#971);
#686=LINE('',#4308,#972);
#687=LINE('',#4317,#973);
#688=LINE('',#4319,#974);
#689=LINE('',#4321,#975);
#690=LINE('',#4322,#976);
#691=LINE('',#4325,#977);
#692=LINE('',#4327,#978);
#693=LINE('',#4329,#979);
#694=LINE('',#4330,#980);
#695=LINE('',#4337,#981);
#696=LINE('',#4339,#982);
#697=LINE('',#4340,#983);
#698=LINE('',#4342,#984);
#699=LINE('',#4344,#985);
#700=LINE('',#4347,#986);
#701=LINE('',#4349,#987);
#702=LINE('',#4350,#988);
#703=LINE('',#4352,#989);
#704=LINE('',#4354,#990);
#705=LINE('',#4358,#991);
#706=LINE('',#4360,#992);
#707=LINE('',#4362,#993);
#708=LINE('',#4363,#994);
#709=LINE('',#4365,#995);
#710=LINE('',#4366,#996);
#711=LINE('',#4368,#997);
#712=LINE('',#4371,#998);
#713=LINE('',#4375,#999);
#714=LINE('',#4381,#1000);
#715=LINE('',#4391,#1001);
#716=LINE('',#4392,#1002);
#717=LINE('',#4404,#1003);
#718=LINE('',#4410,#1004);
#719=LINE('',#4412,#1005);
#720=LINE('',#4414,#1006);
#721=LINE('',#4416,#1007);
#722=LINE('',#4418,#1008);
#723=LINE('',#4420,#1009);
#724=LINE('',#4422,#1010);
#725=LINE('',#4424,#1011);
#726=LINE('',#4426,#1012);
#727=LINE('',#4428,#1013);
#728=LINE('',#4430,#1014);
#729=LINE('',#4432,#1015);
#730=LINE('',#4433,#1016);
#731=LINE('',#4435,#1017);
#732=LINE('',#4436,#1018);
#733=LINE('',#4437,#1019);
#734=LINE('',#4439,#1020);
#735=LINE('',#4441,#1021);
#736=LINE('',#4442,#1022);
#737=LINE('',#4443,#1023);
#738=LINE('',#4445,#1024);
#739=LINE('',#4447,#1025);
#740=LINE('',#4449,#1026);
#741=LINE('',#4451,#1027);
#742=LINE('',#4452,#1028);
#743=LINE('',#4453,#1029);
#744=LINE('',#4455,#1030);
#745=LINE('',#4457,#1031);
#746=LINE('',#4458,#1032);
#747=LINE('',#4460,#1033);
#748=LINE('',#4461,#1034);
#749=LINE('',#4463,#1035);
#750=LINE('',#4464,#1036);
#751=LINE('',#4465,#1037);
#752=LINE('',#4467,#1038);
#753=LINE('',#4469,#1039);
#754=LINE('',#4471,#1040);
#755=LINE('',#4473,#1041);
#756=LINE('',#4475,#1042);
#757=LINE('',#4477,#1043);
#758=LINE('',#4478,#1044);
#759=LINE('',#4480,#1045);
#760=LINE('',#4481,#1046);
#761=LINE('',#4483,#1047);
#762=LINE('',#4484,#1048);
#763=LINE('',#4487,#1049);
#764=LINE('',#4488,#1050);
#765=LINE('',#4489,#1051);
#766=LINE('',#4491,#1052);
#767=LINE('',#4492,#1053);
#768=LINE('',#4495,#1054);
#769=LINE('',#4496,#1055);
#770=LINE('',#4497,#1056);
#771=LINE('',#4499,#1057);
#772=LINE('',#4500,#1058);
#773=LINE('',#4503,#1059);
#774=LINE('',#4505,#1060);
#775=LINE('',#4507,#1061);
#776=LINE('',#4510,#1062);
#777=LINE('',#4512,#1063);
#778=LINE('',#4514,#1064);
#779=LINE('',#4517,#1065);
#780=LINE('',#4521,#1066);
#781=LINE('',#4527,#1067);
#782=LINE('',#4528,#1068);
#783=LINE('',#4529,#1069);
#784=LINE('',#4531,#1070);
#785=LINE('',#4533,#1071);
#786=LINE('',#4534,#1072);
#787=LINE('',#4535,#1073);
#788=LINE('',#4537,#1074);
#789=LINE('',#4539,#1075);
#790=LINE('',#4541,#1076);
#791=LINE('',#4543,#1077);
#792=LINE('',#4544,#1078);
#793=LINE('',#4546,#1079);
#794=LINE('',#4547,#1080);
#795=LINE('',#4549,#1081);
#796=LINE('',#4550,#1082);
#797=LINE('',#4553,#1083);
#798=LINE('',#4554,#1084);
#799=LINE('',#4555,#1085);
#800=LINE('',#4557,#1086);
#801=LINE('',#4558,#1087);
#802=LINE('',#4561,#1088);
#803=LINE('',#4563,#1089);
#804=LINE('',#4565,#1090);
#805=LINE('',#4568,#1091);
#806=VECTOR('',#2994,10.);
#807=VECTOR('',#2999,10.);
#808=VECTOR('',#3002,10.);
#809=VECTOR('',#3005,10.);
#810=VECTOR('',#3006,10.);
#811=VECTOR('',#3007,10.);
#812=VECTOR('',#3010,10.);
#813=VECTOR('',#3015,10.);
#814=VECTOR('',#3020,10.);
#815=VECTOR('',#3021,10.);
#816=VECTOR('',#3022,10.);
#817=VECTOR('',#3023,10.);
#818=VECTOR('',#3024,10.);
#819=VECTOR('',#3025,10.);
#820=VECTOR('',#3026,10.);
#821=VECTOR('',#3027,10.);
#822=VECTOR('',#3028,10.);
#823=VECTOR('',#3029,10.);
#824=VECTOR('',#3030,10.);
#825=VECTOR('',#3031,10.);
#826=VECTOR('',#3032,10.);
#827=VECTOR('',#3035,10.);
#828=VECTOR('',#3036,10.);
#829=VECTOR('',#3037,10.);
#830=VECTOR('',#3038,10.);
#831=VECTOR('',#3043,10.);
#832=VECTOR('',#3050,10.);
#833=VECTOR('',#3051,10.);
#834=VECTOR('',#3052,10.);
#835=VECTOR('',#3055,10.);
#836=VECTOR('',#3056,10.);
#837=VECTOR('',#3059,10.);
#838=VECTOR('',#3062,10.);
#839=VECTOR('',#3069,10.);
#840=VECTOR('',#3070,10.);
#841=VECTOR('',#3071,10.);
#842=VECTOR('',#3074,10.);
#843=VECTOR('',#3075,10.);
#844=VECTOR('',#3076,10.);
#845=VECTOR('',#3083,10.);
#846=VECTOR('',#3090,10.);
#847=VECTOR('',#3095,10.);
#848=VECTOR('',#3096,10.);
#849=VECTOR('',#3097,10.);
#850=VECTOR('',#3098,10.);
#851=VECTOR('',#3099,10.);
#852=VECTOR('',#3100,10.);
#853=VECTOR('',#3101,10.);
#854=VECTOR('',#3102,10.);
#855=VECTOR('',#3103,10.);
#856=VECTOR('',#3104,10.);
#857=VECTOR('',#3105,10.);
#858=VECTOR('',#3106,10.);
#859=VECTOR('',#3107,10.);
#860=VECTOR('',#3112,0.650000000000001);
#861=VECTOR('',#3119,10.);
#862=VECTOR('',#3120,10.);
#863=VECTOR('',#3121,10.);
#864=VECTOR('',#3122,10.);
#865=VECTOR('',#3123,10.);
#866=VECTOR('',#3124,10.);
#867=VECTOR('',#3125,10.);
#868=VECTOR('',#3126,10.);
#869=VECTOR('',#3127,10.);
#870=VECTOR('',#3128,10.);
#871=VECTOR('',#3129,10.);
#872=VECTOR('',#3130,10.);
#873=VECTOR('',#3131,10.);
#874=VECTOR('',#3134,10.);
#875=VECTOR('',#3147,0.500000000000001);
#876=VECTOR('',#3150,0.650000000000001);
#877=VECTOR('',#3157,0.500000000000001);
#878=VECTOR('',#3162,0.650000000000001);
#879=VECTOR('',#3169,10.);
#880=VECTOR('',#3170,10.);
#881=VECTOR('',#3171,10.);
#882=VECTOR('',#3172,10.);
#883=VECTOR('',#3173,10.);
#884=VECTOR('',#3174,10.);
#885=VECTOR('',#3175,10.);
#886=VECTOR('',#3176,10.);
#887=VECTOR('',#3177,10.);
#888=VECTOR('',#3178,10.);
#889=VECTOR('',#3179,10.);
#890=VECTOR('',#3180,10.);
#891=VECTOR('',#3181,10.);
#892=VECTOR('',#3184,10.);
#893=VECTOR('',#3197,0.500000000000001);
#894=VECTOR('',#3200,0.650000000000001);
#895=VECTOR('',#3207,0.500000000000001);
#896=VECTOR('',#3212,0.650000000000001);
#897=VECTOR('',#3219,10.);
#898=VECTOR('',#3220,10.);
#899=VECTOR('',#3221,10.);
#900=VECTOR('',#3222,10.);
#901=VECTOR('',#3223,10.);
#902=VECTOR('',#3224,10.);
#903=VECTOR('',#3225,10.);
#904=VECTOR('',#3226,10.);
#905=VECTOR('',#3227,10.);
#906=VECTOR('',#3228,10.);
#907=VECTOR('',#3229,10.);
#908=VECTOR('',#3230,10.);
#909=VECTOR('',#3231,10.);
#910=VECTOR('',#3234,10.);
#911=VECTOR('',#3247,0.5);
#912=VECTOR('',#3250,0.650000000000001);
#913=VECTOR('',#3257,0.5);
#914=VECTOR('',#3262,10.);
#915=VECTOR('',#3263,10.);
#916=VECTOR('',#3266,10.);
#917=VECTOR('',#3267,10.);
#918=VECTOR('',#3268,10.);
#919=VECTOR('',#3269,10.);
#920=VECTOR('',#3270,10.);
#921=VECTOR('',#3271,10.);
#922=VECTOR('',#3274,10.);
#923=VECTOR('',#3279,10.);
#924=VECTOR('',#3280,10.);
#925=VECTOR('',#3281,10.);
#926=VECTOR('',#3282,10.);
#927=VECTOR('',#3283,10.);
#928=VECTOR('',#3286,10.);
#929=VECTOR('',#3287,10.);
#930=VECTOR('',#3288,10.);
#931=VECTOR('',#3289,10.);
#932=VECTOR('',#3290,10.);
#933=VECTOR('',#3293,10.);
#934=VECTOR('',#3294,10.);
#935=VECTOR('',#3295,10.);
#936=VECTOR('',#3300,10.);
#937=VECTOR('',#3301,10.);
#938=VECTOR('',#3306,10.);
#939=VECTOR('',#3309,10.);
#940=VECTOR('',#3310,10.);
#941=VECTOR('',#3311,10.);
#942=VECTOR('',#3312,10.);
#943=VECTOR('',#3325,10.);
#944=VECTOR('',#3326,10.);
#945=VECTOR('',#3329,10.);
#946=VECTOR('',#3334,10.);
#947=VECTOR('',#3335,10.);
#948=VECTOR('',#3342,10.);
#949=VECTOR('',#3343,10.);
#950=VECTOR('',#3344,10.);
#951=VECTOR('',#3345,10.);
#952=VECTOR('',#3346,10.);
#953=VECTOR('',#3347,10.);
#954=VECTOR('',#3348,10.);
#955=VECTOR('',#3349,10.);
#956=VECTOR('',#3366,10.);
#957=VECTOR('',#3367,10.);
#958=VECTOR('',#3372,10.);
#959=VECTOR('',#3377,10.);
#960=VECTOR('',#3384,10.);
#961=VECTOR('',#3385,10.);
#962=VECTOR('',#3386,10.);
#963=VECTOR('',#3387,10.);
#964=VECTOR('',#3388,10.);
#965=VECTOR('',#3389,10.);
#966=VECTOR('',#3390,10.);
#967=VECTOR('',#3391,10.);
#968=VECTOR('',#3412,10.);
#969=VECTOR('',#3415,10.);
#970=VECTOR('',#3418,10.);
#971=VECTOR('',#3421,10.);
#972=VECTOR('',#3424,10.);
#973=VECTOR('',#3431,10.);
#974=VECTOR('',#3432,10.);
#975=VECTOR('',#3433,10.);
#976=VECTOR('',#3434,10.);
#977=VECTOR('',#3435,10.);
#978=VECTOR('',#3436,10.);
#979=VECTOR('',#3437,10.);
#980=VECTOR('',#3438,10.);
#981=VECTOR('',#3445,10.);
#982=VECTOR('',#3446,10.);
#983=VECTOR('',#3447,10.);
#984=VECTOR('',#3450,10.);
#985=VECTOR('',#3453,10.);
#986=VECTOR('',#3456,10.);
#987=VECTOR('',#3457,10.);
#988=VECTOR('',#3458,10.);
#989=VECTOR('',#3461,10.);
#990=VECTOR('',#3464,10.);
#991=VECTOR('',#3467,10.);
#992=VECTOR('',#3468,10.);
#993=VECTOR('',#3469,10.);
#994=VECTOR('',#3470,10.);
#995=VECTOR('',#3473,10.);
#996=VECTOR('',#3474,10.);
#997=VECTOR('',#3477,10.);
#998=VECTOR('',#3482,10.);
#999=VECTOR('',#3489,1.35);
#1000=VECTOR('',#3498,10.);
#1001=VECTOR('',#3517,10.);
#1002=VECTOR('',#3518,10.);
#1003=VECTOR('',#3533,10.);
#1004=VECTOR('',#3538,10.);
#1005=VECTOR('',#3539,10.);
#1006=VECTOR('',#3540,10.);
#1007=VECTOR('',#3541,10.);
#1008=VECTOR('',#3542,10.);
#1009=VECTOR('',#3543,10.);
#1010=VECTOR('',#3544,10.);
#1011=VECTOR('',#3545,10.);
#1012=VECTOR('',#3546,10.);
#1013=VECTOR('',#3547,10.);
#1014=VECTOR('',#3548,10.);
#1015=VECTOR('',#3549,10.);
#1016=VECTOR('',#3550,10.);
#1017=VECTOR('',#3553,0.700000000000001);
#1018=VECTOR('',#3554,10.);
#1019=VECTOR('',#3555,10.);
#1020=VECTOR('',#3558,0.7);
#1021=VECTOR('',#3561,10.);
#1022=VECTOR('',#3562,10.);
#1023=VECTOR('',#3563,10.);
#1024=VECTOR('',#3566,10.);
#1025=VECTOR('',#3569,10.);
#1026=VECTOR('',#3572,10.);
#1027=VECTOR('',#3575,0.700000000000001);
#1028=VECTOR('',#3576,10.);
#1029=VECTOR('',#3577,10.);
#1030=VECTOR('',#3580,0.7);
#1031=VECTOR('',#3583,10.);
#1032=VECTOR('',#3584,10.);
#1033=VECTOR('',#3587,10.);
#1034=VECTOR('',#3588,10.);
#1035=VECTOR('',#3591,10.);
#1036=VECTOR('',#3592,10.);
#1037=VECTOR('',#3593,10.);
#1038=VECTOR('',#3596,10.);
#1039=VECTOR('',#3599,10.);
#1040=VECTOR('',#3602,10.);
#1041=VECTOR('',#3605,10.);
#1042=VECTOR('',#3608,10.);
#1043=VECTOR('',#3611,10.);
#1044=VECTOR('',#3612,10.);
#1045=VECTOR('',#3615,10.);
#1046=VECTOR('',#3616,10.);
#1047=VECTOR('',#3619,10.);
#1048=VECTOR('',#3620,10.);
#1049=VECTOR('',#3625,0.700000000000001);
#1050=VECTOR('',#3626,10.);
#1051=VECTOR('',#3627,10.);
#1052=VECTOR('',#3630,10.);
#1053=VECTOR('',#3631,10.);
#1054=VECTOR('',#3636,0.700000000000001);
#1055=VECTOR('',#3637,10.);
#1056=VECTOR('',#3638,10.);
#1057=VECTOR('',#3641,10.);
#1058=VECTOR('',#3642,10.);
#1059=VECTOR('',#3647,10.);
#1060=VECTOR('',#3650,10.);
#1061=VECTOR('',#3653,10.);
#1062=VECTOR('',#3658,10.);
#1063=VECTOR('',#3661,10.);
#1064=VECTOR('',#3664,10.);
#1065=VECTOR('',#3669,10.);
#1066=VECTOR('',#3676,10.);
#1067=VECTOR('',#3687,0.700000000000001);
#1068=VECTOR('',#3688,10.);
#1069=VECTOR('',#3689,10.);
#1070=VECTOR('',#3692,0.7);
#1071=VECTOR('',#3695,10.);
#1072=VECTOR('',#3696,10.);
#1073=VECTOR('',#3697,10.);
#1074=VECTOR('',#3700,10.);
#1075=VECTOR('',#3703,10.);
#1076=VECTOR('',#3706,10.);
#1077=VECTOR('',#3709,10.);
#1078=VECTOR('',#3710,10.);
#1079=VECTOR('',#3713,10.);
#1080=VECTOR('',#3714,10.);
#1081=VECTOR('',#3717,10.);
#1082=VECTOR('',#3718,10.);
#1083=VECTOR('',#3723,0.700000000000001);
#1084=VECTOR('',#3724,10.);
#1085=VECTOR('',#3725,10.);
#1086=VECTOR('',#3728,10.);
#1087=VECTOR('',#3729,10.);
#1088=VECTOR('',#3734,10.);
#1089=VECTOR('',#3737,10.);
#1090=VECTOR('',#3740,10.);
#1091=VECTOR('',#3745,10.);
#1092=VERTEX_POINT('',#3754);
#1093=VERTEX_POINT('',#3755);
#1094=VERTEX_POINT('',#3759);
#1095=VERTEX_POINT('',#3761);
#1096=VERTEX_POINT('',#3765);
#1097=VERTEX_POINT('',#3767);
#1098=VERTEX_POINT('',#3769);
#1099=VERTEX_POINT('',#3771);
#1100=VERTEX_POINT('',#3774);
#1101=VERTEX_POINT('',#3775);
#1102=VERTEX_POINT('',#3777);
#1103=VERTEX_POINT('',#3779);
#1104=VERTEX_POINT('',#3781);
#1105=VERTEX_POINT('',#3783);
#1106=VERTEX_POINT('',#3785);
#1107=VERTEX_POINT('',#3787);
#1108=VERTEX_POINT('',#3789);
#1109=VERTEX_POINT('',#3791);
#1110=VERTEX_POINT('',#3793);
#1111=VERTEX_POINT('',#3795);
#1112=VERTEX_POINT('',#3797);
#1113=VERTEX_POINT('',#3799);
#1114=VERTEX_POINT('',#3801);
#1115=VERTEX_POINT('',#3803);
#1116=VERTEX_POINT('',#3805);
#1117=VERTEX_POINT('',#3807);
#1118=VERTEX_POINT('',#3811);
#1119=VERTEX_POINT('',#3813);
#1120=VERTEX_POINT('',#3815);
#1121=VERTEX_POINT('',#3820);
#1122=VERTEX_POINT('',#3825);
#1123=VERTEX_POINT('',#3827);
#1124=VERTEX_POINT('',#3829);
#1125=VERTEX_POINT('',#3831);
#1126=VERTEX_POINT('',#3833);
#1127=VERTEX_POINT('',#3837);
#1128=VERTEX_POINT('',#3840);
#1129=VERTEX_POINT('',#3845);
#1130=VERTEX_POINT('',#3847);
#1131=VERTEX_POINT('',#3849);
#1132=VERTEX_POINT('',#3851);
#1133=VERTEX_POINT('',#3853);
#1134=VERTEX_POINT('',#3855);
#1135=VERTEX_POINT('',#3859);
#1136=VERTEX_POINT('',#3862);
#1137=VERTEX_POINT('',#3865);
#1138=VERTEX_POINT('',#3866);
#1139=VERTEX_POINT('',#3868);
#1140=VERTEX_POINT('',#3870);
#1141=VERTEX_POINT('',#3872);
#1142=VERTEX_POINT('',#3874);
#1143=VERTEX_POINT('',#3876);
#1144=VERTEX_POINT('',#3878);
#1145=VERTEX_POINT('',#3880);
#1146=VERTEX_POINT('',#3882);
#1147=VERTEX_POINT('',#3884);
#1148=VERTEX_POINT('',#3886);
#1149=VERTEX_POINT('',#3888);
#1150=VERTEX_POINT('',#3890);
#1151=VERTEX_POINT('',#3892);
#1152=VERTEX_POINT('',#3894);
#1153=VERTEX_POINT('',#3896);
#1154=VERTEX_POINT('',#3898);
#1155=VERTEX_POINT('',#3902);
#1156=VERTEX_POINT('',#3904);
#1157=VERTEX_POINT('',#3908);
#1158=VERTEX_POINT('',#3909);
#1159=VERTEX_POINT('',#3911);
#1160=VERTEX_POINT('',#3913);
#1161=VERTEX_POINT('',#3915);
#1162=VERTEX_POINT('',#3917);
#1163=VERTEX_POINT('',#3919);
#1164=VERTEX_POINT('',#3921);
#1165=VERTEX_POINT('',#3923);
#1166=VERTEX_POINT('',#3925);
#1167=VERTEX_POINT('',#3927);
#1168=VERTEX_POINT('',#3929);
#1169=VERTEX_POINT('',#3931);
#1170=VERTEX_POINT('',#3933);
#1171=VERTEX_POINT('',#3935);
#1172=VERTEX_POINT('',#3937);
#1173=VERTEX_POINT('',#3940);
#1174=VERTEX_POINT('',#3942);
#1175=VERTEX_POINT('',#3943);
#1176=VERTEX_POINT('',#3946);
#1177=VERTEX_POINT('',#3949);
#1178=VERTEX_POINT('',#3953);
#1179=VERTEX_POINT('',#3957);
#1180=VERTEX_POINT('',#3961);
#1181=VERTEX_POINT('',#3963);
#1182=VERTEX_POINT('',#3967);
#1183=VERTEX_POINT('',#3968);
#1184=VERTEX_POINT('',#3970);
#1185=VERTEX_POINT('',#3972);
#1186=VERTEX_POINT('',#3974);
#1187=VERTEX_POINT('',#3976);
#1188=VERTEX_POINT('',#3978);
#1189=VERTEX_POINT('',#3980);
#1190=VERTEX_POINT('',#3982);
#1191=VERTEX_POINT('',#3984);
#1192=VERTEX_POINT('',#3986);
#1193=VERTEX_POINT('',#3988);
#1194=VERTEX_POINT('',#3990);
#1195=VERTEX_POINT('',#3992);
#1196=VERTEX_POINT('',#3994);
#1197=VERTEX_POINT('',#3996);
#1198=VERTEX_POINT('',#3999);
#1199=VERTEX_POINT('',#4001);
#1200=VERTEX_POINT('',#4002);
#1201=VERTEX_POINT('',#4005);
#1202=VERTEX_POINT('',#4008);
#1203=VERTEX_POINT('',#4012);
#1204=VERTEX_POINT('',#4016);
#1205=VERTEX_POINT('',#4020);
#1206=VERTEX_POINT('',#4022);
#1207=VERTEX_POINT('',#4026);
#1208=VERTEX_POINT('',#4027);
#1209=VERTEX_POINT('',#4029);
#1210=VERTEX_POINT('',#4031);
#1211=VERTEX_POINT('',#4033);
#1212=VERTEX_POINT('',#4035);
#1213=VERTEX_POINT('',#4037);
#1214=VERTEX_POINT('',#4039);
#1215=VERTEX_POINT('',#4041);
#1216=VERTEX_POINT('',#4043);
#1217=VERTEX_POINT('',#4045);
#1218=VERTEX_POINT('',#4047);
#1219=VERTEX_POINT('',#4049);
#1220=VERTEX_POINT('',#4051);
#1221=VERTEX_POINT('',#4053);
#1222=VERTEX_POINT('',#4055);
#1223=VERTEX_POINT('',#4058);
#1224=VERTEX_POINT('',#4060);
#1225=VERTEX_POINT('',#4061);
#1226=VERTEX_POINT('',#4064);
#1227=VERTEX_POINT('',#4067);
#1228=VERTEX_POINT('',#4071);
#1229=VERTEX_POINT('',#4075);
#1230=VERTEX_POINT('',#4079);
#1231=VERTEX_POINT('',#4080);
#1232=VERTEX_POINT('',#4082);
#1233=VERTEX_POINT('',#4084);
#1234=VERTEX_POINT('',#4101);
#1235=VERTEX_POINT('',#4103);
#1236=VERTEX_POINT('',#4105);
#1237=VERTEX_POINT('',#4107);
#1238=VERTEX_POINT('',#4109);
#1239=VERTEX_POINT('',#4111);
#1240=VERTEX_POINT('',#4113);
#1241=VERTEX_POINT('',#4115);
#1242=VERTEX_POINT('',#4119);
#1243=VERTEX_POINT('',#4121);
#1244=VERTEX_POINT('',#4123);
#1245=VERTEX_POINT('',#4125);
#1246=VERTEX_POINT('',#4127);
#1247=VERTEX_POINT('',#4129);
#1248=VERTEX_POINT('',#4131);
#1249=VERTEX_POINT('',#4133);
#1250=VERTEX_POINT('',#4135);
#1251=VERTEX_POINT('',#4137);
#1252=VERTEX_POINT('',#4139);
#1253=VERTEX_POINT('',#4142);
#1254=VERTEX_POINT('',#4144);
#1255=VERTEX_POINT('',#4147);
#1256=VERTEX_POINT('',#4150);
#1257=VERTEX_POINT('',#4152);
#1258=VERTEX_POINT('',#4169);
#1259=VERTEX_POINT('',#4171);
#1260=VERTEX_POINT('',#4173);
#1261=VERTEX_POINT('',#4176);
#1262=VERTEX_POINT('',#4178);
#1263=VERTEX_POINT('',#4197);
#1264=VERTEX_POINT('',#4199);
#1265=VERTEX_POINT('',#4206);
#1266=VERTEX_POINT('',#4210);
#1267=VERTEX_POINT('',#4212);
#1268=VERTEX_POINT('',#4215);
#1269=VERTEX_POINT('',#4217);
#1270=VERTEX_POINT('',#4219);
#1271=VERTEX_POINT('',#4220);
#1272=VERTEX_POINT('',#4222);
#1273=VERTEX_POINT('',#4224);
#1274=VERTEX_POINT('',#4227);
#1275=VERTEX_POINT('',#4228);
#1276=VERTEX_POINT('',#4230);
#1277=VERTEX_POINT('',#4232);
#1278=VERTEX_POINT('',#4235);
#1279=VERTEX_POINT('',#4237);
#1280=VERTEX_POINT('',#4238);
#1281=VERTEX_POINT('',#4242);
#1282=VERTEX_POINT('',#4244);
#1283=VERTEX_POINT('',#4249);
#1284=VERTEX_POINT('',#4253);
#1285=VERTEX_POINT('',#4257);
#1286=VERTEX_POINT('',#4260);
#1287=VERTEX_POINT('',#4262);
#1288=VERTEX_POINT('',#4264);
#1289=VERTEX_POINT('',#4265);
#1290=VERTEX_POINT('',#4267);
#1291=VERTEX_POINT('',#4269);
#1292=VERTEX_POINT('',#4272);
#1293=VERTEX_POINT('',#4273);
#1294=VERTEX_POINT('',#4275);
#1295=VERTEX_POINT('',#4277);
#1296=VERTEX_POINT('',#4280);
#1297=VERTEX_POINT('',#4282);
#1298=VERTEX_POINT('',#4283);
#1299=VERTEX_POINT('',#4287);
#1300=VERTEX_POINT('',#4288);
#1301=VERTEX_POINT('',#4290);
#1302=VERTEX_POINT('',#4295);
#1303=VERTEX_POINT('',#4299);
#1304=VERTEX_POINT('',#4301);
#1305=VERTEX_POINT('',#4305);
#1306=VERTEX_POINT('',#4309);
#1307=VERTEX_POINT('',#4310);
#1308=VERTEX_POINT('',#4313);
#1309=VERTEX_POINT('',#4315);
#1310=VERTEX_POINT('',#4316);
#1311=VERTEX_POINT('',#4318);
#1312=VERTEX_POINT('',#4320);
#1313=VERTEX_POINT('',#4323);
#1314=VERTEX_POINT('',#4324);
#1315=VERTEX_POINT('',#4326);
#1316=VERTEX_POINT('',#4328);
#1317=VERTEX_POINT('',#4331);
#1318=VERTEX_POINT('',#4333);
#1319=VERTEX_POINT('',#4336);
#1320=VERTEX_POINT('',#4338);
#1321=VERTEX_POINT('',#4346);
#1322=VERTEX_POINT('',#4348);
#1323=VERTEX_POINT('',#4356);
#1324=VERTEX_POINT('',#4357);
#1325=VERTEX_POINT('',#4359);
#1326=VERTEX_POINT('',#4361);
#1327=VERTEX_POINT('',#4377);
#1328=VERTEX_POINT('',#4398);
#1329=VERTEX_POINT('',#4399);
#1330=VERTEX_POINT('',#4401);
#1331=VERTEX_POINT('',#4403);
#1332=VERTEX_POINT('',#4405);
#1333=VERTEX_POINT('',#4407);
#1334=VERTEX_POINT('',#4409);
#1335=VERTEX_POINT('',#4411);
#1336=VERTEX_POINT('',#4413);
#1337=VERTEX_POINT('',#4415);
#1338=VERTEX_POINT('',#4417);
#1339=VERTEX_POINT('',#4419);
#1340=VERTEX_POINT('',#4421);
#1341=VERTEX_POINT('',#4423);
#1342=VERTEX_POINT('',#4425);
#1343=VERTEX_POINT('',#4427);
#1344=VERTEX_POINT('',#4429);
#1345=VERTEX_POINT('',#4431);
#1346=EDGE_CURVE('',#1092,#1093,#520,.T.);
#1347=EDGE_CURVE('',#1093,#1092,#422,.T.);
#1348=EDGE_CURVE('',#1094,#1092,#521,.T.);
#1349=EDGE_CURVE('',#1095,#1094,#423,.T.);
#1350=EDGE_CURVE('',#1093,#1095,#522,.T.);
#1351=EDGE_CURVE('',#1092,#1096,#523,.T.);
#1352=EDGE_CURVE('',#1096,#1097,#524,.T.);
#1353=EDGE_CURVE('',#1098,#1097,#525,.T.);
#1354=EDGE_CURVE('',#1099,#1098,#424,.T.);
#1355=EDGE_CURVE('',#1094,#1099,#526,.T.);
#1356=EDGE_CURVE('',#1100,#1101,#425,.T.);
#1357=EDGE_CURVE('',#1101,#1102,#426,.T.);
#1358=EDGE_CURVE('',#1102,#1103,#527,.T.);
#1359=EDGE_CURVE('',#1103,#1104,#427,.T.);
#1360=EDGE_CURVE('',#1104,#1105,#428,.T.);
#1361=EDGE_CURVE('',#1105,#1106,#528,.T.);
#1362=EDGE_CURVE('',#1106,#1107,#529,.T.);
#1363=EDGE_CURVE('',#1107,#1108,#530,.T.);
#1364=EDGE_CURVE('',#1108,#1109,#531,.T.);
#1365=EDGE_CURVE('',#1109,#1110,#532,.T.);
#1366=EDGE_CURVE('',#1110,#1111,#533,.T.);
#1367=EDGE_CURVE('',#1111,#1112,#534,.T.);
#1368=EDGE_CURVE('',#1112,#1113,#535,.T.);
#1369=EDGE_CURVE('',#1113,#1114,#536,.T.);
#1370=EDGE_CURVE('',#1114,#1115,#537,.T.);
#1371=EDGE_CURVE('',#1115,#1116,#538,.T.);
#1372=EDGE_CURVE('',#1116,#1117,#539,.T.);
#1373=EDGE_CURVE('',#1117,#1100,#540,.T.);
#1374=EDGE_CURVE('',#1118,#1093,#541,.T.);
#1375=EDGE_CURVE('',#1118,#1119,#542,.T.);
#1376=EDGE_CURVE('',#1120,#1119,#543,.T.);
#1377=EDGE_CURVE('',#1120,#1096,#544,.T.);
#1378=EDGE_CURVE('',#1096,#1120,#429,.T.);
#1379=EDGE_CURVE('',#1121,#1120,#545,.T.);
#1380=EDGE_CURVE('',#1097,#1121,#430,.T.);
#1381=EDGE_CURVE('',#1121,#1122,#546,.T.);
#1382=EDGE_CURVE('',#1123,#1122,#547,.T.);
#1383=EDGE_CURVE('',#1124,#1123,#548,.T.);
#1384=EDGE_CURVE('',#1125,#1124,#431,.T.);
#1385=EDGE_CURVE('',#1126,#1125,#549,.T.);
#1386=EDGE_CURVE('',#1098,#1126,#550,.T.);
#1387=EDGE_CURVE('',#1119,#1127,#551,.T.);
#1388=EDGE_CURVE('',#1119,#1118,#432,.T.);
#1389=EDGE_CURVE('',#1128,#1118,#552,.T.);
#1390=EDGE_CURVE('',#1127,#1128,#433,.T.);
#1391=EDGE_CURVE('',#1128,#1129,#553,.T.);
#1392=EDGE_CURVE('',#1130,#1129,#554,.T.);
#1393=EDGE_CURVE('',#1131,#1130,#555,.T.);
#1394=EDGE_CURVE('',#1132,#1131,#434,.T.);
#1395=EDGE_CURVE('',#1133,#1132,#556,.T.);
#1396=EDGE_CURVE('',#1134,#1133,#557,.T.);
#1397=EDGE_CURVE('',#1134,#1127,#558,.T.);
#1398=EDGE_CURVE('',#1135,#1135,#435,.T.);
#1399=EDGE_CURVE('',#1136,#1095,#559,.T.);
#1400=EDGE_CURVE('',#1129,#1136,#436,.T.);
#1401=EDGE_CURVE('',#1137,#1138,#437,.T.);
#1402=EDGE_CURVE('',#1138,#1139,#438,.T.);
#1403=EDGE_CURVE('',#1139,#1140,#560,.T.);
#1404=EDGE_CURVE('',#1140,#1141,#439,.T.);
#1405=EDGE_CURVE('',#1141,#1142,#440,.T.);
#1406=EDGE_CURVE('',#1142,#1143,#561,.T.);
#1407=EDGE_CURVE('',#1143,#1144,#562,.T.);
#1408=EDGE_CURVE('',#1144,#1145,#563,.T.);
#1409=EDGE_CURVE('',#1145,#1146,#564,.T.);
#1410=EDGE_CURVE('',#1146,#1147,#565,.T.);
#1411=EDGE_CURVE('',#1147,#1148,#566,.T.);
#1412=EDGE_CURVE('',#1148,#1149,#567,.T.);
#1413=EDGE_CURVE('',#1149,#1150,#568,.T.);
#1414=EDGE_CURVE('',#1150,#1151,#569,.T.);
#1415=EDGE_CURVE('',#1151,#1152,#570,.T.);
#1416=EDGE_CURVE('',#1152,#1153,#571,.T.);
#1417=EDGE_CURVE('',#1153,#1154,#572,.T.);
#1418=EDGE_CURVE('',#1154,#1137,#573,.T.);
#1419=EDGE_CURVE('',#1155,#1155,#441,.T.);
#1420=EDGE_CURVE('',#1155,#1156,#574,.T.);
#1421=EDGE_CURVE('',#1156,#1156,#442,.T.);
#1422=EDGE_CURVE('',#1157,#1158,#443,.T.);
#1423=EDGE_CURVE('',#1159,#1158,#575,.T.);
#1424=EDGE_CURVE('',#1160,#1159,#576,.T.);
#1425=EDGE_CURVE('',#1160,#1161,#577,.T.);
#1426=EDGE_CURVE('',#1161,#1162,#578,.T.);
#1427=EDGE_CURVE('',#1162,#1163,#579,.T.);
#1428=EDGE_CURVE('',#1164,#1163,#580,.T.);
#1429=EDGE_CURVE('',#1165,#1164,#581,.T.);
#1430=EDGE_CURVE('',#1165,#1166,#582,.T.);
#1431=EDGE_CURVE('',#1166,#1167,#583,.T.);
#1432=EDGE_CURVE('',#1167,#1168,#584,.T.);
#1433=EDGE_CURVE('',#1169,#1168,#585,.T.);
#1434=EDGE_CURVE('',#1170,#1169,#586,.T.);
#1435=EDGE_CURVE('',#1171,#1170,#587,.T.);
#1436=EDGE_CURVE('',#1171,#1172,#444,.T.);
#1437=EDGE_CURVE('',#1157,#1172,#588,.T.);
#1438=EDGE_CURVE('',#1173,#1173,#445,.T.);
#1439=EDGE_CURVE('',#1174,#1175,#446,.T.);
#1440=EDGE_CURVE('',#1175,#1174,#447,.T.);
#1441=EDGE_CURVE('',#1176,#1176,#448,.T.);
#1442=EDGE_CURVE('',#1177,#1177,#449,.T.);
#1443=EDGE_CURVE('',#1177,#1156,#589,.T.);
#1444=EDGE_CURVE('',#1173,#1178,#590,.T.);
#1445=EDGE_CURVE('',#1178,#1178,#450,.T.);
#1446=EDGE_CURVE('',#1179,#1179,#451,.T.);
#1447=EDGE_CURVE('',#1179,#1178,#591,.T.);
#1448=EDGE_CURVE('',#1180,#1180,#452,.T.);
#1449=EDGE_CURVE('',#1180,#1181,#592,.T.);
#1450=EDGE_CURVE('',#1181,#1181,#453,.T.);
#1451=EDGE_CURVE('',#1182,#1183,#454,.T.);
#1452=EDGE_CURVE('',#1184,#1183,#593,.T.);
#1453=EDGE_CURVE('',#1185,#1184,#594,.T.);
#1454=EDGE_CURVE('',#1185,#1186,#595,.T.);
#1455=EDGE_CURVE('',#1186,#1187,#596,.T.);
#1456=EDGE_CURVE('',#1187,#1188,#597,.T.);
#1457=EDGE_CURVE('',#1189,#1188,#598,.T.);
#1458=EDGE_CURVE('',#1190,#1189,#599,.T.);
#1459=EDGE_CURVE('',#1190,#1191,#600,.T.);
#1460=EDGE_CURVE('',#1191,#1192,#601,.T.);
#1461=EDGE_CURVE('',#1192,#1193,#602,.T.);
#1462=EDGE_CURVE('',#1194,#1193,#603,.T.);
#1463=EDGE_CURVE('',#1195,#1194,#604,.T.);
#1464=EDGE_CURVE('',#1196,#1195,#605,.T.);
#1465=EDGE_CURVE('',#1196,#1197,#455,.T.);
#1466=EDGE_CURVE('',#1182,#1197,#606,.T.);
#1467=EDGE_CURVE('',#1198,#1198,#456,.T.);
#1468=EDGE_CURVE('',#1199,#1200,#457,.T.);
#1469=EDGE_CURVE('',#1200,#1199,#458,.T.);
#1470=EDGE_CURVE('',#1201,#1201,#459,.T.);
#1471=EDGE_CURVE('',#1202,#1202,#460,.T.);
#1472=EDGE_CURVE('',#1202,#1181,#607,.T.);
#1473=EDGE_CURVE('',#1198,#1203,#608,.T.);
#1474=EDGE_CURVE('',#1203,#1203,#461,.T.);
#1475=EDGE_CURVE('',#1204,#1204,#462,.T.);
#1476=EDGE_CURVE('',#1204,#1203,#609,.T.);
#1477=EDGE_CURVE('',#1205,#1205,#463,.T.);
#1478=EDGE_CURVE('',#1205,#1206,#610,.T.);
#1479=EDGE_CURVE('',#1206,#1206,#464,.T.);
#1480=EDGE_CURVE('',#1207,#1208,#465,.T.);
#1481=EDGE_CURVE('',#1209,#1208,#611,.T.);
#1482=EDGE_CURVE('',#1210,#1209,#612,.T.);
#1483=EDGE_CURVE('',#1210,#1211,#613,.T.);
#1484=EDGE_CURVE('',#1211,#1212,#614,.T.);
#1485=EDGE_CURVE('',#1212,#1213,#615,.T.);
#1486=EDGE_CURVE('',#1214,#1213,#616,.T.);
#1487=EDGE_CURVE('',#1215,#1214,#617,.T.);
#1488=EDGE_CURVE('',#1215,#1216,#618,.T.);
#1489=EDGE_CURVE('',#1216,#1217,#619,.T.);
#1490=EDGE_CURVE('',#1217,#1218,#620,.T.);
#1491=EDGE_CURVE('',#1219,#1218,#621,.T.);
#1492=EDGE_CURVE('',#1220,#1219,#622,.T.);
#1493=EDGE_CURVE('',#1221,#1220,#623,.T.);
#1494=EDGE_CURVE('',#1221,#1222,#466,.T.);
#1495=EDGE_CURVE('',#1207,#1222,#624,.T.);
#1496=EDGE_CURVE('',#1223,#1223,#467,.T.);
#1497=EDGE_CURVE('',#1224,#1225,#468,.T.);
#1498=EDGE_CURVE('',#1225,#1224,#469,.T.);
#1499=EDGE_CURVE('',#1226,#1226,#470,.T.);
#1500=EDGE_CURVE('',#1227,#1227,#471,.T.);
#1501=EDGE_CURVE('',#1227,#1206,#625,.T.);
#1502=EDGE_CURVE('',#1223,#1228,#626,.T.);
#1503=EDGE_CURVE('',#1228,#1228,#472,.T.);
#1504=EDGE_CURVE('',#1229,#1229,#473,.T.);
#1505=EDGE_CURVE('',#1229,#1228,#627,.T.);
#1506=EDGE_CURVE('',#1230,#1231,#474,.T.);
#1507=EDGE_CURVE('',#1231,#1232,#628,.T.);
#1508=EDGE_CURVE('',#1232,#1233,#27,.F.);
#1509=EDGE_CURVE('',#1233,#1230,#629,.T.);
#1510=EDGE_CURVE('',#1234,#1231,#630,.T.);
#1511=EDGE_CURVE('',#1234,#1235,#631,.T.);
#1512=EDGE_CURVE('',#1236,#1235,#632,.T.);
#1513=EDGE_CURVE('',#1236,#1237,#633,.T.);
#1514=EDGE_CURVE('',#1238,#1237,#634,.T.);
#1515=EDGE_CURVE('',#1239,#1238,#635,.T.);
#1516=EDGE_CURVE('',#1240,#1239,#21,.F.);
#1517=EDGE_CURVE('',#1241,#1240,#636,.T.);
#1518=EDGE_CURVE('',#1241,#1232,#22,.T.);
#1519=EDGE_CURVE('',#1230,#1242,#637,.T.);
#1520=EDGE_CURVE('',#1242,#1243,#638,.T.);
#1521=EDGE_CURVE('',#1243,#1244,#639,.T.);
#1522=EDGE_CURVE('',#1244,#1245,#640,.T.);
#1523=EDGE_CURVE('',#1245,#1246,#641,.T.);
#1524=EDGE_CURVE('',#1247,#1246,#475,.T.);
#1525=EDGE_CURVE('',#1247,#1248,#642,.T.);
#1526=EDGE_CURVE('',#1248,#1249,#643,.T.);
#1527=EDGE_CURVE('',#1249,#1250,#644,.T.);
#1528=EDGE_CURVE('',#1250,#1251,#645,.T.);
#1529=EDGE_CURVE('',#1251,#1252,#646,.T.);
#1530=EDGE_CURVE('',#1238,#1252,#476,.T.);
#1531=EDGE_CURVE('',#1237,#1253,#647,.T.);
#1532=EDGE_CURVE('',#1253,#1254,#648,.T.);
#1533=EDGE_CURVE('',#1254,#1234,#649,.T.);
#1534=EDGE_CURVE('',#1255,#1255,#477,.T.);
#1535=EDGE_CURVE('',#1246,#1256,#650,.T.);
#1536=EDGE_CURVE('',#1256,#1257,#28,.F.);
#1537=EDGE_CURVE('',#1257,#1247,#651,.T.);
#1538=EDGE_CURVE('',#1257,#1258,#23,.T.);
#1539=EDGE_CURVE('',#1259,#1258,#652,.T.);
#1540=EDGE_CURVE('',#1260,#1259,#24,.F.);
#1541=EDGE_CURVE('',#1252,#1260,#653,.T.);
#1542=EDGE_CURVE('',#1251,#1261,#654,.T.);
#1543=EDGE_CURVE('',#1262,#1261,#655,.T.);
#1544=EDGE_CURVE('',#1262,#1248,#656,.T.);
#1545=EDGE_CURVE('',#1260,#1239,#29,.F.);
#1546=EDGE_CURVE('',#1124,#1263,#478,.T.);
#1547=EDGE_CURVE('',#1263,#1264,#479,.T.);
#1548=EDGE_CURVE('',#1264,#1125,#480,.T.);
#1549=EDGE_CURVE('',#1259,#1264,#657,.T.);
#1550=EDGE_CURVE('',#1263,#1240,#658,.T.);
#1551=EDGE_CURVE('',#1264,#1265,#659,.T.);
#1552=EDGE_CURVE('',#1265,#1126,#481,.T.);
#1553=EDGE_CURVE('',#1266,#1258,#660,.T.);
#1554=EDGE_CURVE('',#1267,#1266,#661,.T.);
#1555=EDGE_CURVE('',#1265,#1267,#482,.T.);
#1556=EDGE_CURVE('',#1268,#1268,#483,.T.);
#1557=EDGE_CURVE('',#1269,#1269,#484,.T.);
#1558=EDGE_CURVE('',#1270,#1271,#662,.T.);
#1559=EDGE_CURVE('',#1271,#1272,#663,.T.);
#1560=EDGE_CURVE('',#1272,#1273,#664,.T.);
#1561=EDGE_CURVE('',#1273,#1270,#665,.T.);
#1562=EDGE_CURVE('',#1274,#1275,#666,.T.);
#1563=EDGE_CURVE('',#1275,#1276,#667,.T.);
#1564=EDGE_CURVE('',#1276,#1277,#668,.T.);
#1565=EDGE_CURVE('',#1277,#1274,#669,.T.);
#1566=EDGE_CURVE('',#1278,#1278,#485,.T.);
#1567=EDGE_CURVE('',#1279,#1280,#486,.T.);
#1568=EDGE_CURVE('',#1280,#1279,#487,.T.);
#1569=EDGE_CURVE('',#1281,#1132,#488,.T.);
#1570=EDGE_CURVE('',#1131,#1282,#489,.T.);
#1571=EDGE_CURVE('',#1282,#1281,#490,.T.);
#1572=EDGE_CURVE('',#1241,#1281,#670,.T.);
#1573=EDGE_CURVE('',#1282,#1283,#671,.T.);
#1574=EDGE_CURVE('',#1233,#1283,#25,.T.);
#1575=EDGE_CURVE('',#1281,#1284,#672,.T.);
#1576=EDGE_CURVE('',#1284,#1133,#491,.T.);
#1577=EDGE_CURVE('',#1285,#1263,#673,.T.);
#1578=EDGE_CURVE('',#1284,#1285,#492,.T.);
#1579=EDGE_CURVE('',#1286,#1286,#493,.T.);
#1580=EDGE_CURVE('',#1287,#1287,#494,.T.);
#1581=EDGE_CURVE('',#1288,#1289,#674,.T.);
#1582=EDGE_CURVE('',#1289,#1290,#675,.T.);
#1583=EDGE_CURVE('',#1290,#1291,#676,.T.);
#1584=EDGE_CURVE('',#1291,#1288,#677,.T.);
#1585=EDGE_CURVE('',#1292,#1293,#678,.T.);
#1586=EDGE_CURVE('',#1293,#1294,#679,.T.);
#1587=EDGE_CURVE('',#1294,#1295,#680,.T.);
#1588=EDGE_CURVE('',#1295,#1292,#681,.T.);
#1589=EDGE_CURVE('',#1296,#1296,#495,.T.);
#1590=EDGE_CURVE('',#1297,#1298,#496,.T.);
#1591=EDGE_CURVE('',#1298,#1297,#497,.T.);
#1592=EDGE_CURVE('',#1299,#1300,#498,.T.);
#1593=EDGE_CURVE('',#1300,#1301,#499,.T.);
#1594=EDGE_CURVE('',#1301,#1266,#500,.T.);
#1595=EDGE_CURVE('',#1266,#1299,#501,.T.);
#1596=EDGE_CURVE('',#1302,#1256,#26,.T.);
#1597=EDGE_CURVE('',#1302,#1299,#682,.T.);
#1598=EDGE_CURVE('',#1299,#1303,#683,.T.);
#1599=EDGE_CURVE('',#1303,#1304,#502,.T.);
#1600=EDGE_CURVE('',#1304,#1300,#684,.T.);
#1601=EDGE_CURVE('',#1305,#1282,#685,.T.);
#1602=EDGE_CURVE('',#1303,#1305,#503,.T.);
#1603=EDGE_CURVE('',#1302,#1283,#686,.T.);
#1604=EDGE_CURVE('',#1306,#1307,#504,.T.);
#1605=EDGE_CURVE('',#1307,#1306,#505,.T.);
#1606=EDGE_CURVE('',#1308,#1308,#506,.T.);
#1607=EDGE_CURVE('',#1309,#1310,#687,.T.);
#1608=EDGE_CURVE('',#1310,#1311,#688,.T.);
#1609=EDGE_CURVE('',#1311,#1312,#689,.T.);
#1610=EDGE_CURVE('',#1312,#1309,#690,.T.);
#1611=EDGE_CURVE('',#1313,#1314,#691,.T.);
#1612=EDGE_CURVE('',#1314,#1315,#692,.T.);
#1613=EDGE_CURVE('',#1315,#1316,#693,.T.);
#1614=EDGE_CURVE('',#1316,#1313,#694,.T.);
#1615=EDGE_CURVE('',#1317,#1317,#507,.T.);
#1616=EDGE_CURVE('',#1318,#1318,#508,.T.);
#1617=EDGE_CURVE('',#1319,#1261,#695,.T.);
#1618=EDGE_CURVE('',#1319,#1320,#696,.T.);
#1619=EDGE_CURVE('',#1262,#1320,#697,.T.);
#1620=EDGE_CURVE('',#1249,#1320,#698,.T.);
#1621=EDGE_CURVE('',#1250,#1319,#699,.T.);
#1622=EDGE_CURVE('',#1321,#1235,#700,.T.);
#1623=EDGE_CURVE('',#1321,#1322,#701,.T.);
#1624=EDGE_CURVE('',#1236,#1322,#702,.T.);
#1625=EDGE_CURVE('',#1253,#1322,#703,.T.);
#1626=EDGE_CURVE('',#1254,#1321,#704,.T.);
#1627=EDGE_CURVE('',#1323,#1324,#705,.T.);
#1628=EDGE_CURVE('',#1323,#1325,#706,.T.);
#1629=EDGE_CURVE('',#1326,#1325,#707,.T.);
#1630=EDGE_CURVE('',#1326,#1324,#708,.T.);
#1631=EDGE_CURVE('',#1243,#1325,#709,.T.);
#1632=EDGE_CURVE('',#1326,#1242,#710,.T.);
#1633=EDGE_CURVE('',#1244,#1323,#711,.T.);
#1634=EDGE_CURVE('',#1245,#1324,#712,.T.);
#1635=EDGE_CURVE('',#1255,#1135,#713,.T.);
#1636=EDGE_CURVE('',#1267,#1327,#509,.T.);
#1637=EDGE_CURVE('',#1327,#1126,#510,.T.);
#1638=EDGE_CURVE('',#1301,#1327,#714,.T.);
#1639=EDGE_CURVE('',#1285,#1123,#511,.T.);
#1640=EDGE_CURVE('',#1123,#1133,#512,.T.);
#1641=EDGE_CURVE('',#1305,#1130,#513,.T.);
#1642=EDGE_CURVE('',#1130,#1304,#514,.T.);
#1643=EDGE_CURVE('',#1327,#1099,#715,.T.);
#1644=EDGE_CURVE('',#1136,#1304,#716,.T.);
#1645=EDGE_CURVE('',#1122,#1134,#515,.T.);
#1646=EDGE_CURVE('',#1328,#1329,#516,.T.);
#1647=EDGE_CURVE('',#1329,#1330,#517,.T.);
#1648=EDGE_CURVE('',#1330,#1331,#717,.T.);
#1649=EDGE_CURVE('',#1331,#1332,#518,.T.);
#1650=EDGE_CURVE('',#1332,#1333,#519,.T.);
#1651=EDGE_CURVE('',#1333,#1334,#718,.T.);
#1652=EDGE_CURVE('',#1334,#1335,#719,.T.);
#1653=EDGE_CURVE('',#1335,#1336,#720,.T.);
#1654=EDGE_CURVE('',#1336,#1337,#721,.T.);
#1655=EDGE_CURVE('',#1337,#1338,#722,.T.);
#1656=EDGE_CURVE('',#1338,#1339,#723,.T.);
#1657=EDGE_CURVE('',#1339,#1340,#724,.T.);
#1658=EDGE_CURVE('',#1340,#1341,#725,.T.);
#1659=EDGE_CURVE('',#1341,#1342,#726,.T.);
#1660=EDGE_CURVE('',#1342,#1343,#727,.T.);
#1661=EDGE_CURVE('',#1343,#1344,#728,.T.);
#1662=EDGE_CURVE('',#1344,#1345,#729,.T.);
#1663=EDGE_CURVE('',#1345,#1328,#730,.T.);
#1664=EDGE_CURVE('',#1286,#1329,#731,.T.);
#1665=EDGE_CURVE('',#1158,#1328,#732,.T.);
#1666=EDGE_CURVE('',#1330,#1157,#733,.T.);
#1667=EDGE_CURVE('',#1287,#1176,#734,.T.);
#1668=EDGE_CURVE('',#1291,#1166,#735,.T.);
#1669=EDGE_CURVE('',#1339,#1165,#736,.T.);
#1670=EDGE_CURVE('',#1288,#1338,#737,.T.);
#1671=EDGE_CURVE('',#1290,#1167,#738,.T.);
#1672=EDGE_CURVE('',#1337,#1289,#739,.T.);
#1673=EDGE_CURVE('',#1168,#1336,#740,.T.);
#1674=EDGE_CURVE('',#1268,#1101,#741,.T.);
#1675=EDGE_CURVE('',#1183,#1100,#742,.T.);
#1676=EDGE_CURVE('',#1102,#1182,#743,.T.);
#1677=EDGE_CURVE('',#1269,#1201,#744,.T.);
#1678=EDGE_CURVE('',#1162,#1294,#745,.T.);
#1679=EDGE_CURVE('',#1295,#1161,#746,.T.);
#1680=EDGE_CURVE('',#1344,#1160,#747,.T.);
#1681=EDGE_CURVE('',#1292,#1343,#748,.T.);
#1682=EDGE_CURVE('',#1273,#1191,#749,.T.);
#1683=EDGE_CURVE('',#1111,#1190,#750,.T.);
#1684=EDGE_CURVE('',#1270,#1110,#751,.T.);
#1685=EDGE_CURVE('',#1272,#1192,#752,.T.);
#1686=EDGE_CURVE('',#1293,#1342,#753,.T.);
#1687=EDGE_CURVE('',#1163,#1341,#754,.T.);
#1688=EDGE_CURVE('',#1109,#1271,#755,.T.);
#1689=EDGE_CURVE('',#1193,#1108,#756,.T.);
#1690=EDGE_CURVE('',#1277,#1115,#757,.T.);
#1691=EDGE_CURVE('',#1274,#1114,#758,.T.);
#1692=EDGE_CURVE('',#1276,#1186,#759,.T.);
#1693=EDGE_CURVE('',#1116,#1185,#760,.T.);
#1694=EDGE_CURVE('',#1188,#1113,#761,.T.);
#1695=EDGE_CURVE('',#1187,#1275,#762,.T.);
#1696=EDGE_CURVE('',#1278,#1104,#763,.T.);
#1697=EDGE_CURVE('',#1197,#1103,#764,.T.);
#1698=EDGE_CURVE('',#1105,#1196,#765,.T.);
#1699=EDGE_CURVE('',#1279,#1200,#766,.T.);
#1700=EDGE_CURVE('',#1199,#1280,#767,.T.);
#1701=EDGE_CURVE('',#1296,#1332,#768,.T.);
#1702=EDGE_CURVE('',#1172,#1331,#769,.T.);
#1703=EDGE_CURVE('',#1333,#1171,#770,.T.);
#1704=EDGE_CURVE('',#1297,#1175,#771,.T.);
#1705=EDGE_CURVE('',#1174,#1298,#772,.T.);
#1706=EDGE_CURVE('',#1335,#1169,#773,.T.);
#1707=EDGE_CURVE('',#1340,#1164,#774,.T.);
#1708=EDGE_CURVE('',#1345,#1159,#775,.T.);
#1709=EDGE_CURVE('',#1107,#1194,#776,.T.);
#1710=EDGE_CURVE('',#1112,#1189,#777,.T.);
#1711=EDGE_CURVE('',#1117,#1184,#778,.T.);
#1712=EDGE_CURVE('',#1106,#1195,#779,.T.);
#1713=EDGE_CURVE('',#1334,#1170,#780,.T.);
#1714=EDGE_CURVE('',#1318,#1138,#781,.T.);
#1715=EDGE_CURVE('',#1208,#1137,#782,.T.);
#1716=EDGE_CURVE('',#1139,#1207,#783,.T.);
#1717=EDGE_CURVE('',#1317,#1226,#784,.T.);
#1718=EDGE_CURVE('',#1316,#1216,#785,.T.);
#1719=EDGE_CURVE('',#1148,#1215,#786,.T.);
#1720=EDGE_CURVE('',#1313,#1147,#787,.T.);
#1721=EDGE_CURVE('',#1315,#1217,#788,.T.);
#1722=EDGE_CURVE('',#1146,#1314,#789,.T.);
#1723=EDGE_CURVE('',#1218,#1145,#790,.T.);
#1724=EDGE_CURVE('',#1312,#1152,#791,.T.);
#1725=EDGE_CURVE('',#1309,#1151,#792,.T.);
#1726=EDGE_CURVE('',#1311,#1211,#793,.T.);
#1727=EDGE_CURVE('',#1153,#1210,#794,.T.);
#1728=EDGE_CURVE('',#1213,#1150,#795,.T.);
#1729=EDGE_CURVE('',#1212,#1310,#796,.T.);
#1730=EDGE_CURVE('',#1308,#1141,#797,.T.);
#1731=EDGE_CURVE('',#1222,#1140,#798,.T.);
#1732=EDGE_CURVE('',#1142,#1221,#799,.T.);
#1733=EDGE_CURVE('',#1306,#1225,#800,.T.);
#1734=EDGE_CURVE('',#1224,#1307,#801,.T.);
#1735=EDGE_CURVE('',#1144,#1219,#802,.T.);
#1736=EDGE_CURVE('',#1149,#1214,#803,.T.);
#1737=EDGE_CURVE('',#1154,#1209,#804,.T.);
#1738=EDGE_CURVE('',#1143,#1220,#805,.T.);
#1739=ORIENTED_EDGE('',*,*,#1346,.F.);
#1740=ORIENTED_EDGE('',*,*,#1347,.F.);
#1741=ORIENTED_EDGE('',*,*,#1348,.F.);
#1742=ORIENTED_EDGE('',*,*,#1349,.F.);
#1743=ORIENTED_EDGE('',*,*,#1350,.F.);
#1744=ORIENTED_EDGE('',*,*,#1347,.T.);
#1745=ORIENTED_EDGE('',*,*,#1348,.T.);
#1746=ORIENTED_EDGE('',*,*,#1351,.T.);
#1747=ORIENTED_EDGE('',*,*,#1352,.T.);
#1748=ORIENTED_EDGE('',*,*,#1353,.F.);
#1749=ORIENTED_EDGE('',*,*,#1354,.F.);
#1750=ORIENTED_EDGE('',*,*,#1355,.F.);
#1751=ORIENTED_EDGE('',*,*,#1356,.T.);
#1752=ORIENTED_EDGE('',*,*,#1357,.T.);
#1753=ORIENTED_EDGE('',*,*,#1358,.T.);
#1754=ORIENTED_EDGE('',*,*,#1359,.T.);
#1755=ORIENTED_EDGE('',*,*,#1360,.T.);
#1756=ORIENTED_EDGE('',*,*,#1361,.T.);
#1757=ORIENTED_EDGE('',*,*,#1362,.T.);
#1758=ORIENTED_EDGE('',*,*,#1363,.T.);
#1759=ORIENTED_EDGE('',*,*,#1364,.T.);
#1760=ORIENTED_EDGE('',*,*,#1365,.T.);
#1761=ORIENTED_EDGE('',*,*,#1366,.T.);
#1762=ORIENTED_EDGE('',*,*,#1367,.T.);
#1763=ORIENTED_EDGE('',*,*,#1368,.T.);
#1764=ORIENTED_EDGE('',*,*,#1369,.T.);
#1765=ORIENTED_EDGE('',*,*,#1370,.T.);
#1766=ORIENTED_EDGE('',*,*,#1371,.T.);
#1767=ORIENTED_EDGE('',*,*,#1372,.T.);
#1768=ORIENTED_EDGE('',*,*,#1373,.T.);
#1769=ORIENTED_EDGE('',*,*,#1346,.T.);
#1770=ORIENTED_EDGE('',*,*,#1374,.F.);
#1771=ORIENTED_EDGE('',*,*,#1375,.T.);
#1772=ORIENTED_EDGE('',*,*,#1376,.F.);
#1773=ORIENTED_EDGE('',*,*,#1377,.T.);
#1774=ORIENTED_EDGE('',*,*,#1351,.F.);
#1775=ORIENTED_EDGE('',*,*,#1352,.F.);
#1776=ORIENTED_EDGE('',*,*,#1378,.T.);
#1777=ORIENTED_EDGE('',*,*,#1379,.F.);
#1778=ORIENTED_EDGE('',*,*,#1380,.F.);
#1779=ORIENTED_EDGE('',*,*,#1377,.F.);
#1780=ORIENTED_EDGE('',*,*,#1378,.F.);
#1781=ORIENTED_EDGE('',*,*,#1380,.T.);
#1782=ORIENTED_EDGE('',*,*,#1381,.T.);
#1783=ORIENTED_EDGE('',*,*,#1382,.F.);
#1784=ORIENTED_EDGE('',*,*,#1383,.F.);
#1785=ORIENTED_EDGE('',*,*,#1384,.F.);
#1786=ORIENTED_EDGE('',*,*,#1385,.F.);
#1787=ORIENTED_EDGE('',*,*,#1386,.F.);
#1788=ORIENTED_EDGE('',*,*,#1353,.T.);
#1789=ORIENTED_EDGE('',*,*,#1387,.F.);
#1790=ORIENTED_EDGE('',*,*,#1388,.T.);
#1791=ORIENTED_EDGE('',*,*,#1389,.F.);
#1792=ORIENTED_EDGE('',*,*,#1390,.F.);
#1793=ORIENTED_EDGE('',*,*,#1375,.F.);
#1794=ORIENTED_EDGE('',*,*,#1388,.F.);
#1795=ORIENTED_EDGE('',*,*,#1390,.T.);
#1796=ORIENTED_EDGE('',*,*,#1391,.T.);
#1797=ORIENTED_EDGE('',*,*,#1392,.F.);
#1798=ORIENTED_EDGE('',*,*,#1393,.F.);
#1799=ORIENTED_EDGE('',*,*,#1394,.F.);
#1800=ORIENTED_EDGE('',*,*,#1395,.F.);
#1801=ORIENTED_EDGE('',*,*,#1396,.F.);
#1802=ORIENTED_EDGE('',*,*,#1397,.T.);
#1803=ORIENTED_EDGE('',*,*,#1398,.F.);
#1804=ORIENTED_EDGE('',*,*,#1350,.T.);
#1805=ORIENTED_EDGE('',*,*,#1399,.F.);
#1806=ORIENTED_EDGE('',*,*,#1400,.F.);
#1807=ORIENTED_EDGE('',*,*,#1391,.F.);
#1808=ORIENTED_EDGE('',*,*,#1389,.T.);
#1809=ORIENTED_EDGE('',*,*,#1374,.T.);
#1810=ORIENTED_EDGE('',*,*,#1401,.T.);
#1811=ORIENTED_EDGE('',*,*,#1402,.T.);
#1812=ORIENTED_EDGE('',*,*,#1403,.T.);
#1813=ORIENTED_EDGE('',*,*,#1404,.T.);
#1814=ORIENTED_EDGE('',*,*,#1405,.T.);
#1815=ORIENTED_EDGE('',*,*,#1406,.T.);
#1816=ORIENTED_EDGE('',*,*,#1407,.T.);
#1817=ORIENTED_EDGE('',*,*,#1408,.T.);
#1818=ORIENTED_EDGE('',*,*,#1409,.T.);
#1819=ORIENTED_EDGE('',*,*,#1410,.T.);
#1820=ORIENTED_EDGE('',*,*,#1411,.T.);
#1821=ORIENTED_EDGE('',*,*,#1412,.T.);
#1822=ORIENTED_EDGE('',*,*,#1413,.T.);
#1823=ORIENTED_EDGE('',*,*,#1414,.T.);
#1824=ORIENTED_EDGE('',*,*,#1415,.T.);
#1825=ORIENTED_EDGE('',*,*,#1416,.T.);
#1826=ORIENTED_EDGE('',*,*,#1417,.T.);
#1827=ORIENTED_EDGE('',*,*,#1418,.T.);
#1828=ORIENTED_EDGE('',*,*,#1419,.T.);
#1829=ORIENTED_EDGE('',*,*,#1420,.T.);
#1830=ORIENTED_EDGE('',*,*,#1421,.T.);
#1831=ORIENTED_EDGE('',*,*,#1420,.F.);
#1832=ORIENTED_EDGE('',*,*,#1422,.T.);
#1833=ORIENTED_EDGE('',*,*,#1423,.F.);
#1834=ORIENTED_EDGE('',*,*,#1424,.F.);
#1835=ORIENTED_EDGE('',*,*,#1425,.T.);
#1836=ORIENTED_EDGE('',*,*,#1426,.T.);
#1837=ORIENTED_EDGE('',*,*,#1427,.T.);
#1838=ORIENTED_EDGE('',*,*,#1428,.F.);
#1839=ORIENTED_EDGE('',*,*,#1429,.F.);
#1840=ORIENTED_EDGE('',*,*,#1430,.T.);
#1841=ORIENTED_EDGE('',*,*,#1431,.T.);
#1842=ORIENTED_EDGE('',*,*,#1432,.T.);
#1843=ORIENTED_EDGE('',*,*,#1433,.F.);
#1844=ORIENTED_EDGE('',*,*,#1434,.F.);
#1845=ORIENTED_EDGE('',*,*,#1435,.F.);
#1846=ORIENTED_EDGE('',*,*,#1436,.T.);
#1847=ORIENTED_EDGE('',*,*,#1437,.F.);
#1848=ORIENTED_EDGE('',*,*,#1438,.F.);
#1849=ORIENTED_EDGE('',*,*,#1439,.T.);
#1850=ORIENTED_EDGE('',*,*,#1440,.T.);
#1851=ORIENTED_EDGE('',*,*,#1441,.T.);
#1852=ORIENTED_EDGE('',*,*,#1419,.F.);
#1853=ORIENTED_EDGE('',*,*,#1442,.F.);
#1854=ORIENTED_EDGE('',*,*,#1443,.T.);
#1855=ORIENTED_EDGE('',*,*,#1421,.F.);
#1856=ORIENTED_EDGE('',*,*,#1443,.F.);
#1857=ORIENTED_EDGE('',*,*,#1438,.T.);
#1858=ORIENTED_EDGE('',*,*,#1444,.T.);
#1859=ORIENTED_EDGE('',*,*,#1445,.T.);
#1860=ORIENTED_EDGE('',*,*,#1444,.F.);
#1861=ORIENTED_EDGE('',*,*,#1446,.F.);
#1862=ORIENTED_EDGE('',*,*,#1447,.T.);
#1863=ORIENTED_EDGE('',*,*,#1445,.F.);
#1864=ORIENTED_EDGE('',*,*,#1447,.F.);
#1865=ORIENTED_EDGE('',*,*,#1448,.T.);
#1866=ORIENTED_EDGE('',*,*,#1449,.T.);
#1867=ORIENTED_EDGE('',*,*,#1450,.T.);
#1868=ORIENTED_EDGE('',*,*,#1449,.F.);
#1869=ORIENTED_EDGE('',*,*,#1451,.T.);
#1870=ORIENTED_EDGE('',*,*,#1452,.F.);
#1871=ORIENTED_EDGE('',*,*,#1453,.F.);
#1872=ORIENTED_EDGE('',*,*,#1454,.T.);
#1873=ORIENTED_EDGE('',*,*,#1455,.T.);
#1874=ORIENTED_EDGE('',*,*,#1456,.T.);
#1875=ORIENTED_EDGE('',*,*,#1457,.F.);
#1876=ORIENTED_EDGE('',*,*,#1458,.F.);
#1877=ORIENTED_EDGE('',*,*,#1459,.T.);
#1878=ORIENTED_EDGE('',*,*,#1460,.T.);
#1879=ORIENTED_EDGE('',*,*,#1461,.T.);
#1880=ORIENTED_EDGE('',*,*,#1462,.F.);
#1881=ORIENTED_EDGE('',*,*,#1463,.F.);
#1882=ORIENTED_EDGE('',*,*,#1464,.F.);
#1883=ORIENTED_EDGE('',*,*,#1465,.T.);
#1884=ORIENTED_EDGE('',*,*,#1466,.F.);
#1885=ORIENTED_EDGE('',*,*,#1467,.F.);
#1886=ORIENTED_EDGE('',*,*,#1468,.T.);
#1887=ORIENTED_EDGE('',*,*,#1469,.T.);
#1888=ORIENTED_EDGE('',*,*,#1470,.T.);
#1889=ORIENTED_EDGE('',*,*,#1448,.F.);
#1890=ORIENTED_EDGE('',*,*,#1471,.F.);
#1891=ORIENTED_EDGE('',*,*,#1472,.T.);
#1892=ORIENTED_EDGE('',*,*,#1450,.F.);
#1893=ORIENTED_EDGE('',*,*,#1472,.F.);
#1894=ORIENTED_EDGE('',*,*,#1467,.T.);
#1895=ORIENTED_EDGE('',*,*,#1473,.T.);
#1896=ORIENTED_EDGE('',*,*,#1474,.T.);
#1897=ORIENTED_EDGE('',*,*,#1473,.F.);
#1898=ORIENTED_EDGE('',*,*,#1475,.F.);
#1899=ORIENTED_EDGE('',*,*,#1476,.T.);
#1900=ORIENTED_EDGE('',*,*,#1474,.F.);
#1901=ORIENTED_EDGE('',*,*,#1476,.F.);
#1902=ORIENTED_EDGE('',*,*,#1477,.T.);
#1903=ORIENTED_EDGE('',*,*,#1478,.T.);
#1904=ORIENTED_EDGE('',*,*,#1479,.T.);
#1905=ORIENTED_EDGE('',*,*,#1478,.F.);
#1906=ORIENTED_EDGE('',*,*,#1480,.T.);
#1907=ORIENTED_EDGE('',*,*,#1481,.F.);
#1908=ORIENTED_EDGE('',*,*,#1482,.F.);
#1909=ORIENTED_EDGE('',*,*,#1483,.T.);
#1910=ORIENTED_EDGE('',*,*,#1484,.T.);
#1911=ORIENTED_EDGE('',*,*,#1485,.T.);
#1912=ORIENTED_EDGE('',*,*,#1486,.F.);
#1913=ORIENTED_EDGE('',*,*,#1487,.F.);
#1914=ORIENTED_EDGE('',*,*,#1488,.T.);
#1915=ORIENTED_EDGE('',*,*,#1489,.T.);
#1916=ORIENTED_EDGE('',*,*,#1490,.T.);
#1917=ORIENTED_EDGE('',*,*,#1491,.F.);
#1918=ORIENTED_EDGE('',*,*,#1492,.F.);
#1919=ORIENTED_EDGE('',*,*,#1493,.F.);
#1920=ORIENTED_EDGE('',*,*,#1494,.T.);
#1921=ORIENTED_EDGE('',*,*,#1495,.F.);
#1922=ORIENTED_EDGE('',*,*,#1496,.F.);
#1923=ORIENTED_EDGE('',*,*,#1497,.T.);
#1924=ORIENTED_EDGE('',*,*,#1498,.T.);
#1925=ORIENTED_EDGE('',*,*,#1499,.T.);
#1926=ORIENTED_EDGE('',*,*,#1477,.F.);
#1927=ORIENTED_EDGE('',*,*,#1500,.F.);
#1928=ORIENTED_EDGE('',*,*,#1501,.T.);
#1929=ORIENTED_EDGE('',*,*,#1479,.F.);
#1930=ORIENTED_EDGE('',*,*,#1501,.F.);
#1931=ORIENTED_EDGE('',*,*,#1496,.T.);
#1932=ORIENTED_EDGE('',*,*,#1502,.T.);
#1933=ORIENTED_EDGE('',*,*,#1503,.T.);
#1934=ORIENTED_EDGE('',*,*,#1502,.F.);
#1935=ORIENTED_EDGE('',*,*,#1504,.F.);
#1936=ORIENTED_EDGE('',*,*,#1505,.T.);
#1937=ORIENTED_EDGE('',*,*,#1503,.F.);
#1938=ORIENTED_EDGE('',*,*,#1505,.F.);
#1939=ORIENTED_EDGE('',*,*,#1506,.T.);
#1940=ORIENTED_EDGE('',*,*,#1507,.T.);
#1941=ORIENTED_EDGE('',*,*,#1508,.T.);
#1942=ORIENTED_EDGE('',*,*,#1509,.T.);
#1943=ORIENTED_EDGE('',*,*,#1507,.F.);
#1944=ORIENTED_EDGE('',*,*,#1510,.F.);
#1945=ORIENTED_EDGE('',*,*,#1511,.T.);
#1946=ORIENTED_EDGE('',*,*,#1512,.F.);
#1947=ORIENTED_EDGE('',*,*,#1513,.T.);
#1948=ORIENTED_EDGE('',*,*,#1514,.F.);
#1949=ORIENTED_EDGE('',*,*,#1515,.F.);
#1950=ORIENTED_EDGE('',*,*,#1516,.F.);
#1951=ORIENTED_EDGE('',*,*,#1517,.F.);
#1952=ORIENTED_EDGE('',*,*,#1518,.T.);
#1953=ORIENTED_EDGE('',*,*,#1506,.F.);
#1954=ORIENTED_EDGE('',*,*,#1519,.T.);
#1955=ORIENTED_EDGE('',*,*,#1520,.T.);
#1956=ORIENTED_EDGE('',*,*,#1521,.T.);
#1957=ORIENTED_EDGE('',*,*,#1522,.T.);
#1958=ORIENTED_EDGE('',*,*,#1523,.T.);
#1959=ORIENTED_EDGE('',*,*,#1524,.F.);
#1960=ORIENTED_EDGE('',*,*,#1525,.T.);
#1961=ORIENTED_EDGE('',*,*,#1526,.T.);
#1962=ORIENTED_EDGE('',*,*,#1527,.T.);
#1963=ORIENTED_EDGE('',*,*,#1528,.T.);
#1964=ORIENTED_EDGE('',*,*,#1529,.T.);
#1965=ORIENTED_EDGE('',*,*,#1530,.F.);
#1966=ORIENTED_EDGE('',*,*,#1514,.T.);
#1967=ORIENTED_EDGE('',*,*,#1531,.T.);
#1968=ORIENTED_EDGE('',*,*,#1532,.T.);
#1969=ORIENTED_EDGE('',*,*,#1533,.T.);
#1970=ORIENTED_EDGE('',*,*,#1510,.T.);
#1971=ORIENTED_EDGE('',*,*,#1534,.T.);
#1972=ORIENTED_EDGE('',*,*,#1524,.T.);
#1973=ORIENTED_EDGE('',*,*,#1535,.T.);
#1974=ORIENTED_EDGE('',*,*,#1536,.T.);
#1975=ORIENTED_EDGE('',*,*,#1537,.T.);
#1976=ORIENTED_EDGE('',*,*,#1537,.F.);
#1977=ORIENTED_EDGE('',*,*,#1538,.T.);
#1978=ORIENTED_EDGE('',*,*,#1539,.F.);
#1979=ORIENTED_EDGE('',*,*,#1540,.F.);
#1980=ORIENTED_EDGE('',*,*,#1541,.F.);
#1981=ORIENTED_EDGE('',*,*,#1529,.F.);
#1982=ORIENTED_EDGE('',*,*,#1542,.T.);
#1983=ORIENTED_EDGE('',*,*,#1543,.F.);
#1984=ORIENTED_EDGE('',*,*,#1544,.T.);
#1985=ORIENTED_EDGE('',*,*,#1525,.F.);
#1986=ORIENTED_EDGE('',*,*,#1530,.T.);
#1987=ORIENTED_EDGE('',*,*,#1541,.T.);
#1988=ORIENTED_EDGE('',*,*,#1545,.T.);
#1989=ORIENTED_EDGE('',*,*,#1515,.T.);
#1990=ORIENTED_EDGE('',*,*,#1546,.T.);
#1991=ORIENTED_EDGE('',*,*,#1547,.T.);
#1992=ORIENTED_EDGE('',*,*,#1548,.T.);
#1993=ORIENTED_EDGE('',*,*,#1384,.T.);
#1994=ORIENTED_EDGE('',*,*,#1540,.T.);
#1995=ORIENTED_EDGE('',*,*,#1549,.T.);
#1996=ORIENTED_EDGE('',*,*,#1547,.F.);
#1997=ORIENTED_EDGE('',*,*,#1550,.T.);
#1998=ORIENTED_EDGE('',*,*,#1516,.T.);
#1999=ORIENTED_EDGE('',*,*,#1545,.F.);
#2000=ORIENTED_EDGE('',*,*,#1548,.F.);
#2001=ORIENTED_EDGE('',*,*,#1551,.T.);
#2002=ORIENTED_EDGE('',*,*,#1552,.T.);
#2003=ORIENTED_EDGE('',*,*,#1385,.T.);
#2004=ORIENTED_EDGE('',*,*,#1549,.F.);
#2005=ORIENTED_EDGE('',*,*,#1539,.T.);
#2006=ORIENTED_EDGE('',*,*,#1553,.F.);
#2007=ORIENTED_EDGE('',*,*,#1554,.F.);
#2008=ORIENTED_EDGE('',*,*,#1555,.F.);
#2009=ORIENTED_EDGE('',*,*,#1551,.F.);
#2010=ORIENTED_EDGE('',*,*,#1556,.T.);
#2011=ORIENTED_EDGE('',*,*,#1557,.T.);
#2012=ORIENTED_EDGE('',*,*,#1558,.T.);
#2013=ORIENTED_EDGE('',*,*,#1559,.T.);
#2014=ORIENTED_EDGE('',*,*,#1560,.T.);
#2015=ORIENTED_EDGE('',*,*,#1561,.T.);
#2016=ORIENTED_EDGE('',*,*,#1562,.T.);
#2017=ORIENTED_EDGE('',*,*,#1563,.T.);
#2018=ORIENTED_EDGE('',*,*,#1564,.T.);
#2019=ORIENTED_EDGE('',*,*,#1565,.T.);
#2020=ORIENTED_EDGE('',*,*,#1475,.T.);
#2021=ORIENTED_EDGE('',*,*,#1566,.T.);
#2022=ORIENTED_EDGE('',*,*,#1471,.T.);
#2023=ORIENTED_EDGE('',*,*,#1567,.T.);
#2024=ORIENTED_EDGE('',*,*,#1568,.T.);
#2025=ORIENTED_EDGE('',*,*,#1569,.T.);
#2026=ORIENTED_EDGE('',*,*,#1394,.T.);
#2027=ORIENTED_EDGE('',*,*,#1570,.T.);
#2028=ORIENTED_EDGE('',*,*,#1571,.T.);
#2029=ORIENTED_EDGE('',*,*,#1518,.F.);
#2030=ORIENTED_EDGE('',*,*,#1572,.T.);
#2031=ORIENTED_EDGE('',*,*,#1571,.F.);
#2032=ORIENTED_EDGE('',*,*,#1573,.T.);
#2033=ORIENTED_EDGE('',*,*,#1574,.F.);
#2034=ORIENTED_EDGE('',*,*,#1508,.F.);
#2035=ORIENTED_EDGE('',*,*,#1569,.F.);
#2036=ORIENTED_EDGE('',*,*,#1575,.T.);
#2037=ORIENTED_EDGE('',*,*,#1576,.T.);
#2038=ORIENTED_EDGE('',*,*,#1395,.T.);
#2039=ORIENTED_EDGE('',*,*,#1550,.F.);
#2040=ORIENTED_EDGE('',*,*,#1577,.F.);
#2041=ORIENTED_EDGE('',*,*,#1578,.F.);
#2042=ORIENTED_EDGE('',*,*,#1575,.F.);
#2043=ORIENTED_EDGE('',*,*,#1572,.F.);
#2044=ORIENTED_EDGE('',*,*,#1517,.T.);
#2045=ORIENTED_EDGE('',*,*,#1579,.T.);
#2046=ORIENTED_EDGE('',*,*,#1580,.T.);
#2047=ORIENTED_EDGE('',*,*,#1581,.T.);
#2048=ORIENTED_EDGE('',*,*,#1582,.T.);
#2049=ORIENTED_EDGE('',*,*,#1583,.T.);
#2050=ORIENTED_EDGE('',*,*,#1584,.T.);
#2051=ORIENTED_EDGE('',*,*,#1585,.T.);
#2052=ORIENTED_EDGE('',*,*,#1586,.T.);
#2053=ORIENTED_EDGE('',*,*,#1587,.T.);
#2054=ORIENTED_EDGE('',*,*,#1588,.T.);
#2055=ORIENTED_EDGE('',*,*,#1442,.T.);
#2056=ORIENTED_EDGE('',*,*,#1589,.T.);
#2057=ORIENTED_EDGE('',*,*,#1446,.T.);
#2058=ORIENTED_EDGE('',*,*,#1590,.T.);
#2059=ORIENTED_EDGE('',*,*,#1591,.T.);
#2060=ORIENTED_EDGE('',*,*,#1592,.T.);
#2061=ORIENTED_EDGE('',*,*,#1593,.T.);
#2062=ORIENTED_EDGE('',*,*,#1594,.T.);
#2063=ORIENTED_EDGE('',*,*,#1595,.T.);
#2064=ORIENTED_EDGE('',*,*,#1596,.F.);
#2065=ORIENTED_EDGE('',*,*,#1597,.T.);
#2066=ORIENTED_EDGE('',*,*,#1595,.F.);
#2067=ORIENTED_EDGE('',*,*,#1553,.T.);
#2068=ORIENTED_EDGE('',*,*,#1538,.F.);
#2069=ORIENTED_EDGE('',*,*,#1536,.F.);
#2070=ORIENTED_EDGE('',*,*,#1592,.F.);
#2071=ORIENTED_EDGE('',*,*,#1598,.T.);
#2072=ORIENTED_EDGE('',*,*,#1599,.T.);
#2073=ORIENTED_EDGE('',*,*,#1600,.T.);
#2074=ORIENTED_EDGE('',*,*,#1573,.F.);
#2075=ORIENTED_EDGE('',*,*,#1601,.F.);
#2076=ORIENTED_EDGE('',*,*,#1602,.F.);
#2077=ORIENTED_EDGE('',*,*,#1598,.F.);
#2078=ORIENTED_EDGE('',*,*,#1597,.F.);
#2079=ORIENTED_EDGE('',*,*,#1603,.T.);
#2080=ORIENTED_EDGE('',*,*,#1604,.T.);
#2081=ORIENTED_EDGE('',*,*,#1605,.T.);
#2082=ORIENTED_EDGE('',*,*,#1504,.T.);
#2083=ORIENTED_EDGE('',*,*,#1606,.T.);
#2084=ORIENTED_EDGE('',*,*,#1500,.T.);
#2085=ORIENTED_EDGE('',*,*,#1607,.T.);
#2086=ORIENTED_EDGE('',*,*,#1608,.T.);
#2087=ORIENTED_EDGE('',*,*,#1609,.T.);
#2088=ORIENTED_EDGE('',*,*,#1610,.T.);
#2089=ORIENTED_EDGE('',*,*,#1611,.T.);
#2090=ORIENTED_EDGE('',*,*,#1612,.T.);
#2091=ORIENTED_EDGE('',*,*,#1613,.T.);
#2092=ORIENTED_EDGE('',*,*,#1614,.T.);
#2093=ORIENTED_EDGE('',*,*,#1615,.T.);
#2094=ORIENTED_EDGE('',*,*,#1616,.T.);
#2095=ORIENTED_EDGE('',*,*,#1617,.F.);
#2096=ORIENTED_EDGE('',*,*,#1618,.T.);
#2097=ORIENTED_EDGE('',*,*,#1619,.F.);
#2098=ORIENTED_EDGE('',*,*,#1543,.T.);
#2099=ORIENTED_EDGE('',*,*,#1619,.T.);
#2100=ORIENTED_EDGE('',*,*,#1620,.F.);
#2101=ORIENTED_EDGE('',*,*,#1526,.F.);
#2102=ORIENTED_EDGE('',*,*,#1544,.F.);
#2103=ORIENTED_EDGE('',*,*,#1618,.F.);
#2104=ORIENTED_EDGE('',*,*,#1621,.F.);
#2105=ORIENTED_EDGE('',*,*,#1527,.F.);
#2106=ORIENTED_EDGE('',*,*,#1620,.T.);
#2107=ORIENTED_EDGE('',*,*,#1622,.F.);
#2108=ORIENTED_EDGE('',*,*,#1623,.T.);
#2109=ORIENTED_EDGE('',*,*,#1624,.F.);
#2110=ORIENTED_EDGE('',*,*,#1512,.T.);
#2111=ORIENTED_EDGE('',*,*,#1624,.T.);
#2112=ORIENTED_EDGE('',*,*,#1625,.F.);
#2113=ORIENTED_EDGE('',*,*,#1531,.F.);
#2114=ORIENTED_EDGE('',*,*,#1513,.F.);
#2115=ORIENTED_EDGE('',*,*,#1623,.F.);
#2116=ORIENTED_EDGE('',*,*,#1626,.F.);
#2117=ORIENTED_EDGE('',*,*,#1532,.F.);
#2118=ORIENTED_EDGE('',*,*,#1625,.T.);
#2119=ORIENTED_EDGE('',*,*,#1627,.F.);
#2120=ORIENTED_EDGE('',*,*,#1628,.T.);
#2121=ORIENTED_EDGE('',*,*,#1629,.F.);
#2122=ORIENTED_EDGE('',*,*,#1630,.T.);
#2123=ORIENTED_EDGE('',*,*,#1629,.T.);
#2124=ORIENTED_EDGE('',*,*,#1631,.F.);
#2125=ORIENTED_EDGE('',*,*,#1520,.F.);
#2126=ORIENTED_EDGE('',*,*,#1632,.F.);
#2127=ORIENTED_EDGE('',*,*,#1628,.F.);
#2128=ORIENTED_EDGE('',*,*,#1633,.F.);
#2129=ORIENTED_EDGE('',*,*,#1521,.F.);
#2130=ORIENTED_EDGE('',*,*,#1631,.T.);
#2131=ORIENTED_EDGE('',*,*,#1542,.F.);
#2132=ORIENTED_EDGE('',*,*,#1528,.F.);
#2133=ORIENTED_EDGE('',*,*,#1621,.T.);
#2134=ORIENTED_EDGE('',*,*,#1617,.T.);
#2135=ORIENTED_EDGE('',*,*,#1634,.F.);
#2136=ORIENTED_EDGE('',*,*,#1522,.F.);
#2137=ORIENTED_EDGE('',*,*,#1633,.T.);
#2138=ORIENTED_EDGE('',*,*,#1627,.T.);
#2139=ORIENTED_EDGE('',*,*,#1511,.F.);
#2140=ORIENTED_EDGE('',*,*,#1533,.F.);
#2141=ORIENTED_EDGE('',*,*,#1626,.T.);
#2142=ORIENTED_EDGE('',*,*,#1622,.T.);
#2143=ORIENTED_EDGE('',*,*,#1509,.F.);
#2144=ORIENTED_EDGE('',*,*,#1574,.T.);
#2145=ORIENTED_EDGE('',*,*,#1603,.F.);
#2146=ORIENTED_EDGE('',*,*,#1596,.T.);
#2147=ORIENTED_EDGE('',*,*,#1535,.F.);
#2148=ORIENTED_EDGE('',*,*,#1523,.F.);
#2149=ORIENTED_EDGE('',*,*,#1634,.T.);
#2150=ORIENTED_EDGE('',*,*,#1630,.F.);
#2151=ORIENTED_EDGE('',*,*,#1632,.T.);
#2152=ORIENTED_EDGE('',*,*,#1519,.F.);
#2153=ORIENTED_EDGE('',*,*,#1534,.F.);
#2154=ORIENTED_EDGE('',*,*,#1635,.T.);
#2155=ORIENTED_EDGE('',*,*,#1398,.T.);
#2156=ORIENTED_EDGE('',*,*,#1635,.F.);
#2157=ORIENTED_EDGE('',*,*,#1636,.T.);
#2158=ORIENTED_EDGE('',*,*,#1637,.T.);
#2159=ORIENTED_EDGE('',*,*,#1552,.F.);
#2160=ORIENTED_EDGE('',*,*,#1555,.T.);
#2161=ORIENTED_EDGE('',*,*,#1594,.F.);
#2162=ORIENTED_EDGE('',*,*,#1638,.T.);
#2163=ORIENTED_EDGE('',*,*,#1636,.F.);
#2164=ORIENTED_EDGE('',*,*,#1554,.T.);
#2165=ORIENTED_EDGE('',*,*,#1639,.T.);
#2166=ORIENTED_EDGE('',*,*,#1640,.T.);
#2167=ORIENTED_EDGE('',*,*,#1576,.F.);
#2168=ORIENTED_EDGE('',*,*,#1578,.T.);
#2169=ORIENTED_EDGE('',*,*,#1546,.F.);
#2170=ORIENTED_EDGE('',*,*,#1383,.T.);
#2171=ORIENTED_EDGE('',*,*,#1639,.F.);
#2172=ORIENTED_EDGE('',*,*,#1577,.T.);
#2173=ORIENTED_EDGE('',*,*,#1641,.T.);
#2174=ORIENTED_EDGE('',*,*,#1642,.T.);
#2175=ORIENTED_EDGE('',*,*,#1599,.F.);
#2176=ORIENTED_EDGE('',*,*,#1602,.T.);
#2177=ORIENTED_EDGE('',*,*,#1570,.F.);
#2178=ORIENTED_EDGE('',*,*,#1393,.T.);
#2179=ORIENTED_EDGE('',*,*,#1641,.F.);
#2180=ORIENTED_EDGE('',*,*,#1601,.T.);
#2181=ORIENTED_EDGE('',*,*,#1349,.T.);
#2182=ORIENTED_EDGE('',*,*,#1355,.T.);
#2183=ORIENTED_EDGE('',*,*,#1643,.F.);
#2184=ORIENTED_EDGE('',*,*,#1638,.F.);
#2185=ORIENTED_EDGE('',*,*,#1593,.F.);
#2186=ORIENTED_EDGE('',*,*,#1600,.F.);
#2187=ORIENTED_EDGE('',*,*,#1644,.F.);
#2188=ORIENTED_EDGE('',*,*,#1399,.T.);
#2189=ORIENTED_EDGE('',*,*,#1642,.F.);
#2190=ORIENTED_EDGE('',*,*,#1392,.T.);
#2191=ORIENTED_EDGE('',*,*,#1400,.T.);
#2192=ORIENTED_EDGE('',*,*,#1644,.T.);
#2193=ORIENTED_EDGE('',*,*,#1637,.F.);
#2194=ORIENTED_EDGE('',*,*,#1643,.T.);
#2195=ORIENTED_EDGE('',*,*,#1354,.T.);
#2196=ORIENTED_EDGE('',*,*,#1386,.T.);
#2197=ORIENTED_EDGE('',*,*,#1640,.F.);
#2198=ORIENTED_EDGE('',*,*,#1382,.T.);
#2199=ORIENTED_EDGE('',*,*,#1645,.T.);
#2200=ORIENTED_EDGE('',*,*,#1396,.T.);
#2201=ORIENTED_EDGE('',*,*,#1379,.T.);
#2202=ORIENTED_EDGE('',*,*,#1376,.T.);
#2203=ORIENTED_EDGE('',*,*,#1387,.T.);
#2204=ORIENTED_EDGE('',*,*,#1397,.F.);
#2205=ORIENTED_EDGE('',*,*,#1645,.F.);
#2206=ORIENTED_EDGE('',*,*,#1381,.F.);
#2207=ORIENTED_EDGE('',*,*,#1646,.T.);
#2208=ORIENTED_EDGE('',*,*,#1647,.T.);
#2209=ORIENTED_EDGE('',*,*,#1648,.T.);
#2210=ORIENTED_EDGE('',*,*,#1649,.T.);
#2211=ORIENTED_EDGE('',*,*,#1650,.T.);
#2212=ORIENTED_EDGE('',*,*,#1651,.T.);
#2213=ORIENTED_EDGE('',*,*,#1652,.T.);
#2214=ORIENTED_EDGE('',*,*,#1653,.T.);
#2215=ORIENTED_EDGE('',*,*,#1654,.T.);
#2216=ORIENTED_EDGE('',*,*,#1655,.T.);
#2217=ORIENTED_EDGE('',*,*,#1656,.T.);
#2218=ORIENTED_EDGE('',*,*,#1657,.T.);
#2219=ORIENTED_EDGE('',*,*,#1658,.T.);
#2220=ORIENTED_EDGE('',*,*,#1659,.T.);
#2221=ORIENTED_EDGE('',*,*,#1660,.T.);
#2222=ORIENTED_EDGE('',*,*,#1661,.T.);
#2223=ORIENTED_EDGE('',*,*,#1662,.T.);
#2224=ORIENTED_EDGE('',*,*,#1663,.T.);
#2225=ORIENTED_EDGE('',*,*,#1579,.F.);
#2226=ORIENTED_EDGE('',*,*,#1664,.T.);
#2227=ORIENTED_EDGE('',*,*,#1646,.F.);
#2228=ORIENTED_EDGE('',*,*,#1665,.F.);
#2229=ORIENTED_EDGE('',*,*,#1422,.F.);
#2230=ORIENTED_EDGE('',*,*,#1666,.F.);
#2231=ORIENTED_EDGE('',*,*,#1647,.F.);
#2232=ORIENTED_EDGE('',*,*,#1664,.F.);
#2233=ORIENTED_EDGE('',*,*,#1580,.F.);
#2234=ORIENTED_EDGE('',*,*,#1667,.T.);
#2235=ORIENTED_EDGE('',*,*,#1441,.F.);
#2236=ORIENTED_EDGE('',*,*,#1667,.F.);
#2237=ORIENTED_EDGE('',*,*,#1584,.F.);
#2238=ORIENTED_EDGE('',*,*,#1668,.T.);
#2239=ORIENTED_EDGE('',*,*,#1430,.F.);
#2240=ORIENTED_EDGE('',*,*,#1669,.F.);
#2241=ORIENTED_EDGE('',*,*,#1656,.F.);
#2242=ORIENTED_EDGE('',*,*,#1670,.F.);
#2243=ORIENTED_EDGE('',*,*,#1583,.F.);
#2244=ORIENTED_EDGE('',*,*,#1671,.T.);
#2245=ORIENTED_EDGE('',*,*,#1431,.F.);
#2246=ORIENTED_EDGE('',*,*,#1668,.F.);
#2247=ORIENTED_EDGE('',*,*,#1581,.F.);
#2248=ORIENTED_EDGE('',*,*,#1670,.T.);
#2249=ORIENTED_EDGE('',*,*,#1655,.F.);
#2250=ORIENTED_EDGE('',*,*,#1672,.T.);
#2251=ORIENTED_EDGE('',*,*,#1582,.F.);
#2252=ORIENTED_EDGE('',*,*,#1672,.F.);
#2253=ORIENTED_EDGE('',*,*,#1654,.F.);
#2254=ORIENTED_EDGE('',*,*,#1673,.F.);
#2255=ORIENTED_EDGE('',*,*,#1432,.F.);
#2256=ORIENTED_EDGE('',*,*,#1671,.F.);
#2257=ORIENTED_EDGE('',*,*,#1556,.F.);
#2258=ORIENTED_EDGE('',*,*,#1674,.T.);
#2259=ORIENTED_EDGE('',*,*,#1356,.F.);
#2260=ORIENTED_EDGE('',*,*,#1675,.F.);
#2261=ORIENTED_EDGE('',*,*,#1451,.F.);
#2262=ORIENTED_EDGE('',*,*,#1676,.F.);
#2263=ORIENTED_EDGE('',*,*,#1357,.F.);
#2264=ORIENTED_EDGE('',*,*,#1674,.F.);
#2265=ORIENTED_EDGE('',*,*,#1557,.F.);
#2266=ORIENTED_EDGE('',*,*,#1677,.T.);
#2267=ORIENTED_EDGE('',*,*,#1470,.F.);
#2268=ORIENTED_EDGE('',*,*,#1677,.F.);
#2269=ORIENTED_EDGE('',*,*,#1587,.F.);
#2270=ORIENTED_EDGE('',*,*,#1678,.F.);
#2271=ORIENTED_EDGE('',*,*,#1426,.F.);
#2272=ORIENTED_EDGE('',*,*,#1679,.F.);
#2273=ORIENTED_EDGE('',*,*,#1588,.F.);
#2274=ORIENTED_EDGE('',*,*,#1679,.T.);
#2275=ORIENTED_EDGE('',*,*,#1425,.F.);
#2276=ORIENTED_EDGE('',*,*,#1680,.F.);
#2277=ORIENTED_EDGE('',*,*,#1661,.F.);
#2278=ORIENTED_EDGE('',*,*,#1681,.F.);
#2279=ORIENTED_EDGE('',*,*,#1561,.F.);
#2280=ORIENTED_EDGE('',*,*,#1682,.T.);
#2281=ORIENTED_EDGE('',*,*,#1459,.F.);
#2282=ORIENTED_EDGE('',*,*,#1683,.F.);
#2283=ORIENTED_EDGE('',*,*,#1366,.F.);
#2284=ORIENTED_EDGE('',*,*,#1684,.F.);
#2285=ORIENTED_EDGE('',*,*,#1560,.F.);
#2286=ORIENTED_EDGE('',*,*,#1685,.T.);
#2287=ORIENTED_EDGE('',*,*,#1460,.F.);
#2288=ORIENTED_EDGE('',*,*,#1682,.F.);
#2289=ORIENTED_EDGE('',*,*,#1585,.F.);
#2290=ORIENTED_EDGE('',*,*,#1681,.T.);
#2291=ORIENTED_EDGE('',*,*,#1660,.F.);
#2292=ORIENTED_EDGE('',*,*,#1686,.F.);
#2293=ORIENTED_EDGE('',*,*,#1586,.F.);
#2294=ORIENTED_EDGE('',*,*,#1686,.T.);
#2295=ORIENTED_EDGE('',*,*,#1659,.F.);
#2296=ORIENTED_EDGE('',*,*,#1687,.F.);
#2297=ORIENTED_EDGE('',*,*,#1427,.F.);
#2298=ORIENTED_EDGE('',*,*,#1678,.T.);
#2299=ORIENTED_EDGE('',*,*,#1558,.F.);
#2300=ORIENTED_EDGE('',*,*,#1684,.T.);
#2301=ORIENTED_EDGE('',*,*,#1365,.F.);
#2302=ORIENTED_EDGE('',*,*,#1688,.T.);
#2303=ORIENTED_EDGE('',*,*,#1559,.F.);
#2304=ORIENTED_EDGE('',*,*,#1688,.F.);
#2305=ORIENTED_EDGE('',*,*,#1364,.F.);
#2306=ORIENTED_EDGE('',*,*,#1689,.F.);
#2307=ORIENTED_EDGE('',*,*,#1461,.F.);
#2308=ORIENTED_EDGE('',*,*,#1685,.F.);
#2309=ORIENTED_EDGE('',*,*,#1565,.F.);
#2310=ORIENTED_EDGE('',*,*,#1690,.T.);
#2311=ORIENTED_EDGE('',*,*,#1370,.F.);
#2312=ORIENTED_EDGE('',*,*,#1691,.F.);
#2313=ORIENTED_EDGE('',*,*,#1564,.F.);
#2314=ORIENTED_EDGE('',*,*,#1692,.T.);
#2315=ORIENTED_EDGE('',*,*,#1454,.F.);
#2316=ORIENTED_EDGE('',*,*,#1693,.F.);
#2317=ORIENTED_EDGE('',*,*,#1371,.F.);
#2318=ORIENTED_EDGE('',*,*,#1690,.F.);
#2319=ORIENTED_EDGE('',*,*,#1562,.F.);
#2320=ORIENTED_EDGE('',*,*,#1691,.T.);
#2321=ORIENTED_EDGE('',*,*,#1369,.F.);
#2322=ORIENTED_EDGE('',*,*,#1694,.F.);
#2323=ORIENTED_EDGE('',*,*,#1456,.F.);
#2324=ORIENTED_EDGE('',*,*,#1695,.T.);
#2325=ORIENTED_EDGE('',*,*,#1563,.F.);
#2326=ORIENTED_EDGE('',*,*,#1695,.F.);
#2327=ORIENTED_EDGE('',*,*,#1455,.F.);
#2328=ORIENTED_EDGE('',*,*,#1692,.F.);
#2329=ORIENTED_EDGE('',*,*,#1566,.F.);
#2330=ORIENTED_EDGE('',*,*,#1696,.T.);
#2331=ORIENTED_EDGE('',*,*,#1359,.F.);
#2332=ORIENTED_EDGE('',*,*,#1697,.F.);
#2333=ORIENTED_EDGE('',*,*,#1465,.F.);
#2334=ORIENTED_EDGE('',*,*,#1698,.F.);
#2335=ORIENTED_EDGE('',*,*,#1360,.F.);
#2336=ORIENTED_EDGE('',*,*,#1696,.F.);
#2337=ORIENTED_EDGE('',*,*,#1469,.F.);
#2338=ORIENTED_EDGE('',*,*,#1699,.F.);
#2339=ORIENTED_EDGE('',*,*,#1568,.F.);
#2340=ORIENTED_EDGE('',*,*,#1700,.F.);
#2341=ORIENTED_EDGE('',*,*,#1468,.F.);
#2342=ORIENTED_EDGE('',*,*,#1700,.T.);
#2343=ORIENTED_EDGE('',*,*,#1567,.F.);
#2344=ORIENTED_EDGE('',*,*,#1699,.T.);
#2345=ORIENTED_EDGE('',*,*,#1589,.F.);
#2346=ORIENTED_EDGE('',*,*,#1701,.T.);
#2347=ORIENTED_EDGE('',*,*,#1649,.F.);
#2348=ORIENTED_EDGE('',*,*,#1702,.F.);
#2349=ORIENTED_EDGE('',*,*,#1436,.F.);
#2350=ORIENTED_EDGE('',*,*,#1703,.F.);
#2351=ORIENTED_EDGE('',*,*,#1650,.F.);
#2352=ORIENTED_EDGE('',*,*,#1701,.F.);
#2353=ORIENTED_EDGE('',*,*,#1440,.F.);
#2354=ORIENTED_EDGE('',*,*,#1704,.F.);
#2355=ORIENTED_EDGE('',*,*,#1591,.F.);
#2356=ORIENTED_EDGE('',*,*,#1705,.F.);
#2357=ORIENTED_EDGE('',*,*,#1439,.F.);
#2358=ORIENTED_EDGE('',*,*,#1705,.T.);
#2359=ORIENTED_EDGE('',*,*,#1590,.F.);
#2360=ORIENTED_EDGE('',*,*,#1704,.T.);
#2361=ORIENTED_EDGE('',*,*,#1673,.T.);
#2362=ORIENTED_EDGE('',*,*,#1653,.F.);
#2363=ORIENTED_EDGE('',*,*,#1706,.T.);
#2364=ORIENTED_EDGE('',*,*,#1433,.T.);
#2365=ORIENTED_EDGE('',*,*,#1669,.T.);
#2366=ORIENTED_EDGE('',*,*,#1429,.T.);
#2367=ORIENTED_EDGE('',*,*,#1707,.F.);
#2368=ORIENTED_EDGE('',*,*,#1657,.F.);
#2369=ORIENTED_EDGE('',*,*,#1680,.T.);
#2370=ORIENTED_EDGE('',*,*,#1424,.T.);
#2371=ORIENTED_EDGE('',*,*,#1708,.F.);
#2372=ORIENTED_EDGE('',*,*,#1662,.F.);
#2373=ORIENTED_EDGE('',*,*,#1687,.T.);
#2374=ORIENTED_EDGE('',*,*,#1658,.F.);
#2375=ORIENTED_EDGE('',*,*,#1707,.T.);
#2376=ORIENTED_EDGE('',*,*,#1428,.T.);
#2377=ORIENTED_EDGE('',*,*,#1689,.T.);
#2378=ORIENTED_EDGE('',*,*,#1363,.F.);
#2379=ORIENTED_EDGE('',*,*,#1709,.T.);
#2380=ORIENTED_EDGE('',*,*,#1462,.T.);
#2381=ORIENTED_EDGE('',*,*,#1683,.T.);
#2382=ORIENTED_EDGE('',*,*,#1458,.T.);
#2383=ORIENTED_EDGE('',*,*,#1710,.F.);
#2384=ORIENTED_EDGE('',*,*,#1367,.F.);
#2385=ORIENTED_EDGE('',*,*,#1693,.T.);
#2386=ORIENTED_EDGE('',*,*,#1453,.T.);
#2387=ORIENTED_EDGE('',*,*,#1711,.F.);
#2388=ORIENTED_EDGE('',*,*,#1372,.F.);
#2389=ORIENTED_EDGE('',*,*,#1694,.T.);
#2390=ORIENTED_EDGE('',*,*,#1368,.F.);
#2391=ORIENTED_EDGE('',*,*,#1710,.T.);
#2392=ORIENTED_EDGE('',*,*,#1457,.T.);
#2393=ORIENTED_EDGE('',*,*,#1698,.T.);
#2394=ORIENTED_EDGE('',*,*,#1464,.T.);
#2395=ORIENTED_EDGE('',*,*,#1712,.F.);
#2396=ORIENTED_EDGE('',*,*,#1361,.F.);
#2397=ORIENTED_EDGE('',*,*,#1675,.T.);
#2398=ORIENTED_EDGE('',*,*,#1373,.F.);
#2399=ORIENTED_EDGE('',*,*,#1711,.T.);
#2400=ORIENTED_EDGE('',*,*,#1452,.T.);
#2401=ORIENTED_EDGE('',*,*,#1676,.T.);
#2402=ORIENTED_EDGE('',*,*,#1466,.T.);
#2403=ORIENTED_EDGE('',*,*,#1697,.T.);
#2404=ORIENTED_EDGE('',*,*,#1358,.F.);
#2405=ORIENTED_EDGE('',*,*,#1703,.T.);
#2406=ORIENTED_EDGE('',*,*,#1435,.T.);
#2407=ORIENTED_EDGE('',*,*,#1713,.F.);
#2408=ORIENTED_EDGE('',*,*,#1651,.F.);
#2409=ORIENTED_EDGE('',*,*,#1665,.T.);
#2410=ORIENTED_EDGE('',*,*,#1663,.F.);
#2411=ORIENTED_EDGE('',*,*,#1708,.T.);
#2412=ORIENTED_EDGE('',*,*,#1423,.T.);
#2413=ORIENTED_EDGE('',*,*,#1666,.T.);
#2414=ORIENTED_EDGE('',*,*,#1437,.T.);
#2415=ORIENTED_EDGE('',*,*,#1702,.T.);
#2416=ORIENTED_EDGE('',*,*,#1648,.F.);
#2417=ORIENTED_EDGE('',*,*,#1652,.F.);
#2418=ORIENTED_EDGE('',*,*,#1713,.T.);
#2419=ORIENTED_EDGE('',*,*,#1434,.T.);
#2420=ORIENTED_EDGE('',*,*,#1706,.F.);
#2421=ORIENTED_EDGE('',*,*,#1362,.F.);
#2422=ORIENTED_EDGE('',*,*,#1712,.T.);
#2423=ORIENTED_EDGE('',*,*,#1463,.T.);
#2424=ORIENTED_EDGE('',*,*,#1709,.F.);
#2425=ORIENTED_EDGE('',*,*,#1616,.F.);
#2426=ORIENTED_EDGE('',*,*,#1714,.T.);
#2427=ORIENTED_EDGE('',*,*,#1401,.F.);
#2428=ORIENTED_EDGE('',*,*,#1715,.F.);
#2429=ORIENTED_EDGE('',*,*,#1480,.F.);
#2430=ORIENTED_EDGE('',*,*,#1716,.F.);
#2431=ORIENTED_EDGE('',*,*,#1402,.F.);
#2432=ORIENTED_EDGE('',*,*,#1714,.F.);
#2433=ORIENTED_EDGE('',*,*,#1615,.F.);
#2434=ORIENTED_EDGE('',*,*,#1717,.T.);
#2435=ORIENTED_EDGE('',*,*,#1499,.F.);
#2436=ORIENTED_EDGE('',*,*,#1717,.F.);
#2437=ORIENTED_EDGE('',*,*,#1614,.F.);
#2438=ORIENTED_EDGE('',*,*,#1718,.T.);
#2439=ORIENTED_EDGE('',*,*,#1488,.F.);
#2440=ORIENTED_EDGE('',*,*,#1719,.F.);
#2441=ORIENTED_EDGE('',*,*,#1411,.F.);
#2442=ORIENTED_EDGE('',*,*,#1720,.F.);
#2443=ORIENTED_EDGE('',*,*,#1613,.F.);
#2444=ORIENTED_EDGE('',*,*,#1721,.T.);
#2445=ORIENTED_EDGE('',*,*,#1489,.F.);
#2446=ORIENTED_EDGE('',*,*,#1718,.F.);
#2447=ORIENTED_EDGE('',*,*,#1611,.F.);
#2448=ORIENTED_EDGE('',*,*,#1720,.T.);
#2449=ORIENTED_EDGE('',*,*,#1410,.F.);
#2450=ORIENTED_EDGE('',*,*,#1722,.T.);
#2451=ORIENTED_EDGE('',*,*,#1612,.F.);
#2452=ORIENTED_EDGE('',*,*,#1722,.F.);
#2453=ORIENTED_EDGE('',*,*,#1409,.F.);
#2454=ORIENTED_EDGE('',*,*,#1723,.F.);
#2455=ORIENTED_EDGE('',*,*,#1490,.F.);
#2456=ORIENTED_EDGE('',*,*,#1721,.F.);
#2457=ORIENTED_EDGE('',*,*,#1610,.F.);
#2458=ORIENTED_EDGE('',*,*,#1724,.T.);
#2459=ORIENTED_EDGE('',*,*,#1415,.F.);
#2460=ORIENTED_EDGE('',*,*,#1725,.F.);
#2461=ORIENTED_EDGE('',*,*,#1609,.F.);
#2462=ORIENTED_EDGE('',*,*,#1726,.T.);
#2463=ORIENTED_EDGE('',*,*,#1483,.F.);
#2464=ORIENTED_EDGE('',*,*,#1727,.F.);
#2465=ORIENTED_EDGE('',*,*,#1416,.F.);
#2466=ORIENTED_EDGE('',*,*,#1724,.F.);
#2467=ORIENTED_EDGE('',*,*,#1607,.F.);
#2468=ORIENTED_EDGE('',*,*,#1725,.T.);
#2469=ORIENTED_EDGE('',*,*,#1414,.F.);
#2470=ORIENTED_EDGE('',*,*,#1728,.F.);
#2471=ORIENTED_EDGE('',*,*,#1485,.F.);
#2472=ORIENTED_EDGE('',*,*,#1729,.T.);
#2473=ORIENTED_EDGE('',*,*,#1608,.F.);
#2474=ORIENTED_EDGE('',*,*,#1729,.F.);
#2475=ORIENTED_EDGE('',*,*,#1484,.F.);
#2476=ORIENTED_EDGE('',*,*,#1726,.F.);
#2477=ORIENTED_EDGE('',*,*,#1606,.F.);
#2478=ORIENTED_EDGE('',*,*,#1730,.T.);
#2479=ORIENTED_EDGE('',*,*,#1404,.F.);
#2480=ORIENTED_EDGE('',*,*,#1731,.F.);
#2481=ORIENTED_EDGE('',*,*,#1494,.F.);
#2482=ORIENTED_EDGE('',*,*,#1732,.F.);
#2483=ORIENTED_EDGE('',*,*,#1405,.F.);
#2484=ORIENTED_EDGE('',*,*,#1730,.F.);
#2485=ORIENTED_EDGE('',*,*,#1498,.F.);
#2486=ORIENTED_EDGE('',*,*,#1733,.F.);
#2487=ORIENTED_EDGE('',*,*,#1605,.F.);
#2488=ORIENTED_EDGE('',*,*,#1734,.F.);
#2489=ORIENTED_EDGE('',*,*,#1497,.F.);
#2490=ORIENTED_EDGE('',*,*,#1734,.T.);
#2491=ORIENTED_EDGE('',*,*,#1604,.F.);
#2492=ORIENTED_EDGE('',*,*,#1733,.T.);
#2493=ORIENTED_EDGE('',*,*,#1723,.T.);
#2494=ORIENTED_EDGE('',*,*,#1408,.F.);
#2495=ORIENTED_EDGE('',*,*,#1735,.T.);
#2496=ORIENTED_EDGE('',*,*,#1491,.T.);
#2497=ORIENTED_EDGE('',*,*,#1719,.T.);
#2498=ORIENTED_EDGE('',*,*,#1487,.T.);
#2499=ORIENTED_EDGE('',*,*,#1736,.F.);
#2500=ORIENTED_EDGE('',*,*,#1412,.F.);
#2501=ORIENTED_EDGE('',*,*,#1727,.T.);
#2502=ORIENTED_EDGE('',*,*,#1482,.T.);
#2503=ORIENTED_EDGE('',*,*,#1737,.F.);
#2504=ORIENTED_EDGE('',*,*,#1417,.F.);
#2505=ORIENTED_EDGE('',*,*,#1728,.T.);
#2506=ORIENTED_EDGE('',*,*,#1413,.F.);
#2507=ORIENTED_EDGE('',*,*,#1736,.T.);
#2508=ORIENTED_EDGE('',*,*,#1486,.T.);
#2509=ORIENTED_EDGE('',*,*,#1732,.T.);
#2510=ORIENTED_EDGE('',*,*,#1493,.T.);
#2511=ORIENTED_EDGE('',*,*,#1738,.F.);
#2512=ORIENTED_EDGE('',*,*,#1406,.F.);
#2513=ORIENTED_EDGE('',*,*,#1715,.T.);
#2514=ORIENTED_EDGE('',*,*,#1418,.F.);
#2515=ORIENTED_EDGE('',*,*,#1737,.T.);
#2516=ORIENTED_EDGE('',*,*,#1481,.T.);
#2517=ORIENTED_EDGE('',*,*,#1716,.T.);
#2518=ORIENTED_EDGE('',*,*,#1495,.T.);
#2519=ORIENTED_EDGE('',*,*,#1731,.T.);
#2520=ORIENTED_EDGE('',*,*,#1403,.F.);
#2521=ORIENTED_EDGE('',*,*,#1407,.F.);
#2522=ORIENTED_EDGE('',*,*,#1738,.T.);
#2523=ORIENTED_EDGE('',*,*,#1492,.T.);
#2524=ORIENTED_EDGE('',*,*,#1735,.F.);
#2525=PLANE('',#2753);
#2526=PLANE('',#2757);
#2527=PLANE('',#2763);
#2528=PLANE('',#2767);
#2529=PLANE('',#2768);
#2530=PLANE('',#2773);
#2531=PLANE('',#2774);
#2532=PLANE('',#2776);
#2533=PLANE('',#2778);
#2534=PLANE('',#2787);
#2535=PLANE('',#2803);
#2536=PLANE('',#2819);
#2537=PLANE('',#2834);
#2538=PLANE('',#2837);
#2539=PLANE('',#2842);
#2540=PLANE('',#2853);
#2541=PLANE('',#2868);
#2542=PLANE('',#2884);
#2543=PLANE('',#2891);
#2544=PLANE('',#2892);
#2545=PLANE('',#2893);
#2546=PLANE('',#2894);
#2547=PLANE('',#2895);
#2548=PLANE('',#2896);
#2549=PLANE('',#2897);
#2550=PLANE('',#2898);
#2551=PLANE('',#2899);
#2552=PLANE('',#2900);
#2553=PLANE('',#2901);
#2554=PLANE('',#2902);
#2555=PLANE('',#2903);
#2556=PLANE('',#2917);
#2557=PLANE('',#2922);
#2558=PLANE('',#2929);
#2559=PLANE('',#2930);
#2560=PLANE('',#2931);
#2561=PLANE('',#2932);
#2562=PLANE('',#2935);
#2563=PLANE('',#2936);
#2564=PLANE('',#2937);
#2565=PLANE('',#2938);
#2566=PLANE('',#2939);
#2567=PLANE('',#2940);
#2568=PLANE('',#2941);
#2569=PLANE('',#2942);
#2570=PLANE('',#2943);
#2571=PLANE('',#2944);
#2572=PLANE('',#2945);
#2573=PLANE('',#2946);
#2574=PLANE('',#2953);
#2575=PLANE('',#2954);
#2576=PLANE('',#2955);
#2577=PLANE('',#2956);
#2578=PLANE('',#2957);
#2579=PLANE('',#2958);
#2580=PLANE('',#2959);
#2581=PLANE('',#2960);
#2582=PLANE('',#2961);
#2583=PLANE('',#2962);
#2584=PLANE('',#2963);
#2585=PLANE('',#2964);
#2586=PLANE('',#2965);
#2587=PLANE('',#2966);
#2588=PLANE('',#2967);
#2589=PLANE('',#2968);
#2590=PLANE('',#2971);
#2591=PLANE('',#2972);
#2592=PLANE('',#2973);
#2593=PLANE('',#2974);
#2594=PLANE('',#2975);
#2595=PLANE('',#2976);
#2596=PLANE('',#2977);
#2597=PLANE('',#2978);
#2598=PLANE('',#2982);
#2599=PLANE('',#2983);
#2600=PLANE('',#2984);
#2601=PLANE('',#2985);
#2602=PLANE('',#2986);
#2603=PLANE('',#2987);
#2604=PLANE('',#2988);
#2605=PLANE('',#2989);
#2606=ADVANCED_FACE('',(#116),#2525,.T.);
#2607=ADVANCED_FACE('',(#117),#76,.F.);
#2608=ADVANCED_FACE('',(#118,#36),#2526,.F.);
#2609=ADVANCED_FACE('',(#119),#2527,.F.);
#2610=ADVANCED_FACE('',(#120),#77,.F.);
#2611=ADVANCED_FACE('',(#121),#2528,.T.);
#2612=ADVANCED_FACE('',(#122),#2529,.T.);
#2613=ADVANCED_FACE('',(#123),#78,.F.);
#2614=ADVANCED_FACE('',(#124),#2530,.T.);
#2615=ADVANCED_FACE('',(#125),#2531,.T.);
#2616=ADVANCED_FACE('',(#126),#2532,.T.);
#2617=ADVANCED_FACE('',(#127,#37),#2533,.F.);
#2618=ADVANCED_FACE('',(#128),#30,.F.);
#2619=ADVANCED_FACE('',(#129,#38,#39,#40,#41),#2534,.F.);
#2620=ADVANCED_FACE('',(#130),#79,.F.);
#2621=ADVANCED_FACE('',(#131),#31,.F.);
#2622=ADVANCED_FACE('',(#132),#80,.F.);
#2623=ADVANCED_FACE('',(#133),#32,.F.);
#2624=ADVANCED_FACE('',(#134,#42,#43,#44,#45),#2535,.F.);
#2625=ADVANCED_FACE('',(#135),#81,.F.);
#2626=ADVANCED_FACE('',(#136),#33,.F.);
#2627=ADVANCED_FACE('',(#137),#82,.F.);
#2628=ADVANCED_FACE('',(#138),#34,.F.);
#2629=ADVANCED_FACE('',(#139,#46,#47,#48,#49),#2536,.F.);
#2630=ADVANCED_FACE('',(#140),#83,.F.);
#2631=ADVANCED_FACE('',(#141),#35,.F.);
#2632=ADVANCED_FACE('',(#142),#84,.F.);
#2633=ADVANCED_FACE('',(#143),#85,.T.);
#2634=ADVANCED_FACE('',(#144),#2537,.F.);
#2635=ADVANCED_FACE('',(#145,#50),#2538,.T.);
#2636=ADVANCED_FACE('',(#146),#86,.T.);
#2637=ADVANCED_FACE('',(#147),#2539,.F.);
#2638=ADVANCED_FACE('',(#148),#87,.T.);
#2639=ADVANCED_FACE('',(#149),#15,.T.);
#2640=ADVANCED_FACE('',(#150),#88,.T.);
#2641=ADVANCED_FACE('',(#151),#89,.T.);
#2642=ADVANCED_FACE('',(#152,#51,#52,#53,#54,#55,#56,#57,#58),#2540,.T.);
#2643=ADVANCED_FACE('',(#153),#16,.T.);
#2644=ADVANCED_FACE('',(#154),#90,.T.);
#2645=ADVANCED_FACE('',(#155),#91,.T.);
#2646=ADVANCED_FACE('',(#156,#59,#60,#61,#62,#63,#64,#65,#66),#2541,.F.);
#2647=ADVANCED_FACE('',(#157),#17,.T.);
#2648=ADVANCED_FACE('',(#158),#92,.T.);
#2649=ADVANCED_FACE('',(#159),#93,.T.);
#2650=ADVANCED_FACE('',(#160,#67,#68,#69,#70,#71,#72,#73,#74),#2542,.T.);
#2651=ADVANCED_FACE('',(#161),#2543,.T.);
#2652=ADVANCED_FACE('',(#162),#2544,.F.);
#2653=ADVANCED_FACE('',(#163),#2545,.F.);
#2654=ADVANCED_FACE('',(#164),#2546,.T.);
#2655=ADVANCED_FACE('',(#165),#2547,.F.);
#2656=ADVANCED_FACE('',(#166),#2548,.F.);
#2657=ADVANCED_FACE('',(#167),#2549,.T.);
#2658=ADVANCED_FACE('',(#168),#2550,.F.);
#2659=ADVANCED_FACE('',(#169),#2551,.F.);
#2660=ADVANCED_FACE('',(#170),#2552,.F.);
#2661=ADVANCED_FACE('',(#171),#2553,.F.);
#2662=ADVANCED_FACE('',(#172),#2554,.F.);
#2663=ADVANCED_FACE('',(#173),#2555,.F.);
#2664=ADVANCED_FACE('',(#174),#94,.F.);
#2665=ADVANCED_FACE('',(#175),#18,.T.);
#2666=ADVANCED_FACE('',(#176),#95,.T.);
#2667=ADVANCED_FACE('',(#177),#19,.T.);
#2668=ADVANCED_FACE('',(#178),#96,.T.);
#2669=ADVANCED_FACE('',(#179),#20,.T.);
#2670=ADVANCED_FACE('',(#180),#97,.T.);
#2671=ADVANCED_FACE('',(#181),#2556,.T.);
#2672=ADVANCED_FACE('',(#182),#98,.T.);
#2673=ADVANCED_FACE('',(#183),#99,.T.);
#2674=ADVANCED_FACE('',(#184),#100,.T.);
#2675=ADVANCED_FACE('',(#185,#75),#2557,.F.);
#2676=ADVANCED_FACE('',(#186),#101,.F.);
#2677=ADVANCED_FACE('',(#187),#102,.F.);
#2678=ADVANCED_FACE('',(#188),#2558,.F.);
#2679=ADVANCED_FACE('',(#189),#2559,.F.);
#2680=ADVANCED_FACE('',(#190),#2560,.F.);
#2681=ADVANCED_FACE('',(#191),#2561,.F.);
#2682=ADVANCED_FACE('',(#192),#103,.F.);
#2683=ADVANCED_FACE('',(#193),#104,.F.);
#2684=ADVANCED_FACE('',(#194),#2562,.F.);
#2685=ADVANCED_FACE('',(#195),#2563,.F.);
#2686=ADVANCED_FACE('',(#196),#2564,.F.);
#2687=ADVANCED_FACE('',(#197),#2565,.F.);
#2688=ADVANCED_FACE('',(#198),#2566,.F.);
#2689=ADVANCED_FACE('',(#199),#2567,.F.);
#2690=ADVANCED_FACE('',(#200),#2568,.F.);
#2691=ADVANCED_FACE('',(#201),#2569,.F.);
#2692=ADVANCED_FACE('',(#202),#2570,.F.);
#2693=ADVANCED_FACE('',(#203),#2571,.F.);
#2694=ADVANCED_FACE('',(#204),#2572,.F.);
#2695=ADVANCED_FACE('',(#205),#2573,.F.);
#2696=ADVANCED_FACE('',(#206),#105,.F.);
#2697=ADVANCED_FACE('',(#207),#106,.F.);
#2698=ADVANCED_FACE('',(#208),#107,.T.);
#2699=ADVANCED_FACE('',(#209),#108,.F.);
#2700=ADVANCED_FACE('',(#210),#109,.F.);
#2701=ADVANCED_FACE('',(#211),#110,.T.);
#2702=ADVANCED_FACE('',(#212),#2574,.F.);
#2703=ADVANCED_FACE('',(#213),#2575,.F.);
#2704=ADVANCED_FACE('',(#214),#2576,.F.);
#2705=ADVANCED_FACE('',(#215),#2577,.F.);
#2706=ADVANCED_FACE('',(#216),#2578,.F.);
#2707=ADVANCED_FACE('',(#217),#2579,.F.);
#2708=ADVANCED_FACE('',(#218),#2580,.F.);
#2709=ADVANCED_FACE('',(#219),#2581,.F.);
#2710=ADVANCED_FACE('',(#220),#2582,.F.);
#2711=ADVANCED_FACE('',(#221),#2583,.F.);
#2712=ADVANCED_FACE('',(#222),#2584,.F.);
#2713=ADVANCED_FACE('',(#223),#2585,.F.);
#2714=ADVANCED_FACE('',(#224),#2586,.F.);
#2715=ADVANCED_FACE('',(#225),#2587,.F.);
#2716=ADVANCED_FACE('',(#226),#2588,.F.);
#2717=ADVANCED_FACE('',(#227),#2589,.F.);
#2718=ADVANCED_FACE('',(#228),#111,.F.);
#2719=ADVANCED_FACE('',(#229),#112,.F.);
#2720=ADVANCED_FACE('',(#230),#2590,.F.);
#2721=ADVANCED_FACE('',(#231),#2591,.F.);
#2722=ADVANCED_FACE('',(#232),#2592,.F.);
#2723=ADVANCED_FACE('',(#233),#2593,.F.);
#2724=ADVANCED_FACE('',(#234),#2594,.F.);
#2725=ADVANCED_FACE('',(#235),#2595,.F.);
#2726=ADVANCED_FACE('',(#236),#2596,.F.);
#2727=ADVANCED_FACE('',(#237),#2597,.F.);
#2728=ADVANCED_FACE('',(#238),#113,.F.);
#2729=ADVANCED_FACE('',(#239),#114,.F.);
#2730=ADVANCED_FACE('',(#240),#115,.T.);
#2731=ADVANCED_FACE('',(#241),#2598,.F.);
#2732=ADVANCED_FACE('',(#242),#2599,.F.);
#2733=ADVANCED_FACE('',(#243),#2600,.F.);
#2734=ADVANCED_FACE('',(#244),#2601,.F.);
#2735=ADVANCED_FACE('',(#245),#2602,.F.);
#2736=ADVANCED_FACE('',(#246),#2603,.F.);
#2737=ADVANCED_FACE('',(#247),#2604,.F.);
#2738=ADVANCED_FACE('',(#248),#2605,.F.);
#2739=CLOSED_SHELL('',(#2606,#2607,#2608,#2609,#2610,#2611,#2612,#2613,
#2614,#2615,#2616,#2617,#2618,#2619,#2620,#2621,#2622,#2623,#2624,#2625,
#2626,#2627,#2628,#2629,#2630,#2631,#2632,#2633,#2634,#2635,#2636,#2637,
#2638,#2639,#2640,#2641,#2642,#2643,#2644,#2645,#2646,#2647,#2648,#2649,
#2650,#2651,#2652,#2653,#2654,#2655,#2656,#2657,#2658,#2659,#2660,#2661,
#2662,#2663,#2664,#2665,#2666,#2667,#2668,#2669,#2670,#2671,#2672,#2673,
#2674,#2675,#2676,#2677,#2678,#2679,#2680,#2681,#2682,#2683,#2684,#2685,
#2686,#2687,#2688,#2689,#2690,#2691,#2692,#2693,#2694,#2695,#2696,#2697,
#2698,#2699,#2700,#2701,#2702,#2703,#2704,#2705,#2706,#2707,#2708,#2709,
#2710,#2711,#2712,#2713,#2714,#2715,#2716,#2717,#2718,#2719,#2720,#2721,
#2722,#2723,#2724,#2725,#2726,#2727,#2728,#2729,#2730,#2731,#2732,#2733,
#2734,#2735,#2736,#2737,#2738));
#2740=DERIVED_UNIT_ELEMENT(#2742,1.);
#2741=DERIVED_UNIT_ELEMENT(#4577,-3.);
#2742=(
MASS_UNIT()
NAMED_UNIT(*)
SI_UNIT(.KILO.,.GRAM.)
);
#2743=DERIVED_UNIT((#2740,#2741));
#2744=MEASURE_REPRESENTATION_ITEM('density measure',
POSITIVE_RATIO_MEASURE(7850.),#2743);
#2745=PROPERTY_DEFINITION_REPRESENTATION(#2750,#2747);
#2746=PROPERTY_DEFINITION_REPRESENTATION(#2751,#2748);
#2747=REPRESENTATION('material name',(#2749),#4574);
#2748=REPRESENTATION('density',(#2744),#4574);
#2749=DESCRIPTIVE_REPRESENTATION_ITEM('\X2\94A2\X0\','\X2\94A2\X0\');
#2750=PROPERTY_DEFINITION('material property','material name',#4584);
#2751=PROPERTY_DEFINITION('material property','density of part',#4584);
#2752=AXIS2_PLACEMENT_3D('',#3752,#2990,#2991);
#2753=AXIS2_PLACEMENT_3D('',#3753,#2992,#2993);
#2754=AXIS2_PLACEMENT_3D('',#3757,#2995,#2996);
#2755=AXIS2_PLACEMENT_3D('',#3758,#2997,#2998);
#2756=AXIS2_PLACEMENT_3D('',#3762,#3000,#3001);
#2757=AXIS2_PLACEMENT_3D('',#3764,#3003,#3004);
#2758=AXIS2_PLACEMENT_3D('',#3772,#3008,#3009);
#2759=AXIS2_PLACEMENT_3D('',#3776,#3011,#3012);
#2760=AXIS2_PLACEMENT_3D('',#3778,#3013,#3014);
#2761=AXIS2_PLACEMENT_3D('',#3782,#3016,#3017);
#2762=AXIS2_PLACEMENT_3D('',#3784,#3018,#3019);
#2763=AXIS2_PLACEMENT_3D('',#3810,#3033,#3034);
#2764=AXIS2_PLACEMENT_3D('',#3818,#3039,#3040);
#2765=AXIS2_PLACEMENT_3D('',#3819,#3041,#3042);
#2766=AXIS2_PLACEMENT_3D('',#3822,#3044,#3045);
#2767=AXIS2_PLACEMENT_3D('',#3823,#3046,#3047);
#2768=AXIS2_PLACEMENT_3D('',#3824,#3048,#3049);
#2769=AXIS2_PLACEMENT_3D('',#3832,#3053,#3054);
#2770=AXIS2_PLACEMENT_3D('',#3836,#3057,#3058);
#2771=AXIS2_PLACEMENT_3D('',#3839,#3060,#3061);
#2772=AXIS2_PLACEMENT_3D('',#3842,#3063,#3064);
#2773=AXIS2_PLACEMENT_3D('',#3843,#3065,#3066);
#2774=AXIS2_PLACEMENT_3D('',#3844,#3067,#3068);
#2775=AXIS2_PLACEMENT_3D('',#3852,#3072,#3073);
#2776=AXIS2_PLACEMENT_3D('',#3858,#3077,#3078);
#2777=AXIS2_PLACEMENT_3D('',#3860,#3079,#3080);
#2778=AXIS2_PLACEMENT_3D('',#3861,#3081,#3082);
#2779=AXIS2_PLACEMENT_3D('',#3864,#3084,#3085);
#2780=AXIS2_PLACEMENT_3D('',#3867,#3086,#3087);
#2781=AXIS2_PLACEMENT_3D('',#3869,#3088,#3089);
#2782=AXIS2_PLACEMENT_3D('',#3873,#3091,#3092);
#2783=AXIS2_PLACEMENT_3D('',#3875,#3093,#3094);
#2784=AXIS2_PLACEMENT_3D('',#3901,#3108,#3109);
#2785=AXIS2_PLACEMENT_3D('',#3903,#3110,#3111);
#2786=AXIS2_PLACEMENT_3D('',#3906,#3113,#3114);
#2787=AXIS2_PLACEMENT_3D('',#3907,#3115,#3116);
#2788=AXIS2_PLACEMENT_3D('',#3910,#3117,#3118);
#2789=AXIS2_PLACEMENT_3D('',#3938,#3132,#3133);
#2790=AXIS2_PLACEMENT_3D('',#3941,#3135,#3136);
#2791=AXIS2_PLACEMENT_3D('',#3944,#3137,#3138);
#2792=AXIS2_PLACEMENT_3D('',#3945,#3139,#3140);
#2793=AXIS2_PLACEMENT_3D('',#3947,#3141,#3142);
#2794=AXIS2_PLACEMENT_3D('',#3948,#3143,#3144);
#2795=AXIS2_PLACEMENT_3D('',#3950,#3145,#3146);
#2796=AXIS2_PLACEMENT_3D('',#3952,#3148,#3149);
#2797=AXIS2_PLACEMENT_3D('',#3955,#3151,#3152);
#2798=AXIS2_PLACEMENT_3D('',#3956,#3153,#3154);
#2799=AXIS2_PLACEMENT_3D('',#3958,#3155,#3156);
#2800=AXIS2_PLACEMENT_3D('',#3960,#3158,#3159);
#2801=AXIS2_PLACEMENT_3D('',#3962,#3160,#3161);
#2802=AXIS2_PLACEMENT_3D('',#3965,#3163,#3164);
#2803=AXIS2_PLACEMENT_3D('',#3966,#3165,#3166);
#2804=AXIS2_PLACEMENT_3D('',#3969,#3167,#3168);
#2805=AXIS2_PLACEMENT_3D('',#3997,#3182,#3183);
#2806=AXIS2_PLACEMENT_3D('',#4000,#3185,#3186);
#2807=AXIS2_PLACEMENT_3D('',#4003,#3187,#3188);
#2808=AXIS2_PLACEMENT_3D('',#4004,#3189,#3190);
#2809=AXIS2_PLACEMENT_3D('',#4006,#3191,#3192);
#2810=AXIS2_PLACEMENT_3D('',#4007,#3193,#3194);
#2811=AXIS2_PLACEMENT_3D('',#4009,#3195,#3196);
#2812=AXIS2_PLACEMENT_3D('',#4011,#3198,#3199);
#2813=AXIS2_PLACEMENT_3D('',#4014,#3201,#3202);
#2814=AXIS2_PLACEMENT_3D('',#4015,#3203,#3204);
#2815=AXIS2_PLACEMENT_3D('',#4017,#3205,#3206);
#2816=AXIS2_PLACEMENT_3D('',#4019,#3208,#3209);
#2817=AXIS2_PLACEMENT_3D('',#4021,#3210,#3211);
#2818=AXIS2_PLACEMENT_3D('',#4024,#3213,#3214);
#2819=AXIS2_PLACEMENT_3D('',#4025,#3215,#3216);
#2820=AXIS2_PLACEMENT_3D('',#4028,#3217,#3218);
#2821=AXIS2_PLACEMENT_3D('',#4056,#3232,#3233);
#2822=AXIS2_PLACEMENT_3D('',#4059,#3235,#3236);
#2823=AXIS2_PLACEMENT_3D('',#4062,#3237,#3238);
#2824=AXIS2_PLACEMENT_3D('',#4063,#3239,#3240);
#2825=AXIS2_PLACEMENT_3D('',#4065,#3241,#3242);
#2826=AXIS2_PLACEMENT_3D('',#4066,#3243,#3244);
#2827=AXIS2_PLACEMENT_3D('',#4068,#3245,#3246);
#2828=AXIS2_PLACEMENT_3D('',#4070,#3248,#3249);
#2829=AXIS2_PLACEMENT_3D('',#4073,#3251,#3252);
#2830=AXIS2_PLACEMENT_3D('',#4074,#3253,#3254);
#2831=AXIS2_PLACEMENT_3D('',#4076,#3255,#3256);
#2832=AXIS2_PLACEMENT_3D('',#4078,#3258,#3259);
#2833=AXIS2_PLACEMENT_3D('',#4081,#3260,#3261);
#2834=AXIS2_PLACEMENT_3D('',#4100,#3264,#3265);
#2835=AXIS2_PLACEMENT_3D('',#4114,#3272,#3273);
#2836=AXIS2_PLACEMENT_3D('',#4117,#3275,#3276);
#2837=AXIS2_PLACEMENT_3D('',#4118,#3277,#3278);
#2838=AXIS2_PLACEMENT_3D('',#4130,#3284,#3285);
#2839=AXIS2_PLACEMENT_3D('',#4141,#3291,#3292);
#2840=AXIS2_PLACEMENT_3D('',#4148,#3296,#3297);
#2841=AXIS2_PLACEMENT_3D('',#4149,#3298,#3299);
#2842=AXIS2_PLACEMENT_3D('',#4168,#3302,#3303);
#2843=AXIS2_PLACEMENT_3D('',#4170,#3304,#3305);
#2844=AXIS2_PLACEMENT_3D('',#4174,#3307,#3308);
#2845=AXIS2_PLACEMENT_3D('',#4181,#3313,#3314);
#2846=AXIS2_PLACEMENT_3D('',#4196,#3315,#3316);
#2847=AXIS2_PLACEMENT_3D('',#4198,#3317,#3318);
#2848=AXIS2_PLACEMENT_3D('',#4200,#3319,#3320);
#2849=AXIS2_PLACEMENT_3D('',#4201,#3321,#3322);
#2850=AXIS2_PLACEMENT_3D('',#4202,#3323,#3324);
#2851=AXIS2_PLACEMENT_3D('',#4205,#3327,#3328);
#2852=AXIS2_PLACEMENT_3D('',#4208,#3330,#3331);
#2853=AXIS2_PLACEMENT_3D('',#4209,#3332,#3333);
#2854=AXIS2_PLACEMENT_3D('',#4214,#3336,#3337);
#2855=AXIS2_PLACEMENT_3D('',#4216,#3338,#3339);
#2856=AXIS2_PLACEMENT_3D('',#4218,#3340,#3341);
#2857=AXIS2_PLACEMENT_3D('',#4236,#3350,#3351);
#2858=AXIS2_PLACEMENT_3D('',#4239,#3352,#3353);
#2859=AXIS2_PLACEMENT_3D('',#4240,#3354,#3355);
#2860=AXIS2_PLACEMENT_3D('',#4241,#3356,#3357);
#2861=AXIS2_PLACEMENT_3D('',#4243,#3358,#3359);
#2862=AXIS2_PLACEMENT_3D('',#4245,#3360,#3361);
#2863=AXIS2_PLACEMENT_3D('',#4246,#3362,#3363);
#2864=AXIS2_PLACEMENT_3D('',#4247,#3364,#3365);
#2865=AXIS2_PLACEMENT_3D('',#4251,#3368,#3369);
#2866=AXIS2_PLACEMENT_3D('',#4252,#3370,#3371);
#2867=AXIS2_PLACEMENT_3D('',#4255,#3373,#3374);
#2868=AXIS2_PLACEMENT_3D('',#4256,#3375,#3376);
#2869=AXIS2_PLACEMENT_3D('',#4259,#3378,#3379);
#2870=AXIS2_PLACEMENT_3D('',#4261,#3380,#3381);
#2871=AXIS2_PLACEMENT_3D('',#4263,#3382,#3383);
#2872=AXIS2_PLACEMENT_3D('',#4281,#3392,#3393);
#2873=AXIS2_PLACEMENT_3D('',#4284,#3394,#3395);
#2874=AXIS2_PLACEMENT_3D('',#4285,#3396,#3397);
#2875=AXIS2_PLACEMENT_3D('',#4286,#3398,#3399);
#2876=AXIS2_PLACEMENT_3D('',#4289,#3400,#3401);
#2877=AXIS2_PLACEMENT_3D('',#4291,#3402,#3403);
#2878=AXIS2_PLACEMENT_3D('',#4292,#3404,#3405);
#2879=AXIS2_PLACEMENT_3D('',#4293,#3406,#3407);
#2880=AXIS2_PLACEMENT_3D('',#4294,#3408,#3409);
#2881=AXIS2_PLACEMENT_3D('',#4296,#3410,#3411);
#2882=AXIS2_PLACEMENT_3D('',#4298,#3413,#3414);
#2883=AXIS2_PLACEMENT_3D('',#4302,#3416,#3417);
#2884=AXIS2_PLACEMENT_3D('',#4304,#3419,#3420);
#2885=AXIS2_PLACEMENT_3D('',#4307,#3422,#3423);
#2886=AXIS2_PLACEMENT_3D('',#4311,#3425,#3426);
#2887=AXIS2_PLACEMENT_3D('',#4312,#3427,#3428);
#2888=AXIS2_PLACEMENT_3D('',#4314,#3429,#3430);
#2889=AXIS2_PLACEMENT_3D('',#4332,#3439,#3440);
#2890=AXIS2_PLACEMENT_3D('',#4334,#3441,#3442);
#2891=AXIS2_PLACEMENT_3D('',#4335,#3443,#3444);
#2892=AXIS2_PLACEMENT_3D('',#4341,#3448,#3449);
#2893=AXIS2_PLACEMENT_3D('',#4343,#3451,#3452);
#2894=AXIS2_PLACEMENT_3D('',#4345,#3454,#3455);
#2895=AXIS2_PLACEMENT_3D('',#4351,#3459,#3460);
#2896=AXIS2_PLACEMENT_3D('',#4353,#3462,#3463);
#2897=AXIS2_PLACEMENT_3D('',#4355,#3465,#3466);
#2898=AXIS2_PLACEMENT_3D('',#4364,#3471,#3472);
#2899=AXIS2_PLACEMENT_3D('',#4367,#3475,#3476);
#2900=AXIS2_PLACEMENT_3D('',#4369,#3478,#3479);
#2901=AXIS2_PLACEMENT_3D('',#4370,#3480,#3481);
#2902=AXIS2_PLACEMENT_3D('',#4372,#3483,#3484);
#2903=AXIS2_PLACEMENT_3D('',#4373,#3485,#3486);
#2904=AXIS2_PLACEMENT_3D('',#4374,#3487,#3488);
#2905=AXIS2_PLACEMENT_3D('',#4376,#3490,#3491);
#2906=AXIS2_PLACEMENT_3D('',#4378,#3492,#3493);
#2907=AXIS2_PLACEMENT_3D('',#4379,#3494,#3495);
#2908=AXIS2_PLACEMENT_3D('',#4380,#3496,#3497);
#2909=AXIS2_PLACEMENT_3D('',#4382,#3499,#3500);
#2910=AXIS2_PLACEMENT_3D('',#4383,#3501,#3502);
#2911=AXIS2_PLACEMENT_3D('',#4384,#3503,#3504);
#2912=AXIS2_PLACEMENT_3D('',#4385,#3505,#3506);
#2913=AXIS2_PLACEMENT_3D('',#4386,#3507,#3508);
#2914=AXIS2_PLACEMENT_3D('',#4387,#3509,#3510);
#2915=AXIS2_PLACEMENT_3D('',#4388,#3511,#3512);
#2916=AXIS2_PLACEMENT_3D('',#4389,#3513,#3514);
#2917=AXIS2_PLACEMENT_3D('',#4390,#3515,#3516);
#2918=AXIS2_PLACEMENT_3D('',#4393,#3519,#3520);
#2919=AXIS2_PLACEMENT_3D('',#4394,#3521,#3522);
#2920=AXIS2_PLACEMENT_3D('',#4395,#3523,#3524);
#2921=AXIS2_PLACEMENT_3D('',#4396,#3525,#3526);
#2922=AXIS2_PLACEMENT_3D('',#4397,#3527,#3528);
#2923=AXIS2_PLACEMENT_3D('',#4400,#3529,#3530);
#2924=AXIS2_PLACEMENT_3D('',#4402,#3531,#3532);
#2925=AXIS2_PLACEMENT_3D('',#4406,#3534,#3535);
#2926=AXIS2_PLACEMENT_3D('',#4408,#3536,#3537);
#2927=AXIS2_PLACEMENT_3D('',#4434,#3551,#3552);
#2928=AXIS2_PLACEMENT_3D('',#4438,#3556,#3557);
#2929=AXIS2_PLACEMENT_3D('',#4440,#3559,#3560);
#2930=AXIS2_PLACEMENT_3D('',#4444,#3564,#3565);
#2931=AXIS2_PLACEMENT_3D('',#4446,#3567,#3568);
#2932=AXIS2_PLACEMENT_3D('',#4448,#3570,#3571);
#2933=AXIS2_PLACEMENT_3D('',#4450,#3573,#3574);
#2934=AXIS2_PLACEMENT_3D('',#4454,#3578,#3579);
#2935=AXIS2_PLACEMENT_3D('',#4456,#3581,#3582);
#2936=AXIS2_PLACEMENT_3D('',#4459,#3585,#3586);
#2937=AXIS2_PLACEMENT_3D('',#4462,#3589,#3590);
#2938=AXIS2_PLACEMENT_3D('',#4466,#3594,#3595);
#2939=AXIS2_PLACEMENT_3D('',#4468,#3597,#3598);
#2940=AXIS2_PLACEMENT_3D('',#4470,#3600,#3601);
#2941=AXIS2_PLACEMENT_3D('',#4472,#3603,#3604);
#2942=AXIS2_PLACEMENT_3D('',#4474,#3606,#3607);
#2943=AXIS2_PLACEMENT_3D('',#4476,#3609,#3610);
#2944=AXIS2_PLACEMENT_3D('',#4479,#3613,#3614);
#2945=AXIS2_PLACEMENT_3D('',#4482,#3617,#3618);
#2946=AXIS2_PLACEMENT_3D('',#4485,#3621,#3622);
#2947=AXIS2_PLACEMENT_3D('',#4486,#3623,#3624);
#2948=AXIS2_PLACEMENT_3D('',#4490,#3628,#3629);
#2949=AXIS2_PLACEMENT_3D('',#4493,#3632,#3633);
#2950=AXIS2_PLACEMENT_3D('',#4494,#3634,#3635);
#2951=AXIS2_PLACEMENT_3D('',#4498,#3639,#3640);
#2952=AXIS2_PLACEMENT_3D('',#4501,#3643,#3644);
#2953=AXIS2_PLACEMENT_3D('',#4502,#3645,#3646);
#2954=AXIS2_PLACEMENT_3D('',#4504,#3648,#3649);
#2955=AXIS2_PLACEMENT_3D('',#4506,#3651,#3652);
#2956=AXIS2_PLACEMENT_3D('',#4508,#3654,#3655);
#2957=AXIS2_PLACEMENT_3D('',#4509,#3656,#3657);
#2958=AXIS2_PLACEMENT_3D('',#4511,#3659,#3660);
#2959=AXIS2_PLACEMENT_3D('',#4513,#3662,#3663);
#2960=AXIS2_PLACEMENT_3D('',#4515,#3665,#3666);
#2961=AXIS2_PLACEMENT_3D('',#4516,#3667,#3668);
#2962=AXIS2_PLACEMENT_3D('',#4518,#3670,#3671);
#2963=AXIS2_PLACEMENT_3D('',#4519,#3672,#3673);
#2964=AXIS2_PLACEMENT_3D('',#4520,#3674,#3675);
#2965=AXIS2_PLACEMENT_3D('',#4522,#3677,#3678);
#2966=AXIS2_PLACEMENT_3D('',#4523,#3679,#3680);
#2967=AXIS2_PLACEMENT_3D('',#4524,#3681,#3682);
#2968=AXIS2_PLACEMENT_3D('',#4525,#3683,#3684);
#2969=AXIS2_PLACEMENT_3D('',#4526,#3685,#3686);
#2970=AXIS2_PLACEMENT_3D('',#4530,#3690,#3691);
#2971=AXIS2_PLACEMENT_3D('',#4532,#3693,#3694);
#2972=AXIS2_PLACEMENT_3D('',#4536,#3698,#3699);
#2973=AXIS2_PLACEMENT_3D('',#4538,#3701,#3702);
#2974=AXIS2_PLACEMENT_3D('',#4540,#3704,#3705);
#2975=AXIS2_PLACEMENT_3D('',#4542,#3707,#3708);
#2976=AXIS2_PLACEMENT_3D('',#4545,#3711,#3712);
#2977=AXIS2_PLACEMENT_3D('',#4548,#3715,#3716);
#2978=AXIS2_PLACEMENT_3D('',#4551,#3719,#3720);
#2979=AXIS2_PLACEMENT_3D('',#4552,#3721,#3722);
#2980=AXIS2_PLACEMENT_3D('',#4556,#3726,#3727);
#2981=AXIS2_PLACEMENT_3D('',#4559,#3730,#3731);
#2982=AXIS2_PLACEMENT_3D('',#4560,#3732,#3733);
#2983=AXIS2_PLACEMENT_3D('',#4562,#3735,#3736);
#2984=AXIS2_PLACEMENT_3D('',#4564,#3738,#3739);
#2985=AXIS2_PLACEMENT_3D('',#4566,#3741,#3742);
#2986=AXIS2_PLACEMENT_3D('',#4567,#3743,#3744);
#2987=AXIS2_PLACEMENT_3D('',#4569,#3746,#3747);
#2988=AXIS2_PLACEMENT_3D('',#4570,#3748,#3749);
#2989=AXIS2_PLACEMENT_3D('',#4571,#3750,#3751);
#2990=DIRECTION('axis',(0.,0.,1.));
#2991=DIRECTION('refdir',(1.,0.,0.));
#2992=DIRECTION('center_axis',(-3.88578058618805E-16,4.44089209850063E-16,
1.));
#2993=DIRECTION('ref_axis',(1.,-3.88578058618805E-16,3.88578058618805E-16));
#2994=DIRECTION('',(0.707106781186547,-0.707106781186548,5.88784672006415E-16));
#2995=DIRECTION('center_axis',(3.88578058618805E-16,-4.44089209850063E-16,
-1.));
#2996=DIRECTION('ref_axis',(1.,-3.88578058618805E-16,3.88578058618805E-16));
#2997=DIRECTION('center_axis',(3.88578058618805E-16,-4.44089209850063E-16,
-1.));
#2998=DIRECTION('ref_axis',(-0.707105938249116,-0.707107624122974,3.92530133530566E-17));
#2999=DIRECTION('',(3.88578058618805E-16,-4.44089209850063E-16,-1.));
#3000=DIRECTION('center_axis',(0.,0.,-1.));
#3001=DIRECTION('ref_axis',(1.,-3.88578058618805E-16,3.88578058618805E-16));
#3002=DIRECTION('',(-3.88578058618805E-16,4.44089209850063E-16,1.));
#3003=DIRECTION('center_axis',(-1.,0.,0.));
#3004=DIRECTION('ref_axis',(0.,1.,0.));
#3005=DIRECTION('',(0.,0.707106781186547,-0.707106781186548));
#3006=DIRECTION('',(2.22044604925031E-16,1.,-2.22044604925031E-16));
#3007=DIRECTION('',(0.,0.,-1.));
#3008=DIRECTION('center_axis',(-1.,0.,0.));
#3009=DIRECTION('ref_axis',(0.,0.707106781186548,0.707106781186548));
#3010=DIRECTION('',(0.,1.,0.));
#3011=DIRECTION('center_axis',(-1.,0.,0.));
#3012=DIRECTION('ref_axis',(-1.11022302462516E-16,2.77555756156289E-17,
-1.));
#3013=DIRECTION('center_axis',(-1.,0.,0.));
#3014=DIRECTION('ref_axis',(-1.11022302462516E-16,2.77555756156289E-17,
-1.));
#3015=DIRECTION('',(0.,1.,2.77555756156289E-17));
#3016=DIRECTION('center_axis',(-1.,0.,0.));
#3017=DIRECTION('ref_axis',(-1.11022302462516E-16,2.77555756156289E-17,
-1.));
#3018=DIRECTION('center_axis',(-1.,0.,0.));
#3019=DIRECTION('ref_axis',(-1.11022302462516E-16,2.77555756156289E-17,
-1.));
#3020=DIRECTION('',(0.,1.,2.77555756156289E-17));
#3021=DIRECTION('',(0.,2.22044604925031E-16,-1.));
#3022=DIRECTION('',(0.,-1.,-2.77555756156289E-17));
#3023=DIRECTION('',(0.,2.22044604925031E-16,-1.));
#3024=DIRECTION('',(0.,-1.,-2.77555756156289E-17));
#3025=DIRECTION('',(0.,-7.7715611723761E-16,1.));
#3026=DIRECTION('',(0.,-1.,-2.77555756156289E-17));
#3027=DIRECTION('',(0.,-2.22044604925031E-16,1.));
#3028=DIRECTION('',(0.,-1.,-2.77555756156289E-17));
#3029=DIRECTION('',(0.,-3.94841962843344E-16,1.));
#3030=DIRECTION('',(0.,1.,2.77555756156289E-17));
#3031=DIRECTION('',(0.,-2.22044604925031E-16,1.));
#3032=DIRECTION('',(0.,1.,2.77555756156289E-17));
#3033=DIRECTION('center_axis',(-0.577350269189626,-0.577350269189626,-0.577350269189626));
#3034=DIRECTION('ref_axis',(-0.707106781186547,0.,0.707106781186548));
#3035=DIRECTION('',(-0.707106781186547,0.,0.707106781186548));
#3036=DIRECTION('',(0.,0.707106781186547,-0.707106781186548));
#3037=DIRECTION('',(0.707106781186548,-0.707106781186548,0.));
#3038=DIRECTION('',(-0.707106781186547,3.14018491736755E-16,0.707106781186547));
#3039=DIRECTION('center_axis',(-2.22044604925031E-16,-1.,2.22044604925031E-16));
#3040=DIRECTION('ref_axis',(-0.707107624123009,3.74339210102188E-22,-0.707105938249082));
#3041=DIRECTION('center_axis',(-2.22044604925031E-16,-1.,2.22044604925031E-16));
#3042=DIRECTION('ref_axis',(-1.66533453693773E-16,2.22044604925031E-16,
1.));
#3043=DIRECTION('',(-2.22044604925031E-16,-1.,2.22044604925031E-16));
#3044=DIRECTION('center_axis',(0.,-1.,0.));
#3045=DIRECTION('ref_axis',(-1.66533453693773E-16,2.22044604925031E-16,
1.));
#3046=DIRECTION('center_axis',(2.22044604925031E-16,1.,-2.22044604925031E-16));
#3047=DIRECTION('ref_axis',(-1.66533453693773E-16,2.22044604925031E-16,
1.));
#3048=DIRECTION('center_axis',(0.,1.,0.));
#3049=DIRECTION('ref_axis',(-1.,0.,0.));
#3050=DIRECTION('',(1.,0.,0.));
#3051=DIRECTION('',(0.,0.,1.));
#3052=DIRECTION('',(1.,0.,0.));
#3053=DIRECTION('center_axis',(0.,-1.,0.));
#3054=DIRECTION('ref_axis',(-0.707106781186548,0.,-0.707106781186547));
#3055=DIRECTION('',(0.,0.,-1.));
#3056=DIRECTION('',(-1.,0.,0.));
#3057=DIRECTION('center_axis',(-1.,0.,0.));
#3058=DIRECTION('ref_axis',(0.,-0.707106781186547,-0.707106781186548));
#3059=DIRECTION('',(1.,0.,0.));
#3060=DIRECTION('center_axis',(-1.,0.,0.));
#3061=DIRECTION('ref_axis',(0.,1.,0.));
#3062=DIRECTION('',(-1.,0.,0.));
#3063=DIRECTION('center_axis',(-1.,0.,0.));
#3064=DIRECTION('ref_axis',(0.,1.,0.));
#3065=DIRECTION('center_axis',(1.,0.,0.));
#3066=DIRECTION('ref_axis',(0.,1.,0.));
#3067=DIRECTION('center_axis',(1.,0.,0.));
#3068=DIRECTION('ref_axis',(0.,1.,0.));
#3069=DIRECTION('',(0.,0.,1.));
#3070=DIRECTION('',(0.,1.,0.));
#3071=DIRECTION('',(0.,0.,1.));
#3072=DIRECTION('center_axis',(-1.,0.,0.));
#3073=DIRECTION('ref_axis',(0.,-0.707106781186548,-0.707106781186547));
#3074=DIRECTION('',(0.,-1.,0.));
#3075=DIRECTION('',(0.,0.,-1.));
#3076=DIRECTION('',(0.,-1.,0.));
#3077=DIRECTION('center_axis',(-0.577350269189626,-0.577350269189626,-0.577350269189626));
#3078=DIRECTION('ref_axis',(0.707106781186547,-0.707106781186548,-3.92523114670944E-17));
#3079=DIRECTION('center_axis',(0.577350269189626,0.577350269189626,0.577350269189626));
#3080=DIRECTION('ref_axis',(0.707106781186547,-0.707106781186548,-3.92523114670944E-17));
#3081=DIRECTION('center_axis',(0.,-1.,0.));
#3082=DIRECTION('ref_axis',(-1.,0.,0.));
#3083=DIRECTION('',(-1.,0.,0.));
#3084=DIRECTION('center_axis',(0.,-1.,0.));
#3085=DIRECTION('ref_axis',(0.707106781186548,0.,0.707106781186548));
#3086=DIRECTION('center_axis',(0.,-1.,0.));
#3087=DIRECTION('ref_axis',(-1.,0.,0.));
#3088=DIRECTION('center_axis',(0.,-1.,0.));
#3089=DIRECTION('ref_axis',(-1.,0.,0.));
#3090=DIRECTION('',(0.,0.,1.));
#3091=DIRECTION('center_axis',(0.,-1.,0.));
#3092=DIRECTION('ref_axis',(-1.,0.,0.));
#3093=DIRECTION('center_axis',(0.,-1.,0.));
#3094=DIRECTION('ref_axis',(-1.,0.,0.));
#3095=DIRECTION('',(0.,0.,1.));
#3096=DIRECTION('',(-1.,0.,0.));
#3097=DIRECTION('',(0.,0.,-1.));
#3098=DIRECTION('',(-1.,0.,0.));
#3099=DIRECTION('',(0.,0.,-1.));
#3100=DIRECTION('',(1.,0.,-5.55111512312578E-16));
#3101=DIRECTION('',(0.,0.,-1.));
#3102=DIRECTION('',(1.,0.,0.));
#3103=DIRECTION('',(0.,0.,-1.));
#3104=DIRECTION('',(1.,0.,-1.72797357918312E-16));
#3105=DIRECTION('',(0.,0.,1.));
#3106=DIRECTION('',(1.,0.,0.));
#3107=DIRECTION('',(0.,0.,1.));
#3108=DIRECTION('center_axis',(0.,0.,1.));
#3109=DIRECTION('ref_axis',(3.60822483003176E-16,-1.,-3.01041243215667E-16));
#3110=DIRECTION('center_axis',(2.77555756156289E-16,-1.94289029309402E-16,
1.));
#3111=DIRECTION('ref_axis',(3.60822483003176E-16,-1.,-1.94289029309402E-16));
#3112=DIRECTION('',(3.41735630159662E-16,-0.707106781186546,-0.707106781186549));
#3113=DIRECTION('center_axis',(-2.77555756156289E-16,1.94289029309402E-16,
-1.));
#3114=DIRECTION('ref_axis',(3.60822483003176E-16,-1.,-4.71844785465692E-16));
#3115=DIRECTION('center_axis',(-2.77555756156289E-16,1.94289029309402E-16,
-1.));
#3116=DIRECTION('ref_axis',(-1.,-3.33066907387547E-16,4.44089209850062E-16));
#3117=DIRECTION('center_axis',(-2.77555756156289E-16,1.94289029309402E-16,
-1.));
#3118=DIRECTION('ref_axis',(3.60822483003176E-16,-1.,-4.71844785465691E-16));
#3119=DIRECTION('',(1.,3.33066907387547E-16,-4.44089209850062E-16));
#3120=DIRECTION('',(-3.60822483003176E-16,1.,4.71844785465691E-16));
#3121=DIRECTION('',(1.,3.60822483003176E-16,-2.77555756156289E-16));
#3122=DIRECTION('',(3.33066907387547E-16,-1.,-1.94289029309402E-16));
#3123=DIRECTION('',(-1.,-3.60822483003176E-16,2.77555756156289E-16));
#3124=DIRECTION('',(-3.60822483003176E-16,1.,4.71844785465691E-16));
#3125=DIRECTION('',(-1.,-3.33066907387547E-16,4.44089209850062E-16));
#3126=DIRECTION('',(-8.88178419700125E-16,1.,1.94289029309403E-16));
#3127=DIRECTION('',(1.,3.60822483003176E-16,-2.77555756156289E-16));
#3128=DIRECTION('',(3.33066907387547E-16,-1.,-1.94289029309402E-16));
#3129=DIRECTION('',(-1.,-3.33066907387547E-16,4.44089209850062E-16));
#3130=DIRECTION('',(3.60822483003176E-16,-1.,-4.71844785465691E-16));
#3131=DIRECTION('',(1.,3.33066907387547E-16,-4.44089209850062E-16));
#3132=DIRECTION('center_axis',(-2.77555756156289E-16,1.94289029309402E-16,
-1.));
#3133=DIRECTION('ref_axis',(3.60822483003176E-16,-1.,-4.71844785465691E-16));
#3134=DIRECTION('',(1.,3.33066907387547E-16,-4.44089209850062E-16));
#3135=DIRECTION('center_axis',(2.77555756156289E-16,-1.94289029309402E-16,
1.));
#3136=DIRECTION('ref_axis',(3.60822483003176E-16,-1.,-1.94289029309402E-16));
#3137=DIRECTION('center_axis',(2.77555756156289E-16,-1.94289029309402E-16,
1.));
#3138=DIRECTION('ref_axis',(3.60822483003176E-16,-1.,-4.71844785465691E-16));
#3139=DIRECTION('center_axis',(-2.77555756156289E-16,1.94289029309402E-16,
-1.));
#3140=DIRECTION('ref_axis',(3.60822483003176E-16,-1.,-4.71844785465691E-16));
#3141=DIRECTION('center_axis',(-2.77555756156289E-16,1.94289029309402E-16,
-1.));
#3142=DIRECTION('ref_axis',(3.60822483003176E-16,-1.,-4.71844785465691E-16));
#3143=DIRECTION('center_axis',(2.77555756156289E-16,-1.94289029309402E-16,
1.));
#3144=DIRECTION('ref_axis',(3.60822483003176E-16,-1.,-4.71844785465691E-16));
#3145=DIRECTION('center_axis',(0.,0.,1.));
#3146=DIRECTION('ref_axis',(3.60822483003176E-16,-1.,-4.71844785465691E-16));
#3147=DIRECTION('',(2.77555756156289E-16,-1.94289029309402E-16,1.));
#3148=DIRECTION('center_axis',(0.,0.,1.));
#3149=DIRECTION('ref_axis',(3.60822483003176E-16,-1.,-3.01041243215667E-16));
#3150=DIRECTION('',(3.41735630159662E-16,-0.707106781186546,-0.707106781186549));
#3151=DIRECTION('center_axis',(-2.77555756156289E-16,1.94289029309402E-16,
-1.));
#3152=DIRECTION('ref_axis',(3.60822483003176E-16,-1.,-4.71844785465692E-16));
#3153=DIRECTION('center_axis',(2.77555756156289E-16,-1.94289029309402E-16,
1.));
#3154=DIRECTION('ref_axis',(3.60822483003176E-16,-1.,-4.71844785465691E-16));
#3155=DIRECTION('center_axis',(0.,0.,1.));
#3156=DIRECTION('ref_axis',(3.60822483003176E-16,-1.,-4.71844785465691E-16));
#3157=DIRECTION('',(2.77555756156289E-16,-1.94289029309402E-16,1.));
#3158=DIRECTION('center_axis',(1.,0.,0.));
#3159=DIRECTION('ref_axis',(-1.4518301091252E-16,2.77555756156289E-17,-1.));
#3160=DIRECTION('center_axis',(1.,1.11022302462516E-16,-1.66533453693773E-16));
#3161=DIRECTION('ref_axis',(-1.66533453693773E-16,2.77555756156289E-17,
-1.));
#3162=DIRECTION('',(-0.707106781186548,1.06221761357096E-16,-0.707106781186547));
#3163=DIRECTION('center_axis',(-1.,-1.11022302462516E-16,1.66533453693773E-16));
#3164=DIRECTION('ref_axis',(-1.11022302462516E-16,2.77555756156289E-17,
-1.));
#3165=DIRECTION('center_axis',(-1.,-1.11022302462516E-16,1.66533453693773E-16));
#3166=DIRECTION('ref_axis',(2.22044604925031E-16,-1.,-2.22044604925031E-16));
#3167=DIRECTION('center_axis',(-1.,-1.11022302462516E-16,1.66533453693773E-16));
#3168=DIRECTION('ref_axis',(-1.11022302462516E-16,2.77555756156289E-17,
-1.));
#3169=DIRECTION('',(-2.22044604925031E-16,1.,2.22044604925031E-16));
#3170=DIRECTION('',(1.11022302462516E-16,-2.77555756156289E-17,1.));
#3171=DIRECTION('',(-1.11022302462516E-16,1.,2.77555756156289E-17));
#3172=DIRECTION('',(-1.66533453693773E-16,2.22044604925031E-16,-1.));
#3173=DIRECTION('',(1.11022302462516E-16,-1.,-2.77555756156289E-17));
#3174=DIRECTION('',(1.11022302462516E-16,-2.77555756156289E-17,1.));
#3175=DIRECTION('',(2.22044604925031E-16,-1.,-2.22044604925031E-16));
#3176=DIRECTION('',(1.66533453693774E-16,-7.7715611723761E-16,1.));
#3177=DIRECTION('',(-1.11022302462516E-16,1.,2.77555756156289E-17));
#3178=DIRECTION('',(-1.66533453693773E-16,2.22044604925031E-16,-1.));
#3179=DIRECTION('',(2.22044604925031E-16,-1.,-2.22044604925031E-16));
#3180=DIRECTION('',(-1.11022302462516E-16,2.77555756156289E-17,-1.));
#3181=DIRECTION('',(-2.22044604925031E-16,1.,2.22044604925031E-16));
#3182=DIRECTION('center_axis',(-1.,-1.11022302462516E-16,1.66533453693773E-16));
#3183=DIRECTION('ref_axis',(-1.11022302462516E-16,2.77555756156289E-17,
-1.));
#3184=DIRECTION('',(-2.22044604925031E-16,1.,2.22044604925031E-16));
#3185=DIRECTION('center_axis',(1.,1.11022302462516E-16,-1.66533453693773E-16));
#3186=DIRECTION('ref_axis',(-1.66533453693773E-16,2.77555756156289E-17,
-1.));
#3187=DIRECTION('center_axis',(1.,1.11022302462516E-16,-1.66533453693773E-16));
#3188=DIRECTION('ref_axis',(-1.11022302462516E-16,2.77555756156289E-17,
-1.));
#3189=DIRECTION('center_axis',(-1.,-1.11022302462516E-16,1.66533453693773E-16));
#3190=DIRECTION('ref_axis',(-1.11022302462516E-16,2.77555756156289E-17,
-1.));
#3191=DIRECTION('center_axis',(-1.,-1.11022302462516E-16,1.66533453693773E-16));
#3192=DIRECTION('ref_axis',(-1.11022302462516E-16,2.77555756156289E-17,
-1.));
#3193=DIRECTION('center_axis',(1.,1.11022302462516E-16,-1.66533453693773E-16));
#3194=DIRECTION('ref_axis',(-1.11022302462516E-16,2.77555756156289E-17,
-1.));
#3195=DIRECTION('center_axis',(1.,0.,0.));
#3196=DIRECTION('ref_axis',(-1.11022302462516E-16,2.77555756156289E-17,
-1.));
#3197=DIRECTION('',(1.,1.11022302462516E-16,-1.66533453693773E-16));
#3198=DIRECTION('center_axis',(1.,0.,0.));
#3199=DIRECTION('ref_axis',(-1.4518301091252E-16,2.77555756156289E-17,-1.));
#3200=DIRECTION('',(-0.707106781186548,1.06221761357096E-16,-0.707106781186547));
#3201=DIRECTION('center_axis',(-1.,-1.11022302462516E-16,1.66533453693773E-16));
#3202=DIRECTION('ref_axis',(-1.11022302462516E-16,2.77555756156289E-17,
-1.));
#3203=DIRECTION('center_axis',(1.,1.11022302462516E-16,-1.66533453693773E-16));
#3204=DIRECTION('ref_axis',(-1.11022302462516E-16,2.77555756156289E-17,
-1.));
#3205=DIRECTION('center_axis',(1.,0.,0.));
#3206=DIRECTION('ref_axis',(-1.11022302462516E-16,2.77555756156289E-17,
-1.));
#3207=DIRECTION('',(1.,1.11022302462516E-16,-1.66533453693773E-16));
#3208=DIRECTION('center_axis',(0.,1.,0.));
#3209=DIRECTION('ref_axis',(-1.,0.,0.));
#3210=DIRECTION('center_axis',(0.,1.,0.));
#3211=DIRECTION('ref_axis',(-1.,0.,0.));
#3212=DIRECTION('',(-0.707106781186548,-0.707106781186547,8.65956056235494E-17));
#3213=DIRECTION('center_axis',(0.,-1.,0.));
#3214=DIRECTION('ref_axis',(-1.,0.,0.));
#3215=DIRECTION('center_axis',(0.,-1.,0.));
#3216=DIRECTION('ref_axis',(0.,0.,-1.));
#3217=DIRECTION('center_axis',(0.,-1.,0.));
#3218=DIRECTION('ref_axis',(-1.,0.,0.));
#3219=DIRECTION('',(0.,0.,1.));
#3220=DIRECTION('',(1.,0.,0.));
#3221=DIRECTION('',(0.,0.,1.));
#3222=DIRECTION('',(-1.,0.,0.));
#3223=DIRECTION('',(0.,0.,-1.));
#3224=DIRECTION('',(1.,0.,0.));
#3225=DIRECTION('',(0.,0.,-1.));
#3226=DIRECTION('',(1.,0.,-5.55111512312578E-16));
#3227=DIRECTION('',(0.,0.,1.));
#3228=DIRECTION('',(-1.,0.,0.));
#3229=DIRECTION('',(0.,0.,-1.));
#3230=DIRECTION('',(-1.,0.,0.));
#3231=DIRECTION('',(0.,0.,1.));
#3232=DIRECTION('center_axis',(0.,-1.,0.));
#3233=DIRECTION('ref_axis',(-1.,0.,0.));
#3234=DIRECTION('',(0.,0.,1.));
#3235=DIRECTION('center_axis',(0.,1.,0.));
#3236=DIRECTION('ref_axis',(-1.,0.,0.));
#3237=DIRECTION('center_axis',(0.,1.,0.));
#3238=DIRECTION('ref_axis',(-1.,0.,0.));
#3239=DIRECTION('center_axis',(0.,-1.,0.));
#3240=DIRECTION('ref_axis',(-1.,0.,0.));
#3241=DIRECTION('center_axis',(0.,-1.,0.));
#3242=DIRECTION('ref_axis',(-1.,0.,0.));
#3243=DIRECTION('center_axis',(0.,1.,0.));
#3244=DIRECTION('ref_axis',(-1.,0.,0.));
#3245=DIRECTION('center_axis',(0.,1.,0.));
#3246=DIRECTION('ref_axis',(-1.,0.,0.));
#3247=DIRECTION('',(0.,1.,0.));
#3248=DIRECTION('center_axis',(0.,1.,0.));
#3249=DIRECTION('ref_axis',(-1.,0.,0.));
#3250=DIRECTION('',(-0.707106781186548,-0.707106781186547,8.65956056235494E-17));
#3251=DIRECTION('center_axis',(0.,-1.,0.));
#3252=DIRECTION('ref_axis',(-1.,0.,0.));
#3253=DIRECTION('center_axis',(0.,1.,0.));
#3254=DIRECTION('ref_axis',(-1.,0.,0.));
#3255=DIRECTION('center_axis',(0.,1.,0.));
#3256=DIRECTION('ref_axis',(-1.,0.,0.));
#3257=DIRECTION('',(0.,1.,0.));
#3258=DIRECTION('center_axis',(-0.577350269189626,-0.577350269189626,-0.577350269189626));
#3259=DIRECTION('ref_axis',(0.816496580927726,-0.408248290463863,-0.408248290463863));
#3260=DIRECTION('center_axis',(0.577350269189626,0.577350269189626,0.577350269189626));
#3261=DIRECTION('ref_axis',(0.816496580927726,-0.408248290463863,-0.408248290463863));
#3262=DIRECTION('',(0.577350269189626,0.577350269189626,0.577350269189626));
#3263=DIRECTION('',(-0.577350269189626,-0.577350269189626,-0.577350269189626));
#3264=DIRECTION('center_axis',(-0.408248290463863,-0.408248290463863,0.816496580927726));
#3265=DIRECTION('ref_axis',(0.707106781186548,-0.707106781186548,0.));
#3266=DIRECTION('',(0.707106781186547,-0.707106781186547,0.));
#3267=DIRECTION('',(0.577350269189626,0.577350269189626,0.577350269189626));
#3268=DIRECTION('',(0.707106781186547,-0.707106781186547,0.));
#3269=DIRECTION('',(-0.577350269189626,-0.577350269189626,-0.577350269189626));
#3270=DIRECTION('',(0.707106781186547,-0.707106781186547,0.));
#3271=DIRECTION('',(-0.577350269189626,-0.577350269189626,-0.577350269189626));
#3272=DIRECTION('center_axis',(-0.408248290463863,-0.408248290463863,0.816496580927726));
#3273=DIRECTION('ref_axis',(0.182574185835055,-0.912870929175277,-0.365148371670111));
#3274=DIRECTION('',(-0.707106781186548,0.707106781186548,0.));
#3275=DIRECTION('center_axis',(-0.408248290463863,-0.408248290463863,0.816496580927726));
#3276=DIRECTION('ref_axis',(-0.912870929175277,0.182574185835055,-0.365148371670111));
#3277=DIRECTION('center_axis',(-0.577350269189626,-0.577350269189626,-0.577350269189626));
#3278=DIRECTION('ref_axis',(-0.707106781186548,0.,0.707106781186548));
#3279=DIRECTION('',(-0.707106781186548,1.38777878078145E-16,0.707106781186547));
#3280=DIRECTION('',(-0.408248290463863,0.816496580927726,-0.408248290463863));
#3281=DIRECTION('',(-0.707106781186547,-1.66533453693773E-16,0.707106781186548));
#3282=DIRECTION('',(0.408248290463863,-0.816496580927726,0.408248290463863));
#3283=DIRECTION('',(-0.707106781186548,1.38777878078145E-16,0.707106781186547));
#3284=DIRECTION('center_axis',(0.577350269189626,0.577350269189626,0.577350269189626));
#3285=DIRECTION('ref_axis',(-0.408248290463861,-0.408248290463865,0.816496580927726));
#3286=DIRECTION('',(-1.66533453693773E-16,0.707106781186548,-0.707106781186547));
#3287=DIRECTION('',(0.816496580927726,-0.408248290463863,-0.408248290463863));
#3288=DIRECTION('',(-2.22044604925031E-16,0.707106781186548,-0.707106781186547));
#3289=DIRECTION('',(-0.816496580927726,0.408248290463863,0.408248290463863));
#3290=DIRECTION('',(-1.66533453693773E-16,0.707106781186548,-0.707106781186547));
#3291=DIRECTION('center_axis',(0.577350269189626,0.577350269189626,0.577350269189626));
#3292=DIRECTION('ref_axis',(-0.408248290463863,0.816496580927726,-0.408248290463864));
#3293=DIRECTION('',(-0.408248290463863,-0.408248290463863,0.816496580927726));
#3294=DIRECTION('',(0.707106781186548,-0.707106781186548,0.));
#3295=DIRECTION('',(0.408248290463863,0.408248290463863,-0.816496580927726));
#3296=DIRECTION('center_axis',(0.577350269189626,0.577350269189626,0.577350269189626));
#3297=DIRECTION('ref_axis',(0.707106781186548,-0.707106781186548,0.));
#3298=DIRECTION('center_axis',(-0.577350269189626,-0.577350269189626,-0.577350269189626));
#3299=DIRECTION('ref_axis',(-0.408248290463861,-0.408248290463865,0.816496580927726));
#3300=DIRECTION('',(0.577350269189626,0.577350269189626,0.577350269189626));
#3301=DIRECTION('',(-0.577350269189626,-0.577350269189626,-0.577350269189626));
#3302=DIRECTION('center_axis',(0.816496580927726,-0.408248290463863,-0.408248290463863));
#3303=DIRECTION('ref_axis',(-5.55111512312578E-17,0.707106781186548,-0.707106781186547));
#3304=DIRECTION('center_axis',(0.816496580927726,-0.408248290463863,-0.408248290463863));
#3305=DIRECTION('ref_axis',(-0.365148371670111,0.182574185835055,-0.912870929175277));
#3306=DIRECTION('',(0.,-0.707106781186548,0.707106781186547));
#3307=DIRECTION('center_axis',(0.816496580927726,-0.408248290463863,-0.408248290463863));
#3308=DIRECTION('ref_axis',(-0.365148371670111,-0.912870929175277,0.182574185835055));
#3309=DIRECTION('',(0.577350269189626,0.577350269189626,0.577350269189626));
#3310=DIRECTION('',(0.577350269189626,0.577350269189626,0.577350269189626));
#3311=DIRECTION('',(-2.45506378049896E-16,0.707106781186548,-0.707106781186547));
#3312=DIRECTION('',(-0.577350269189626,-0.577350269189626,-0.577350269189626));
#3313=DIRECTION('center_axis',(0.577350269189626,0.577350269189626,0.577350269189626));
#3314=DIRECTION('ref_axis',(-0.408248290463863,0.816496580927726,-0.408248290463864));
#3315=DIRECTION('center_axis',(0.,-1.,0.));
#3316=DIRECTION('ref_axis',(0.,0.,-1.));
#3317=DIRECTION('center_axis',(-1.,0.,0.));
#3318=DIRECTION('ref_axis',(0.,1.,-8.32667268468867E-16));
#3319=DIRECTION('center_axis',(0.,1.,0.));
#3320=DIRECTION('ref_axis',(-0.707106781186548,0.,-0.707106781186547));
#3321=DIRECTION('center_axis',(0.,0.,-1.));
#3322=DIRECTION('ref_axis',(-1.,0.,0.));
#3323=DIRECTION('center_axis',(0.,-1.,0.));
#3324=DIRECTION('ref_axis',(-0.707106781186548,0.,-0.707106781186547));
#3325=DIRECTION('',(0.,1.,0.));
#3326=DIRECTION('',(0.,-1.,0.));
#3327=DIRECTION('center_axis',(0.,0.,1.));
#3328=DIRECTION('ref_axis',(-0.707106781186547,0.707106781186548,0.));
#3329=DIRECTION('',(0.,0.,1.));
#3330=DIRECTION('center_axis',(0.,0.,-1.));
#3331=DIRECTION('ref_axis',(-1.,0.,0.));
#3332=DIRECTION('center_axis',(-1.,0.,0.));
#3333=DIRECTION('ref_axis',(0.,-1.,0.));
#3334=DIRECTION('',(0.,0.,-1.));
#3335=DIRECTION('',(0.,-1.,0.));
#3336=DIRECTION('center_axis',(1.,0.,0.));
#3337=DIRECTION('ref_axis',(0.,0.707106781186547,0.707106781186547));
#3338=DIRECTION('center_axis',(1.,0.,0.));
#3339=DIRECTION('ref_axis',(-1.11022302462516E-16,2.77555756156289E-17,
-1.));
#3340=DIRECTION('center_axis',(1.,0.,0.));
#3341=DIRECTION('ref_axis',(-1.11022302462516E-16,2.77555756156289E-17,
-1.));
#3342=DIRECTION('',(0.,1.,2.77555756156289E-17));
#3343=DIRECTION('',(0.,-2.22044604925031E-16,1.));
#3344=DIRECTION('',(0.,-1.,-2.77555756156289E-17));
#3345=DIRECTION('',(0.,7.7715611723761E-16,-1.));
#3346=DIRECTION('',(0.,1.,2.77555756156289E-17));
#3347=DIRECTION('',(0.,-2.22044604925031E-16,1.));
#3348=DIRECTION('',(0.,-1.,-2.77555756156289E-17));
#3349=DIRECTION('',(0.,3.94841962843344E-16,-1.));
#3350=DIRECTION('center_axis',(1.,0.,0.));
#3351=DIRECTION('ref_axis',(-1.11022302462516E-16,2.77555756156289E-17,
-1.));
#3352=DIRECTION('center_axis',(-1.,0.,0.));
#3353=DIRECTION('ref_axis',(-1.11022302462516E-16,2.77555756156289E-17,
-1.));
#3354=DIRECTION('center_axis',(1.,0.,0.));
#3355=DIRECTION('ref_axis',(-1.11022302462516E-16,2.77555756156289E-17,
-1.));
#3356=DIRECTION('center_axis',(1.,0.,0.));
#3357=DIRECTION('ref_axis',(0.,0.,-1.));
#3358=DIRECTION('center_axis',(0.,-1.,0.));
#3359=DIRECTION('ref_axis',(0.,0.,-1.));
#3360=DIRECTION('center_axis',(0.,0.,-1.));
#3361=DIRECTION('ref_axis',(1.,-9.71445146547011E-16,0.));
#3362=DIRECTION('center_axis',(1.,0.,0.));
#3363=DIRECTION('ref_axis',(0.,-0.707106781186548,-0.707106781186547));
#3364=DIRECTION('center_axis',(1.,0.,0.));
#3365=DIRECTION('ref_axis',(0.,-0.707106781186548,-0.707106781186547));
#3366=DIRECTION('',(1.,0.,0.));
#3367=DIRECTION('',(-1.,0.,0.));
#3368=DIRECTION('center_axis',(-0.408248290463863,0.816496580927726,-0.408248290463863));
#3369=DIRECTION('ref_axis',(-0.912870929175277,-0.365148371670111,0.182574185835055));
#3370=DIRECTION('center_axis',(0.,1.,0.));
#3371=DIRECTION('ref_axis',(0.707106781186548,0.,-0.707106781186547));
#3372=DIRECTION('',(0.,1.,0.));
#3373=DIRECTION('center_axis',(0.,-1.,0.));
#3374=DIRECTION('ref_axis',(0.,0.,-1.));
#3375=DIRECTION('center_axis',(0.,0.,1.));
#3376=DIRECTION('ref_axis',(1.,0.,0.));
#3377=DIRECTION('',(-1.,0.,0.));
#3378=DIRECTION('center_axis',(0.,0.,1.));
#3379=DIRECTION('ref_axis',(0.707106781186547,0.707106781186547,0.));
#3380=DIRECTION('center_axis',(0.,0.,1.));
#3381=DIRECTION('ref_axis',(3.60822483003176E-16,-1.,-4.71844785465691E-16));
#3382=DIRECTION('center_axis',(0.,0.,1.));
#3383=DIRECTION('ref_axis',(3.60822483003176E-16,-1.,-4.71844785465691E-16));
#3384=DIRECTION('',(1.,3.60822483003176E-16,0.));
#3385=DIRECTION('',(-3.33066907387547E-16,1.,0.));
#3386=DIRECTION('',(-1.,-3.60822483003176E-16,0.));
#3387=DIRECTION('',(8.88178419700125E-16,-1.,0.));
#3388=DIRECTION('',(5.05864265305859E-16,-1.,0.));
#3389=DIRECTION('',(1.,3.60822483003176E-16,0.));
#3390=DIRECTION('',(-3.33066907387547E-16,1.,0.));
#3391=DIRECTION('',(-1.,-3.60822483003176E-16,0.));
#3392=DIRECTION('center_axis',(0.,0.,1.));
#3393=DIRECTION('ref_axis',(3.60822483003176E-16,-1.,-4.71844785465691E-16));
#3394=DIRECTION('center_axis',(0.,0.,-1.));
#3395=DIRECTION('ref_axis',(3.60822483003176E-16,-1.,-4.71844785465691E-16));
#3396=DIRECTION('center_axis',(0.,0.,1.));
#3397=DIRECTION('ref_axis',(3.60822483003176E-16,-1.,-4.71844785465691E-16));
#3398=DIRECTION('center_axis',(0.,0.,1.));
#3399=DIRECTION('ref_axis',(1.,0.,0.));
#3400=DIRECTION('center_axis',(-1.,0.,0.));
#3401=DIRECTION('ref_axis',(0.,-1.,0.));
#3402=DIRECTION('center_axis',(0.,0.,-1.));
#3403=DIRECTION('ref_axis',(-0.707106781186547,-0.707106781186548,0.));
#3404=DIRECTION('center_axis',(0.,-1.,0.));
#3405=DIRECTION('ref_axis',(-4.16333634234433E-16,0.,1.));
#3406=DIRECTION('center_axis',(0.,0.,1.));
#3407=DIRECTION('ref_axis',(-0.707106781186547,-0.707106781186548,0.));
#3408=DIRECTION('center_axis',(0.,0.,1.));
#3409=DIRECTION('ref_axis',(-0.707106781186547,-0.707106781186548,0.));
#3410=DIRECTION('center_axis',(-0.408248290463863,0.816496580927726,-0.408248290463863));
#3411=DIRECTION('ref_axis',(0.182574185835055,-0.365148371670111,-0.912870929175277));
#3412=DIRECTION('',(0.,0.,1.));
#3413=DIRECTION('center_axis',(1.,0.,0.));
#3414=DIRECTION('ref_axis',(0.,-0.707106781186547,0.707106781186548));
#3415=DIRECTION('',(1.,0.,0.));
#3416=DIRECTION('center_axis',(-1.,0.,0.));
#3417=DIRECTION('ref_axis',(0.,-1.,0.));
#3418=DIRECTION('',(-1.,0.,0.));
#3419=DIRECTION('center_axis',(0.,-1.,0.));
#3420=DIRECTION('ref_axis',(1.,0.,0.));
#3421=DIRECTION('',(0.,0.,-1.));
#3422=DIRECTION('center_axis',(0.,1.,0.));
#3423=DIRECTION('ref_axis',(0.707106781186547,0.,0.707106781186547));
#3424=DIRECTION('',(0.707106781186548,0.,-0.707106781186547));
#3425=DIRECTION('center_axis',(0.,-1.,0.));
#3426=DIRECTION('ref_axis',(-1.,0.,0.));
#3427=DIRECTION('center_axis',(0.,1.,0.));
#3428=DIRECTION('ref_axis',(-1.,0.,0.));
#3429=DIRECTION('center_axis',(0.,1.,0.));
#3430=DIRECTION('ref_axis',(-1.,0.,0.));
#3431=DIRECTION('',(0.,0.,1.));
#3432=DIRECTION('',(1.,0.,0.));
#3433=DIRECTION('',(0.,0.,-1.));
#3434=DIRECTION('',(-1.,0.,1.72797357918312E-16));
#3435=DIRECTION('',(0.,0.,1.));
#3436=DIRECTION('',(1.,0.,0.));
#3437=DIRECTION('',(0.,0.,-1.));
#3438=DIRECTION('',(-1.,0.,5.55111512312578E-16));
#3439=DIRECTION('center_axis',(0.,1.,0.));
#3440=DIRECTION('ref_axis',(-1.,0.,0.));
#3441=DIRECTION('center_axis',(0.,1.,0.));
#3442=DIRECTION('ref_axis',(-1.,0.,0.));
#3443=DIRECTION('center_axis',(-0.985598559653489,-0.11957315586905,-0.11957315586905));
#3444=DIRECTION('ref_axis',(-0.120437245811702,0.,0.992720942572127));
#3445=DIRECTION('',(-0.169101978725762,0.696923425058676,0.696923425058676));
#3446=DIRECTION('',(2.77555756156289E-16,-0.707106781186548,0.707106781186547));
#3447=DIRECTION('',(0.169101978725762,-0.696923425058676,-0.696923425058676));
#3448=DIRECTION('center_axis',(1.66533453693773E-16,-0.707106781186548,
0.707106781186547));
#3449=DIRECTION('ref_axis',(0.816496580927726,-0.408248290463863,-0.408248290463863));
#3450=DIRECTION('',(0.577350269189626,0.577350269189626,0.577350269189626));
#3451=DIRECTION('center_axis',(0.816496580927726,-0.408248290463863,-0.408248290463863));
#3452=DIRECTION('ref_axis',(-2.22044604925031E-16,0.707106781186548,-0.707106781186547));
#3453=DIRECTION('',(0.577350269189626,0.577350269189626,0.577350269189626));
#3454=DIRECTION('center_axis',(-0.119573155869051,-0.119573155869051,-0.985598559653489));
#3455=DIRECTION('ref_axis',(-0.992720942572127,0.,0.120437245811703));
#3456=DIRECTION('',(0.696923425058676,0.696923425058676,-0.169101978725764));
#3457=DIRECTION('',(-0.707106781186547,0.707106781186547,0.));
#3458=DIRECTION('',(-0.696923425058676,-0.696923425058676,0.169101978725764));
#3459=DIRECTION('center_axis',(-0.707106781186548,0.707106781186548,0.));
#3460=DIRECTION('ref_axis',(-0.408248290463863,-0.408248290463863,0.816496580927726));
#3461=DIRECTION('',(0.577350269189626,0.577350269189626,0.577350269189626));
#3462=DIRECTION('center_axis',(-0.408248290463863,-0.408248290463863,0.816496580927726));
#3463=DIRECTION('ref_axis',(0.707106781186548,-0.707106781186548,3.16031267809743E-47));
#3464=DIRECTION('',(0.577350269189626,0.577350269189626,0.577350269189626));
#3465=DIRECTION('center_axis',(-0.119573155869051,-0.985598559653489,-0.11957315586905));
#3466=DIRECTION('ref_axis',(0.,0.120437245811703,-0.992720942572127));
#3467=DIRECTION('',(0.696923425058676,-0.169101978725763,0.696923425058676));
#3468=DIRECTION('',(0.707106781186547,0.,-0.707106781186548));
#3469=DIRECTION('',(-0.696923425058676,0.169101978725763,-0.696923425058676));
#3470=DIRECTION('',(-0.707106781186547,0.,0.707106781186548));
#3471=DIRECTION('center_axis',(0.707106781186547,1.38777878078145E-16,-0.707106781186548));
#3472=DIRECTION('ref_axis',(-0.408248290463863,0.816496580927726,-0.408248290463863));
#3473=DIRECTION('',(0.577350269189626,0.577350269189626,0.577350269189626));
#3474=DIRECTION('',(-0.577350269189626,-0.577350269189626,-0.577350269189626));
#3475=DIRECTION('center_axis',(-0.408248290463863,0.816496580927726,-0.408248290463863));
#3476=DIRECTION('ref_axis',(-0.707106781186547,-2.22044604925031E-16,0.707106781186548));
#3477=DIRECTION('',(0.577350269189626,0.577350269189626,0.577350269189626));
#3478=DIRECTION('center_axis',(-3.88578058618805E-16,0.707106781186548,
-0.707106781186547));
#3479=DIRECTION('ref_axis',(-0.816496580927726,0.408248290463863,0.408248290463863));
#3480=DIRECTION('center_axis',(-0.707106781186547,2.77555756156289E-17,
0.707106781186548));
#3481=DIRECTION('ref_axis',(0.408248290463863,-0.816496580927726,0.408248290463863));
#3482=DIRECTION('',(0.577350269189626,0.577350269189626,0.577350269189626));
#3483=DIRECTION('center_axis',(0.707106781186548,-0.707106781186548,0.));
#3484=DIRECTION('ref_axis',(0.408248290463863,0.408248290463863,-0.816496580927726));
#3485=DIRECTION('center_axis',(-0.408248290463863,0.816496580927726,-0.408248290463863));
#3486=DIRECTION('ref_axis',(-0.707106781186548,5.55111512312578E-17,0.707106781186547));
#3487=DIRECTION('center_axis',(0.577350269189626,0.577350269189626,0.577350269189626));
#3488=DIRECTION('ref_axis',(0.707106781186548,-0.707106781186548,0.));
#3489=DIRECTION('',(0.577350269189626,0.577350269189626,0.577350269189626));
#3490=DIRECTION('center_axis',(1.,0.,0.));
#3491=DIRECTION('ref_axis',(0.,0.,-1.));
#3492=DIRECTION('center_axis',(0.,1.,0.));
#3493=DIRECTION('ref_axis',(-1.,0.,0.));
#3494=DIRECTION('center_axis',(-1.,0.,0.));
#3495=DIRECTION('ref_axis',(0.,0.707106781186548,0.707106781186548));
#3496=DIRECTION('center_axis',(0.,-1.,0.));
#3497=DIRECTION('ref_axis',(-0.707106781186547,0.,0.707106781186548));
#3498=DIRECTION('',(0.,1.,0.));
#3499=DIRECTION('center_axis',(0.,0.,1.));
#3500=DIRECTION('ref_axis',(1.,0.,0.));
#3501=DIRECTION('center_axis',(1.,0.,0.));
#3502=DIRECTION('ref_axis',(0.,0.,-1.));
#3503=DIRECTION('center_axis',(0.,0.,-1.));
#3504=DIRECTION('ref_axis',(0.707106781186548,0.707106781186548,0.));
#3505=DIRECTION('center_axis',(-1.,0.,0.));
#3506=DIRECTION('ref_axis',(0.,0.707106781186548,-0.707106781186547));
#3507=DIRECTION('center_axis',(0.,1.,0.));
#3508=DIRECTION('ref_axis',(0.,0.,1.));
#3509=DIRECTION('center_axis',(0.,0.,1.));
#3510=DIRECTION('ref_axis',(0.,-1.,0.));
#3511=DIRECTION('center_axis',(0.,-1.,0.));
#3512=DIRECTION('ref_axis',(0.707106781186548,0.,0.707106781186548));
#3513=DIRECTION('center_axis',(0.,0.,1.));
#3514=DIRECTION('ref_axis',(0.707106781186548,-0.707106781186547,0.));
#3515=DIRECTION('center_axis',(0.,0.,1.));
#3516=DIRECTION('ref_axis',(1.,0.,0.));
#3517=DIRECTION('',(1.,0.,0.));
#3518=DIRECTION('',(0.,-1.,0.));
#3519=DIRECTION('center_axis',(0.,1.,0.));
#3520=DIRECTION('ref_axis',(0.707106781186548,0.,0.707106781186548));
#3521=DIRECTION('center_axis',(-1.,0.,0.));
#3522=DIRECTION('ref_axis',(0.,0.707106781186548,0.707106781186548));
#3523=DIRECTION('center_axis',(0.,0.,1.));
#3524=DIRECTION('ref_axis',(0.707106781186548,0.707106781186548,0.));
#3525=DIRECTION('center_axis',(0.,0.,-1.));
#3526=DIRECTION('ref_axis',(0.707106781186548,0.707106781186548,0.));
#3527=DIRECTION('center_axis',(0.,0.,-1.));
#3528=DIRECTION('ref_axis',(-1.,0.,0.));
#3529=DIRECTION('center_axis',(0.,0.,-1.));
#3530=DIRECTION('ref_axis',(3.60822483003176E-16,-1.,-4.71844785465691E-16));
#3531=DIRECTION('center_axis',(0.,0.,-1.));
#3532=DIRECTION('ref_axis',(3.60822483003176E-16,-1.,-4.71844785465691E-16));
#3533=DIRECTION('',(1.,3.60822483003176E-16,0.));
#3534=DIRECTION('center_axis',(0.,0.,-1.));
#3535=DIRECTION('ref_axis',(3.60822483003176E-16,-1.,-4.71844785465691E-16));
#3536=DIRECTION('center_axis',(0.,0.,-1.));
#3537=DIRECTION('ref_axis',(3.60822483003176E-16,-1.,-4.71844785465691E-16));
#3538=DIRECTION('',(1.,3.60822483003176E-16,0.));
#3539=DIRECTION('',(3.33066907387547E-16,-1.,0.));
#3540=DIRECTION('',(-1.,-3.60822483003176E-16,0.));
#3541=DIRECTION('',(3.33066907387547E-16,-1.,0.));
#3542=DIRECTION('',(-1.,-3.60822483003176E-16,0.));
#3543=DIRECTION('',(-8.88178419700125E-16,1.,0.));
#3544=DIRECTION('',(-1.,-3.60822483003176E-16,0.));
#3545=DIRECTION('',(-3.33066907387547E-16,1.,0.));
#3546=DIRECTION('',(-1.,-3.60822483003176E-16,0.));
#3547=DIRECTION('',(-5.05864265305859E-16,1.,0.));
#3548=DIRECTION('',(1.,3.60822483003176E-16,0.));
#3549=DIRECTION('',(-3.33066907387547E-16,1.,0.));
#3550=DIRECTION('',(1.,3.60822483003176E-16,0.));
#3551=DIRECTION('center_axis',(2.77555756156289E-16,-1.94289029309402E-16,
1.));
#3552=DIRECTION('ref_axis',(3.60822483003176E-16,-1.,-4.71844785465691E-16));
#3553=DIRECTION('',(2.77555756156289E-16,-1.94289029309402E-16,1.));
#3554=DIRECTION('',(2.77555756156289E-16,-1.94289029309402E-16,1.));
#3555=DIRECTION('',(-2.77555756156289E-16,1.94289029309402E-16,-1.));
#3556=DIRECTION('center_axis',(2.77555756156289E-16,-1.94289029309402E-16,
1.));
#3557=DIRECTION('ref_axis',(3.60822483003176E-16,-1.,-4.71844785465691E-16));
#3558=DIRECTION('',(2.77555756156289E-16,-1.94289029309402E-16,1.));
#3559=DIRECTION('center_axis',(-1.,-8.88178419700125E-16,4.44089209850062E-16));
#3560=DIRECTION('ref_axis',(9.15933995315754E-16,-1.,-4.71844785465692E-16));
#3561=DIRECTION('',(2.77555756156289E-16,-1.94289029309402E-16,1.));
#3562=DIRECTION('',(-4.44089209850062E-16,4.71844785465691E-16,-1.));
#3563=DIRECTION('',(2.77555756156289E-16,-1.94289029309402E-16,1.));
#3564=DIRECTION('center_axis',(-3.60822483003176E-16,1.,4.71844785465691E-16));
#3565=DIRECTION('ref_axis',(-1.,-3.33066907387547E-16,4.44089209850062E-16));
#3566=DIRECTION('',(2.77555756156289E-16,-1.94289029309402E-16,1.));
#3567=DIRECTION('center_axis',(3.60822483003176E-16,-1.,-4.71844785465691E-16));
#3568=DIRECTION('ref_axis',(1.,3.33066907387547E-16,-4.44089209850062E-16));
#3569=DIRECTION('',(-2.77555756156289E-16,1.94289029309402E-16,-1.));
#3570=DIRECTION('center_axis',(1.,3.33066907387547E-16,-4.44089209850062E-16));
#3571=DIRECTION('ref_axis',(-3.60822483003176E-16,1.,4.71844785465691E-16));
#3572=DIRECTION('',(4.44089209850063E-16,-4.71844785465691E-16,1.));
#3573=DIRECTION('center_axis',(1.,1.11022302462516E-16,-1.66533453693773E-16));
#3574=DIRECTION('ref_axis',(-1.11022302462516E-16,2.77555756156289E-17,
-1.));
#3575=DIRECTION('',(1.,1.11022302462516E-16,-1.66533453693773E-16));
#3576=DIRECTION('',(1.,1.11022302462516E-16,-1.66533453693773E-16));
#3577=DIRECTION('',(-1.,-1.11022302462516E-16,1.66533453693773E-16));
#3578=DIRECTION('center_axis',(1.,1.11022302462516E-16,-1.66533453693773E-16));
#3579=DIRECTION('ref_axis',(-1.11022302462516E-16,2.77555756156289E-17,
-1.));
#3580=DIRECTION('',(1.,1.11022302462516E-16,-1.66533453693773E-16));
#3581=DIRECTION('center_axis',(1.,3.33066907387547E-16,-4.44089209850062E-16));
#3582=DIRECTION('ref_axis',(-3.60822483003176E-16,1.,4.71844785465691E-16));
#3583=DIRECTION('',(-2.77555756156289E-16,1.94289029309402E-16,-1.));
#3584=DIRECTION('',(2.77555756156289E-16,-1.94289029309402E-16,1.));
#3585=DIRECTION('center_axis',(-3.60822483003176E-16,1.,4.71844785465691E-16));
#3586=DIRECTION('ref_axis',(-1.,-3.33066907387547E-16,4.44089209850062E-16));
#3587=DIRECTION('',(-4.44089209850063E-16,4.71844785465691E-16,-1.));
#3588=DIRECTION('',(2.77555756156289E-16,-1.94289029309402E-16,1.));
#3589=DIRECTION('center_axis',(2.22044604925031E-16,-1.,-7.7715611723761E-16));
#3590=DIRECTION('ref_axis',(-1.11022302462516E-16,5.82867087928207E-16,
-1.));
#3591=DIRECTION('',(1.,1.11022302462516E-16,-1.66533453693773E-16));
#3592=DIRECTION('',(-1.,-2.22044604925031E-16,1.11022302462516E-16));
#3593=DIRECTION('',(1.,1.11022302462516E-16,-1.66533453693773E-16));
#3594=DIRECTION('center_axis',(1.11022302462516E-16,-2.77555756156289E-17,
1.));
#3595=DIRECTION('ref_axis',(2.22044604925031E-16,-1.,-2.22044604925031E-16));
#3596=DIRECTION('',(1.,1.11022302462516E-16,-1.66533453693773E-16));
#3597=DIRECTION('center_axis',(-1.,-5.05864265305859E-16,4.44089209850062E-16));
#3598=DIRECTION('ref_axis',(5.33619840921488E-16,-1.,-4.71844785465691E-16));
#3599=DIRECTION('',(2.77555756156289E-16,-1.94289029309402E-16,1.));
#3600=DIRECTION('center_axis',(3.60822483003176E-16,-1.,-4.71844785465691E-16));
#3601=DIRECTION('ref_axis',(1.,3.33066907387547E-16,-4.44089209850062E-16));
#3602=DIRECTION('',(4.44089209850063E-16,-4.71844785465691E-16,1.));
#3603=DIRECTION('center_axis',(-1.11022302462516E-16,2.77555756156289E-17,
-1.));
#3604=DIRECTION('ref_axis',(-2.22044604925031E-16,1.,2.22044604925031E-16));
#3605=DIRECTION('',(-1.,-1.11022302462516E-16,1.66533453693773E-16));
#3606=DIRECTION('center_axis',(-2.22044604925031E-16,1.,2.22044604925031E-16));
#3607=DIRECTION('ref_axis',(1.11022302462516E-16,-2.77555756156289E-17,
1.));
#3608=DIRECTION('',(1.,2.22044604925031E-16,-1.11022302462516E-16));
#3609=DIRECTION('center_axis',(2.22044604925031E-16,-1.,-3.94841962843344E-16));
#3610=DIRECTION('ref_axis',(-1.11022302462516E-16,2.00552933533941E-16,
-1.));
#3611=DIRECTION('',(1.,1.11022302462516E-16,-1.66533453693773E-16));
#3612=DIRECTION('',(1.,1.11022302462516E-16,-1.66533453693773E-16));
#3613=DIRECTION('center_axis',(1.11022302462516E-16,-2.77555756156289E-17,
1.));
#3614=DIRECTION('ref_axis',(2.22044604925031E-16,-1.,-2.22044604925031E-16));
#3615=DIRECTION('',(1.,1.11022302462516E-16,-1.66533453693773E-16));
#3616=DIRECTION('',(-1.,-2.22044604925031E-16,1.11022302462516E-16));
#3617=DIRECTION('center_axis',(-1.11022302462516E-16,2.77555756156289E-17,
-1.));
#3618=DIRECTION('ref_axis',(-2.22044604925031E-16,1.,2.22044604925031E-16));
#3619=DIRECTION('',(1.,2.22044604925031E-16,-1.11022302462516E-16));
#3620=DIRECTION('',(-1.,-1.11022302462516E-16,1.66533453693773E-16));
#3621=DIRECTION('center_axis',(-2.22044604925031E-16,1.,2.22044604925031E-16));
#3622=DIRECTION('ref_axis',(1.11022302462516E-16,-2.77555756156289E-17,
1.));
#3623=DIRECTION('center_axis',(1.,1.11022302462516E-16,-1.66533453693773E-16));
#3624=DIRECTION('ref_axis',(-1.11022302462516E-16,2.77555756156289E-17,
-1.));
#3625=DIRECTION('',(1.,1.11022302462516E-16,-1.66533453693773E-16));
#3626=DIRECTION('',(1.,1.11022302462516E-16,-1.66533453693773E-16));
#3627=DIRECTION('',(-1.,-1.11022302462516E-16,1.66533453693773E-16));
#3628=DIRECTION('center_axis',(1.,1.11022302462516E-16,-1.66533453693773E-16));
#3629=DIRECTION('ref_axis',(4.71788683906036E-17,0.854421438869975,0.519580604718229));
#3630=DIRECTION('',(1.,1.11022302462516E-16,-1.66533453693773E-16));
#3631=DIRECTION('',(-1.,-1.11022302462516E-16,1.66533453693773E-16));
#3632=DIRECTION('center_axis',(1.,1.11022302462516E-16,-1.66533453693773E-16));
#3633=DIRECTION('ref_axis',(-1.11022302462516E-16,2.77555756156289E-17,
-1.));
#3634=DIRECTION('center_axis',(2.77555756156289E-16,-1.94289029309402E-16,
1.));
#3635=DIRECTION('ref_axis',(3.60822483003176E-16,-1.,-4.71844785465691E-16));
#3636=DIRECTION('',(2.77555756156289E-16,-1.94289029309402E-16,1.));
#3637=DIRECTION('',(2.77555756156289E-16,-1.94289029309402E-16,1.));
#3638=DIRECTION('',(-2.77555756156289E-16,1.94289029309402E-16,-1.));
#3639=DIRECTION('center_axis',(2.77555756156289E-16,-1.94289029309402E-16,
1.));
#3640=DIRECTION('ref_axis',(0.854421438869976,0.519580604718229,-4.13756533359293E-16));
#3641=DIRECTION('',(2.77555756156289E-16,-1.94289029309402E-16,1.));
#3642=DIRECTION('',(-2.77555756156289E-16,1.94289029309402E-16,-1.));
#3643=DIRECTION('center_axis',(2.77555756156289E-16,-1.94289029309402E-16,
1.));
#3644=DIRECTION('ref_axis',(3.60822483003176E-16,-1.,-4.71844785465691E-16));
#3645=DIRECTION('center_axis',(3.60822483003176E-16,-1.,-4.71844785465691E-16));
#3646=DIRECTION('ref_axis',(-1.,-3.33066907387547E-16,4.44089209850062E-16));
#3647=DIRECTION('',(-2.77555756156289E-16,1.94289029309402E-16,-1.));
#3648=DIRECTION('center_axis',(3.60822483003176E-16,-1.,-4.71844785465691E-16));
#3649=DIRECTION('ref_axis',(-1.,-3.33066907387547E-16,4.44089209850062E-16));
#3650=DIRECTION('',(-2.77555756156289E-16,1.94289029309402E-16,-1.));
#3651=DIRECTION('center_axis',(-1.,-3.33066907387547E-16,4.44089209850062E-16));
#3652=DIRECTION('ref_axis',(-3.60822483003176E-16,1.,4.71844785465691E-16));
#3653=DIRECTION('',(-2.77555756156289E-16,1.94289029309402E-16,-1.));
#3654=DIRECTION('center_axis',(-1.,-3.33066907387547E-16,4.44089209850062E-16));
#3655=DIRECTION('ref_axis',(-3.60822483003176E-16,1.,4.71844785465691E-16));
#3656=DIRECTION('center_axis',(-1.11022302462516E-16,2.77555756156289E-17,
-1.));
#3657=DIRECTION('ref_axis',(2.22044604925031E-16,-1.,-2.22044604925031E-16));
#3658=DIRECTION('',(-1.,-1.11022302462516E-16,1.66533453693773E-16));
#3659=DIRECTION('center_axis',(-1.11022302462516E-16,2.77555756156289E-17,
-1.));
#3660=DIRECTION('ref_axis',(2.22044604925031E-16,-1.,-2.22044604925031E-16));
#3661=DIRECTION('',(-1.,-1.11022302462516E-16,1.66533453693773E-16));
#3662=DIRECTION('center_axis',(2.22044604925031E-16,-1.,-2.22044604925031E-16));
#3663=DIRECTION('ref_axis',(1.11022302462516E-16,-2.77555756156289E-17,
1.));
#3664=DIRECTION('',(-1.,-1.11022302462516E-16,1.66533453693773E-16));
#3665=DIRECTION('center_axis',(2.22044604925031E-16,-1.,-2.22044604925031E-16));
#3666=DIRECTION('ref_axis',(1.11022302462516E-16,-2.77555756156289E-17,
1.));
#3667=DIRECTION('center_axis',(1.11022302462516E-16,-2.77555756156289E-17,
1.));
#3668=DIRECTION('ref_axis',(-2.22044604925031E-16,1.,2.22044604925031E-16));
#3669=DIRECTION('',(-1.,-1.11022302462516E-16,1.66533453693773E-16));
#3670=DIRECTION('center_axis',(1.11022302462516E-16,-2.77555756156289E-17,
1.));
#3671=DIRECTION('ref_axis',(-2.22044604925031E-16,1.,2.22044604925031E-16));
#3672=DIRECTION('center_axis',(1.11022302462516E-16,-2.77555756156289E-17,
1.));
#3673=DIRECTION('ref_axis',(-2.22044604925031E-16,1.,2.22044604925031E-16));
#3674=DIRECTION('center_axis',(-3.60822483003176E-16,1.,4.71844785465691E-16));
#3675=DIRECTION('ref_axis',(1.,3.33066907387547E-16,-4.44089209850062E-16));
#3676=DIRECTION('',(-2.77555756156289E-16,1.94289029309402E-16,-1.));
#3677=DIRECTION('center_axis',(-3.60822483003176E-16,1.,4.71844785465691E-16));
#3678=DIRECTION('ref_axis',(1.,3.33066907387547E-16,-4.44089209850062E-16));
#3679=DIRECTION('center_axis',(-3.60822483003176E-16,1.,4.71844785465691E-16));
#3680=DIRECTION('ref_axis',(1.,3.33066907387547E-16,-4.44089209850062E-16));
#3681=DIRECTION('center_axis',(1.,3.33066907387547E-16,-4.44089209850062E-16));
#3682=DIRECTION('ref_axis',(3.60822483003176E-16,-1.,-4.71844785465691E-16));
#3683=DIRECTION('center_axis',(-2.22044604925031E-16,1.,2.22044604925031E-16));
#3684=DIRECTION('ref_axis',(-1.11022302462516E-16,2.77555756156289E-17,
-1.));
#3685=DIRECTION('center_axis',(0.,1.,0.));
#3686=DIRECTION('ref_axis',(-1.,0.,0.));
#3687=DIRECTION('',(0.,1.,0.));
#3688=DIRECTION('',(0.,1.,0.));
#3689=DIRECTION('',(0.,-1.,0.));
#3690=DIRECTION('center_axis',(0.,1.,0.));
#3691=DIRECTION('ref_axis',(-1.,0.,0.));
#3692=DIRECTION('',(0.,1.,0.));
#3693=DIRECTION('center_axis',(-5.55111512312578E-16,0.,-1.));
#3694=DIRECTION('ref_axis',(-1.,0.,5.55111512312578E-16));
#3695=DIRECTION('',(0.,1.,0.));
#3696=DIRECTION('',(0.,-1.,0.));
#3697=DIRECTION('',(0.,1.,0.));
#3698=DIRECTION('center_axis',(1.,0.,0.));
#3699=DIRECTION('ref_axis',(0.,0.,-1.));
#3700=DIRECTION('',(0.,1.,0.));
#3701=DIRECTION('center_axis',(-1.,0.,0.));
#3702=DIRECTION('ref_axis',(0.,0.,1.));
#3703=DIRECTION('',(0.,-1.,0.));
#3704=DIRECTION('center_axis',(0.,0.,1.));
#3705=DIRECTION('ref_axis',(1.,0.,0.));
#3706=DIRECTION('',(0.,1.,0.));
#3707=DIRECTION('center_axis',(-1.72797357918312E-16,0.,-1.));
#3708=DIRECTION('ref_axis',(-1.,0.,1.72797357918312E-16));
#3709=DIRECTION('',(0.,1.,0.));
#3710=DIRECTION('',(0.,1.,0.));
#3711=DIRECTION('center_axis',(1.,0.,0.));
#3712=DIRECTION('ref_axis',(0.,0.,-1.));
#3713=DIRECTION('',(0.,1.,0.));
#3714=DIRECTION('',(0.,-1.,0.));
#3715=DIRECTION('center_axis',(-1.,0.,0.));
#3716=DIRECTION('ref_axis',(0.,0.,1.));
#3717=DIRECTION('',(0.,1.,0.));
#3718=DIRECTION('',(0.,-1.,0.));
#3719=DIRECTION('center_axis',(0.,0.,1.));
#3720=DIRECTION('ref_axis',(1.,0.,0.));
#3721=DIRECTION('center_axis',(0.,1.,0.));
#3722=DIRECTION('ref_axis',(-1.,0.,0.));
#3723=DIRECTION('',(0.,1.,0.));
#3724=DIRECTION('',(0.,1.,0.));
#3725=DIRECTION('',(0.,-1.,0.));
#3726=DIRECTION('center_axis',(0.,1.,0.));
#3727=DIRECTION('ref_axis',(0.519580604718229,0.,0.854421438869975));
#3728=DIRECTION('',(0.,1.,0.));
#3729=DIRECTION('',(0.,-1.,0.));
#3730=DIRECTION('center_axis',(0.,1.,0.));
#3731=DIRECTION('ref_axis',(-1.,0.,0.));
#3732=DIRECTION('center_axis',(-1.,0.,0.));
#3733=DIRECTION('ref_axis',(0.,0.,-1.));
#3734=DIRECTION('',(0.,-1.,0.));
#3735=DIRECTION('center_axis',(-1.,0.,0.));
#3736=DIRECTION('ref_axis',(0.,0.,-1.));
#3737=DIRECTION('',(0.,-1.,0.));
#3738=DIRECTION('center_axis',(0.,0.,-1.));
#3739=DIRECTION('ref_axis',(1.,0.,0.));
#3740=DIRECTION('',(0.,-1.,0.));
#3741=DIRECTION('center_axis',(0.,0.,-1.));
#3742=DIRECTION('ref_axis',(1.,0.,0.));
#3743=DIRECTION('center_axis',(1.,0.,0.));
#3744=DIRECTION('ref_axis',(0.,0.,1.));
#3745=DIRECTION('',(0.,-1.,0.));
#3746=DIRECTION('center_axis',(1.,0.,0.));
#3747=DIRECTION('ref_axis',(0.,0.,1.));
#3748=DIRECTION('center_axis',(1.,0.,0.));
#3749=DIRECTION('ref_axis',(0.,0.,1.));
#3750=DIRECTION('center_axis',(0.,0.,1.));
#3751=DIRECTION('ref_axis',(-1.,0.,0.));
#3752=CARTESIAN_POINT('',(0.,0.,0.));
#3753=CARTESIAN_POINT('Origin',(2.70000029802322,2.7,6.57500029802322));
#3754=CARTESIAN_POINT('',(2.70000029802322,2.825,6.57500029802322));
#3755=CARTESIAN_POINT('',(2.82500029802322,2.7,6.57500029802322));
#3756=CARTESIAN_POINT('',(3.76250022351741,1.76250007450581,6.57500029802322));
#3757=CARTESIAN_POINT('Origin',(2.70000029802322,2.7,6.57500029802322));
#3758=CARTESIAN_POINT('Origin',(2.70000029802322,2.70000000000001,20.0000002980232));
#3759=CARTESIAN_POINT('',(2.70000029802322,2.82500000000001,20.0000002980232));
#3760=CARTESIAN_POINT('',(2.70000029802322,2.82500000000001,20.0000002980232));
#3761=CARTESIAN_POINT('',(2.82500029802286,2.70000029802322,20.0000002980232));
#3762=CARTESIAN_POINT('Origin',(2.70000029802322,2.70000000000001,20.));
#3763=CARTESIAN_POINT('',(2.82500029802286,2.70000029802322,20.0000002980232));
#3764=CARTESIAN_POINT('Origin',(2.70000029802322,2.70000029802322,20.));
#3765=CARTESIAN_POINT('',(2.7,6.57500029802322,2.82500029802322));
#3766=CARTESIAN_POINT('',(2.70000029802322,0.375000298023222,9.025));
#3767=CARTESIAN_POINT('',(2.70000029802322,20.0000002980232,2.82500029802286));
#3768=CARTESIAN_POINT('',(2.70000029802322,20.0000002980232,2.82500029802286));
#3769=CARTESIAN_POINT('',(2.70000029802322,20.0000002980232,16.));
#3770=CARTESIAN_POINT('',(2.70000029802322,20.0000002980232,10.));
#3771=CARTESIAN_POINT('',(2.70000029802322,16.0000002980232,20.));
#3772=CARTESIAN_POINT('Origin',(2.70000029802322,16.0000002980232,16.));
#3773=CARTESIAN_POINT('',(2.70000029802322,6.35000022351742,20.));
#3774=CARTESIAN_POINT('',(2.70000029802322,9.83611395720686,18.4000002980232));
#3775=CARTESIAN_POINT('',(2.70000029802322,10.175,18.4875002980232));
#3776=CARTESIAN_POINT('Origin',(2.70000029802322,10.175,17.7875002980232));
#3777=CARTESIAN_POINT('',(2.70000029802322,10.5138860427931,18.4000002980232));
#3778=CARTESIAN_POINT('Origin',(2.70000029802322,10.175,17.7875002980232));
#3779=CARTESIAN_POINT('',(2.70000029802322,16.7361139572068,18.4000002980232));
#3780=CARTESIAN_POINT('',(2.70000029802322,4.95000014901161,18.4000002980232));
#3781=CARTESIAN_POINT('',(2.70000029802322,17.075,18.4875002980232));
#3782=CARTESIAN_POINT('Origin',(2.70000029802322,17.075,17.7875002980232));
#3783=CARTESIAN_POINT('',(2.70000029802322,17.4138860427931,18.4000002980232));
#3784=CARTESIAN_POINT('Origin',(2.70000029802322,17.075,17.7875002980232));
#3785=CARTESIAN_POINT('',(2.70000029802322,18.4,18.4000002980232));
#3786=CARTESIAN_POINT('',(2.70000029802322,4.95000014901161,18.4000002980232));
#3787=CARTESIAN_POINT('',(2.70000029802322,18.4,7.20000029802323));
#3788=CARTESIAN_POINT('',(2.70000029802322,18.4,19.2000001490116));
#3789=CARTESIAN_POINT('',(2.70000029802322,17.625,7.20000029802322));
#3790=CARTESIAN_POINT('',(2.70000029802322,10.5500001490116,7.20000029802322));
#3791=CARTESIAN_POINT('',(2.70000029802322,17.625,5.87500029802323));
#3792=CARTESIAN_POINT('',(2.70000029802322,17.625,12.9375001490116));
#3793=CARTESIAN_POINT('',(2.70000029802322,9.62499999999999,5.87500029802323));
#3794=CARTESIAN_POINT('',(2.70000029802322,6.16250014901161,5.87500029802323));
#3795=CARTESIAN_POINT('',(2.70000029802322,9.62499999999999,7.20000029802322));
#3796=CARTESIAN_POINT('',(2.70000029802322,9.62499999999999,13.9062501490116));
#3797=CARTESIAN_POINT('',(2.70000029802322,7.2,7.20000029802322));
#3798=CARTESIAN_POINT('',(2.70000029802322,10.5500001490116,7.20000029802322));
#3799=CARTESIAN_POINT('',(2.70000029802322,7.2,9.61250029802322));
#3800=CARTESIAN_POINT('',(2.70000029802322,7.2,13.6000001490116));
#3801=CARTESIAN_POINT('',(2.70000029802322,5.875,9.61250029802322));
#3802=CARTESIAN_POINT('',(2.70000029802322,4.28750014901161,9.61250029802321));
#3803=CARTESIAN_POINT('',(2.70000029802322,5.875,17.6125002980232));
#3804=CARTESIAN_POINT('',(2.70000029802322,5.875,18.8062501490116));
#3805=CARTESIAN_POINT('',(2.70000029802322,7.2,17.6125002980232));
#3806=CARTESIAN_POINT('',(2.70000029802322,5.26250014901161,17.6125002980232));
#3807=CARTESIAN_POINT('',(2.70000029802322,7.2,18.4000002980232));
#3808=CARTESIAN_POINT('',(2.70000029802322,7.2,13.6000001490116));
#3809=CARTESIAN_POINT('',(2.70000029802322,4.95000014901161,18.4000002980232));
#3810=CARTESIAN_POINT('Origin',(6.70000029802322,2.70000029802322,2.7));
#3811=CARTESIAN_POINT('',(6.57500029802322,2.70000029802322,2.825));
#3812=CARTESIAN_POINT('',(5.70000029802322,2.70000029802322,3.7));
#3813=CARTESIAN_POINT('',(6.57500029802322,2.82500029802322,2.7));
#3814=CARTESIAN_POINT('',(6.57500029802322,2.76250029802322,2.7625));
#3815=CARTESIAN_POINT('',(2.825,6.57500029802322,2.70000029802322));
#3816=CARTESIAN_POINT('',(5.70000029802322,3.70000029802322,2.7));
#3817=CARTESIAN_POINT('',(3.76250014901161,6.57500029802322,1.76250014901161));
#3818=CARTESIAN_POINT('Origin',(2.7,20.0000002980232,2.70000029802322));
#3819=CARTESIAN_POINT('Origin',(2.7,6.57500029802322,2.70000029802322));
#3820=CARTESIAN_POINT('',(2.82499999999965,20.0000002980232,2.7));
#3821=CARTESIAN_POINT('',(2.82499999999965,20.0000002980232,2.7));
#3822=CARTESIAN_POINT('Origin',(2.7,20.0000002980232,2.70000029802322));
#3823=CARTESIAN_POINT('Origin',(2.7,6.57500029802322,2.70000029802322));
#3824=CARTESIAN_POINT('Origin',(20.0000002980232,20.0000002980232,0.));
#3825=CARTESIAN_POINT('',(16.0000002980232,20.0000002980232,2.7));
#3826=CARTESIAN_POINT('',(15.6750002980232,20.0000002980232,2.7));
#3827=CARTESIAN_POINT('',(16.0000002980232,20.0000002980232,1.));
#3828=CARTESIAN_POINT('',(16.0000002980232,20.0000002980232,0.));
#3829=CARTESIAN_POINT('',(3.5,20.0000002980232,1.));
#3830=CARTESIAN_POINT('',(15.0000002235174,20.0000002980232,1.));
#3831=CARTESIAN_POINT('',(1.,20.0000002980232,3.5));
#3832=CARTESIAN_POINT('Origin',(3.5,20.0000002980232,3.5));
#3833=CARTESIAN_POINT('',(1.,20.0000002980232,16.));
#3834=CARTESIAN_POINT('',(1.,20.0000002980232,0.));
#3835=CARTESIAN_POINT('',(15.0000002235174,20.0000002980232,16.));
#3836=CARTESIAN_POINT('Origin',(20.0000002980232,2.70000029802322,2.7));
#3837=CARTESIAN_POINT('',(20.0000002980232,2.82500029802322,2.7));
#3838=CARTESIAN_POINT('',(20.0000002980232,2.82500029802322,2.7));
#3839=CARTESIAN_POINT('Origin',(6.57500029802322,2.70000029802322,2.7));
#3840=CARTESIAN_POINT('',(20.0000002980232,2.70000029802322,2.825));
#3841=CARTESIAN_POINT('',(20.0000002980232,2.70000029802322,2.825));
#3842=CARTESIAN_POINT('Origin',(20.0000002980232,2.70000029802322,2.7));
#3843=CARTESIAN_POINT('Origin',(6.57500029802322,2.70000029802322,2.7));
#3844=CARTESIAN_POINT('Origin',(20.0000002980232,0.,0.));
#3845=CARTESIAN_POINT('',(20.0000002980232,2.70000029802322,16.));
#3846=CARTESIAN_POINT('',(20.0000002980232,2.70000029802322,10.));
#3847=CARTESIAN_POINT('',(20.0000002980232,1.,16.));
#3848=CARTESIAN_POINT('',(20.0000002980232,5.00000007450581,16.));
#3849=CARTESIAN_POINT('',(20.0000002980232,1.,3.5));
#3850=CARTESIAN_POINT('',(20.0000002980232,1.,0.));
#3851=CARTESIAN_POINT('',(20.0000002980232,3.5,1.));
#3852=CARTESIAN_POINT('Origin',(20.0000002980232,3.5,3.5));
#3853=CARTESIAN_POINT('',(20.0000002980232,16.0000002980232,1.));
#3854=CARTESIAN_POINT('',(20.0000002980232,5.00000007450581,1.));
#3855=CARTESIAN_POINT('',(20.0000002980232,16.0000002980232,2.7));
#3856=CARTESIAN_POINT('',(20.0000002980232,16.0000002980232,0.));
#3857=CARTESIAN_POINT('',(20.0000002980232,5.67500014901161,2.7));
#3858=CARTESIAN_POINT('Origin',(3.75277674973257,3.75277674973257,3.75277674973257));
#3859=CARTESIAN_POINT('',(2.79818259513073,4.70737090433441,3.75277674973257));
#3860=CARTESIAN_POINT('Origin',(3.75277674973257,3.75277674973257,3.75277674973257));
#3861=CARTESIAN_POINT('Origin',(20.0000002980232,2.70000029802322,20.));
#3862=CARTESIAN_POINT('',(16.0000002980232,2.70000029802322,20.));
#3863=CARTESIAN_POINT('',(15.0000002235174,2.70000029802322,20.));
#3864=CARTESIAN_POINT('Origin',(16.0000002980232,2.70000029802322,16.));
#3865=CARTESIAN_POINT('',(18.4000002980232,2.70000029802322,9.83611395720686));
#3866=CARTESIAN_POINT('',(18.4875002980232,2.70000029802322,10.175));
#3867=CARTESIAN_POINT('Origin',(17.7875002980232,2.70000029802322,10.175));
#3868=CARTESIAN_POINT('',(18.4000002980232,2.70000029802322,10.5138860427931));
#3869=CARTESIAN_POINT('Origin',(17.7875002980232,2.70000029802322,10.175));
#3870=CARTESIAN_POINT('',(18.4000002980232,2.70000029802322,16.7361139572069));
#3871=CARTESIAN_POINT('',(18.4000002980232,2.70000029802322,13.6));
#3872=CARTESIAN_POINT('',(18.4875002980232,2.70000029802322,17.075));
#3873=CARTESIAN_POINT('Origin',(17.7875002980232,2.70000029802322,17.075));
#3874=CARTESIAN_POINT('',(18.4000002980232,2.70000029802322,17.4138860427931));
#3875=CARTESIAN_POINT('Origin',(17.7875002980232,2.70000029802322,17.075));
#3876=CARTESIAN_POINT('',(18.4000002980232,2.70000029802322,18.4));
#3877=CARTESIAN_POINT('',(18.4000002980232,2.70000029802322,13.6));
#3878=CARTESIAN_POINT('',(7.20000029802322,2.70000029802322,18.4));
#3879=CARTESIAN_POINT('',(19.2000002980232,2.70000029802322,18.4));
#3880=CARTESIAN_POINT('',(7.20000029802322,2.70000029802322,17.625));
#3881=CARTESIAN_POINT('',(7.20000029802322,2.70000029802322,19.2));
#3882=CARTESIAN_POINT('',(5.87500029802322,2.70000029802322,17.625));
#3883=CARTESIAN_POINT('',(12.9375002980232,2.70000029802322,17.625));
#3884=CARTESIAN_POINT('',(5.87500029802322,2.70000029802322,9.62499999999999));
#3885=CARTESIAN_POINT('',(5.87500029802322,2.70000029802322,14.8125));
#3886=CARTESIAN_POINT('',(7.20000029802322,2.70000029802322,9.62499999999999));
#3887=CARTESIAN_POINT('',(13.9062502980232,2.70000029802322,9.62499999999999));
#3888=CARTESIAN_POINT('',(7.20000029802322,2.70000029802322,7.2));
#3889=CARTESIAN_POINT('',(7.20000029802322,2.70000029802322,19.2));
#3890=CARTESIAN_POINT('',(9.61250029802321,2.70000029802322,7.2));
#3891=CARTESIAN_POINT('',(13.6000002980232,2.70000029802322,7.2));
#3892=CARTESIAN_POINT('',(9.61250029802321,2.70000029802322,5.875));
#3893=CARTESIAN_POINT('',(9.61250029802321,2.70000029802322,12.9375));
#3894=CARTESIAN_POINT('',(17.6125002980232,2.70000029802322,5.875));
#3895=CARTESIAN_POINT('',(18.8062502980232,2.70000029802322,5.875));
#3896=CARTESIAN_POINT('',(17.6125002980232,2.70000029802322,7.2));
#3897=CARTESIAN_POINT('',(17.6125002980232,2.70000029802322,13.9125));
#3898=CARTESIAN_POINT('',(18.4000002980232,2.70000029802322,7.2));
#3899=CARTESIAN_POINT('',(13.6000002980232,2.70000029802322,7.2));
#3900=CARTESIAN_POINT('',(18.4000002980232,2.70000029802322,13.6));
#3901=CARTESIAN_POINT('Origin',(13.625,16.3125002980232,1.05000029802322));
#3902=CARTESIAN_POINT('',(13.625,17.1125002980232,1.20000029802322));
#3903=CARTESIAN_POINT('Origin',(13.625,16.3125002980232,1.20000029802322));
#3904=CARTESIAN_POINT('',(13.625,16.8125002980232,0.900000298023223));
#3905=CARTESIAN_POINT('',(13.625,16.9625002980232,1.05000029802322));
#3906=CARTESIAN_POINT('Origin',(13.625,16.3125002980232,0.900000298023222));
#3907=CARTESIAN_POINT('Origin',(12.8,12.8000002980232,1.20000029802322));
#3908=CARTESIAN_POINT('',(10.5138860427931,18.4000002980232,1.20000029802323));
#3909=CARTESIAN_POINT('',(9.83611395720686,18.4000002980232,1.20000029802323));
#3910=CARTESIAN_POINT('Origin',(10.175,17.7875002980232,1.20000029802322));
#3911=CARTESIAN_POINT('',(7.2,18.4000002980232,1.20000029802323));
#3912=CARTESIAN_POINT('',(7.2,18.4000002980232,1.20000029802323));
#3913=CARTESIAN_POINT('',(7.2,17.6125002980232,1.20000029802323));
#3914=CARTESIAN_POINT('',(7.2,7.20000029802323,1.20000029802322));
#3915=CARTESIAN_POINT('',(7.825,17.6125002980232,1.20000029802323));
#3916=CARTESIAN_POINT('',(10.3125,17.6125002980232,1.20000029802322));
#3917=CARTESIAN_POINT('',(7.825,9.61250029802322,1.20000029802322));
#3918=CARTESIAN_POINT('',(7.82499999999999,11.2062502980232,1.20000029802322));
#3919=CARTESIAN_POINT('',(7.2,9.61250029802322,1.20000029802322));
#3920=CARTESIAN_POINT('',(9.33750000000001,9.61250029802322,1.20000029802322));
#3921=CARTESIAN_POINT('',(7.2,7.20000029802323,1.20000029802322));
#3922=CARTESIAN_POINT('',(7.2,7.20000029802323,1.20000029802322));
#3923=CARTESIAN_POINT('',(9.625,7.20000029802323,1.20000029802322));
#3924=CARTESIAN_POINT('',(18.4,7.20000029802323,1.20000029802322));
#3925=CARTESIAN_POINT('',(9.625,7.81250029802323,1.20000029802322));
#3926=CARTESIAN_POINT('',(9.62499999999999,10.3062502980232,1.20000029802322));
#3927=CARTESIAN_POINT('',(17.625,7.81250029802324,1.20000029802322));
#3928=CARTESIAN_POINT('',(15.2125,7.81250029802323,1.20000029802322));
#3929=CARTESIAN_POINT('',(17.625,7.20000029802323,1.20000029802322));
#3930=CARTESIAN_POINT('',(17.625,9.33750029802323,1.20000029802322));
#3931=CARTESIAN_POINT('',(18.4,7.20000029802323,1.20000029802322));
#3932=CARTESIAN_POINT('',(18.4,7.20000029802323,1.20000029802322));
#3933=CARTESIAN_POINT('',(18.4,18.4000002980232,1.20000029802322));
#3934=CARTESIAN_POINT('',(18.4,18.4000002980232,1.20000029802322));
#3935=CARTESIAN_POINT('',(17.4138860427931,18.4000002980232,1.20000029802322));
#3936=CARTESIAN_POINT('',(7.2,18.4000002980232,1.20000029802323));
#3937=CARTESIAN_POINT('',(16.7361139572069,18.4000002980232,1.20000029802322));
#3938=CARTESIAN_POINT('Origin',(17.075,17.7875002980232,1.20000029802322));
#3939=CARTESIAN_POINT('',(7.2,18.4000002980232,1.20000029802323));
#3940=CARTESIAN_POINT('',(13.625,11.7125002980232,1.20000029802322));
#3941=CARTESIAN_POINT('Origin',(13.625,10.9125002980232,1.20000029802322));
#3942=CARTESIAN_POINT('',(9.69133952865564,8.93146418423395,1.20000029802322));
#3943=CARTESIAN_POINT('',(9.50318120191362,9.24088009932084,1.20000029802322));
#3944=CARTESIAN_POINT('Origin',(8.325,8.31250029802323,1.20000029802322));
#3945=CARTESIAN_POINT('Origin',(10.175,9.43750029802323,1.20000029802322));
#3946=CARTESIAN_POINT('',(17.075,10.1375002980232,1.20000029802322));
#3947=CARTESIAN_POINT('Origin',(17.075,9.43750029802323,1.20000029802322));
#3948=CARTESIAN_POINT('Origin',(13.625,16.3125002980232,1.20000029802322));
#3949=CARTESIAN_POINT('',(13.625,16.8125002980232,-1.70696790036118E-15));
#3950=CARTESIAN_POINT('Origin',(13.625,16.3125002980232,-1.94289029309402E-15));
#3951=CARTESIAN_POINT('',(13.625,16.8125002980232,1.20000029802322));
#3952=CARTESIAN_POINT('Origin',(13.625,10.9125002980232,1.05000029802322));
#3953=CARTESIAN_POINT('',(13.625,11.4125002980232,0.900000298023222));
#3954=CARTESIAN_POINT('',(13.625,11.5625002980232,1.05000029802322));
#3955=CARTESIAN_POINT('Origin',(13.625,10.9125002980232,0.900000298023221));
#3956=CARTESIAN_POINT('Origin',(13.625,10.9125002980232,1.20000029802322));
#3957=CARTESIAN_POINT('',(13.625,11.4125002980232,-2.81719092498633E-15));
#3958=CARTESIAN_POINT('Origin',(13.625,10.9125002980232,-3.05311331771918E-15));
#3959=CARTESIAN_POINT('',(13.625,11.4125002980232,1.20000029802322));
#3960=CARTESIAN_POINT('Origin',(1.05000029802322,13.625,10.9125002980232));
#3961=CARTESIAN_POINT('',(1.20000029802322,13.625,11.7125002980232));
#3962=CARTESIAN_POINT('Origin',(1.20000029802322,13.625,10.9125002980232));
#3963=CARTESIAN_POINT('',(0.90000029802322,13.625,11.4125002980232));
#3964=CARTESIAN_POINT('',(1.05000029802322,13.625,11.5625002980232));
#3965=CARTESIAN_POINT('Origin',(0.90000029802322,13.625,10.9125002980232));
#3966=CARTESIAN_POINT('Origin',(1.20000029802322,12.8,12.8000002980232));
#3967=CARTESIAN_POINT('',(1.20000029802322,10.5138860427931,18.4000002980232));
#3968=CARTESIAN_POINT('',(1.20000029802322,9.83611395720686,18.4000002980232));
#3969=CARTESIAN_POINT('Origin',(1.20000029802322,10.175,17.7875002980232));
#3970=CARTESIAN_POINT('',(1.20000029802322,7.2,18.4000002980232));
#3971=CARTESIAN_POINT('',(1.20000029802322,7.2,18.4000002980232));
#3972=CARTESIAN_POINT('',(1.20000029802322,7.2,17.6125002980232));
#3973=CARTESIAN_POINT('',(1.20000029802322,7.2,7.20000029802322));
#3974=CARTESIAN_POINT('',(1.20000029802322,7.825,17.6125002980232));
#3975=CARTESIAN_POINT('',(1.20000029802322,10.3125,17.6125002980232));
#3976=CARTESIAN_POINT('',(1.20000029802322,7.825,9.61250029802322));
#3977=CARTESIAN_POINT('',(1.20000029802322,7.82499999999999,11.2062502980232));
#3978=CARTESIAN_POINT('',(1.20000029802322,7.2,9.61250029802322));
#3979=CARTESIAN_POINT('',(1.20000029802322,9.3375,9.61250029802322));
#3980=CARTESIAN_POINT('',(1.20000029802322,7.2,7.20000029802322));
#3981=CARTESIAN_POINT('',(1.20000029802322,7.2,7.20000029802322));
#3982=CARTESIAN_POINT('',(1.20000029802322,9.62499999999999,7.20000029802322));
#3983=CARTESIAN_POINT('',(1.20000029802322,18.4,7.20000029802323));
#3984=CARTESIAN_POINT('',(1.20000029802322,9.62499999999999,7.81250029802323));
#3985=CARTESIAN_POINT('',(1.20000029802322,9.62499999999999,10.3062502980232));
#3986=CARTESIAN_POINT('',(1.20000029802322,17.625,7.81250029802323));
#3987=CARTESIAN_POINT('',(1.20000029802322,15.2125,7.81250029802323));
#3988=CARTESIAN_POINT('',(1.20000029802322,17.625,7.20000029802323));
#3989=CARTESIAN_POINT('',(1.20000029802322,17.625,9.33750029802323));
#3990=CARTESIAN_POINT('',(1.20000029802322,18.4,7.20000029802323));
#3991=CARTESIAN_POINT('',(1.20000029802322,18.4,7.20000029802323));
#3992=CARTESIAN_POINT('',(1.20000029802322,18.4,18.4000002980232));
#3993=CARTESIAN_POINT('',(1.20000029802322,18.4,18.4000002980232));
#3994=CARTESIAN_POINT('',(1.20000029802322,17.4138860427931,18.4000002980232));
#3995=CARTESIAN_POINT('',(1.20000029802322,7.2,18.4000002980232));
#3996=CARTESIAN_POINT('',(1.20000029802322,16.7361139572069,18.4000002980232));
#3997=CARTESIAN_POINT('Origin',(1.20000029802322,17.075,17.7875002980232));
#3998=CARTESIAN_POINT('',(1.20000029802322,7.2,18.4000002980232));
#3999=CARTESIAN_POINT('',(1.20000029802322,13.625,17.1125002980232));
#4000=CARTESIAN_POINT('Origin',(1.20000029802322,13.625,16.3125002980232));
#4001=CARTESIAN_POINT('',(1.20000029802322,9.69133952865564,8.93146418423395));
#4002=CARTESIAN_POINT('',(1.20000029802322,9.50318120191361,9.24088009932084));
#4003=CARTESIAN_POINT('Origin',(1.20000029802322,8.325,8.31250029802323));
#4004=CARTESIAN_POINT('Origin',(1.20000029802322,10.175,9.43750029802323));
#4005=CARTESIAN_POINT('',(1.20000029802322,17.075,10.1375002980232));
#4006=CARTESIAN_POINT('Origin',(1.20000029802322,17.075,9.43750029802323));
#4007=CARTESIAN_POINT('Origin',(1.20000029802322,13.625,10.9125002980232));
#4008=CARTESIAN_POINT('',(1.4432899320127E-15,13.625,11.4125002980232));
#4009=CARTESIAN_POINT('Origin',(1.38777878078145E-15,13.625,10.9125002980232));
#4010=CARTESIAN_POINT('',(1.20000029802322,13.625,11.4125002980232));
#4011=CARTESIAN_POINT('Origin',(1.05000029802322,13.625,16.3125002980232));
#4012=CARTESIAN_POINT('',(0.900000298023221,13.625,16.8125002980232));
#4013=CARTESIAN_POINT('',(1.05000029802322,13.625,16.9625002980232));
#4014=CARTESIAN_POINT('Origin',(0.900000298023221,13.625,16.3125002980232));
#4015=CARTESIAN_POINT('Origin',(1.20000029802322,13.625,16.3125002980232));
#4016=CARTESIAN_POINT('',(2.41473507855972E-15,13.625,16.8125002980232));
#4017=CARTESIAN_POINT('Origin',(2.35922392732846E-15,13.625,16.3125002980232));
#4018=CARTESIAN_POINT('',(1.20000029802322,13.625,16.8125002980232));
#4019=CARTESIAN_POINT('Origin',(16.3125002980232,1.05000029802322,13.625));
#4020=CARTESIAN_POINT('',(17.1125002980232,1.20000029802322,13.625));
#4021=CARTESIAN_POINT('Origin',(16.3125002980232,1.20000029802322,13.625));
#4022=CARTESIAN_POINT('',(16.8125002980232,0.900000298023222,13.625));
#4023=CARTESIAN_POINT('',(16.9625002980232,1.05000029802322,13.625));
#4024=CARTESIAN_POINT('Origin',(16.3125002980232,0.900000298023222,13.625));
#4025=CARTESIAN_POINT('Origin',(12.8000002980232,1.20000029802322,12.8));
#4026=CARTESIAN_POINT('',(18.4000002980232,1.20000029802322,10.5138860427931));
#4027=CARTESIAN_POINT('',(18.4000002980232,1.20000029802322,9.83611395720686));
#4028=CARTESIAN_POINT('Origin',(17.7875002980232,1.20000029802322,10.175));
#4029=CARTESIAN_POINT('',(18.4000002980232,1.20000029802322,7.2));
#4030=CARTESIAN_POINT('',(18.4000002980232,1.20000029802322,7.2));
#4031=CARTESIAN_POINT('',(17.6125002980232,1.20000029802322,7.2));
#4032=CARTESIAN_POINT('',(7.20000029802322,1.20000029802322,7.2));
#4033=CARTESIAN_POINT('',(17.6125002980232,1.20000029802322,7.82499999999999));
#4034=CARTESIAN_POINT('',(17.6125002980232,1.20000029802322,10.3125));
#4035=CARTESIAN_POINT('',(9.61250029802321,1.20000029802322,7.82499999999999));
#4036=CARTESIAN_POINT('',(11.2062502980232,1.20000029802322,7.82499999999999));
#4037=CARTESIAN_POINT('',(9.61250029802321,1.20000029802322,7.2));
#4038=CARTESIAN_POINT('',(9.61250029802321,1.20000029802322,9.3375));
#4039=CARTESIAN_POINT('',(7.20000029802322,1.20000029802322,7.2));
#4040=CARTESIAN_POINT('',(7.20000029802322,1.20000029802322,7.2));
#4041=CARTESIAN_POINT('',(7.20000029802322,1.20000029802322,9.62499999999999));
#4042=CARTESIAN_POINT('',(7.20000029802322,1.20000029802322,18.4));
#4043=CARTESIAN_POINT('',(7.81250029802322,1.20000029802322,9.62499999999999));
#4044=CARTESIAN_POINT('',(10.3062502980232,1.20000029802322,9.62499999999999));
#4045=CARTESIAN_POINT('',(7.81250029802322,1.20000029802322,17.625));
#4046=CARTESIAN_POINT('',(7.81250029802322,1.20000029802322,15.2125));
#4047=CARTESIAN_POINT('',(7.20000029802322,1.20000029802322,17.625));
#4048=CARTESIAN_POINT('',(9.33750029802322,1.20000029802322,17.625));
#4049=CARTESIAN_POINT('',(7.20000029802322,1.20000029802322,18.4));
#4050=CARTESIAN_POINT('',(7.20000029802322,1.20000029802322,18.4));
#4051=CARTESIAN_POINT('',(18.4000002980232,1.20000029802322,18.4));
#4052=CARTESIAN_POINT('',(18.4000002980232,1.20000029802322,18.4));
#4053=CARTESIAN_POINT('',(18.4000002980232,1.20000029802322,17.4138860427931));
#4054=CARTESIAN_POINT('',(18.4000002980232,1.20000029802322,7.2));
#4055=CARTESIAN_POINT('',(18.4000002980232,1.20000029802322,16.7361139572068));
#4056=CARTESIAN_POINT('Origin',(17.7875002980232,1.20000029802322,17.075));
#4057=CARTESIAN_POINT('',(18.4000002980232,1.20000029802322,7.2));
#4058=CARTESIAN_POINT('',(11.7125002980232,1.20000029802322,13.625));
#4059=CARTESIAN_POINT('Origin',(10.9125002980232,1.20000029802322,13.625));
#4060=CARTESIAN_POINT('',(8.93146418423394,1.20000029802322,9.69133952865564));
#4061=CARTESIAN_POINT('',(9.24088009932083,1.20000029802322,9.50318120191361));
#4062=CARTESIAN_POINT('Origin',(8.31250029802322,1.20000029802322,8.32499999999999));
#4063=CARTESIAN_POINT('Origin',(9.43750029802322,1.20000029802322,10.175));
#4064=CARTESIAN_POINT('',(10.1375002980232,1.20000029802322,17.075));
#4065=CARTESIAN_POINT('Origin',(9.43750029802322,1.20000029802322,17.075));
#4066=CARTESIAN_POINT('Origin',(16.3125002980232,1.20000029802322,13.625));
#4067=CARTESIAN_POINT('',(16.8125002980232,0.,13.625));
#4068=CARTESIAN_POINT('Origin',(16.3125002980232,0.,13.625));
#4069=CARTESIAN_POINT('',(16.8125002980232,1.20000029802322,13.625));
#4070=CARTESIAN_POINT('Origin',(10.9125002980232,1.05000029802322,13.625));
#4071=CARTESIAN_POINT('',(11.4125002980232,0.900000298023222,13.625));
#4072=CARTESIAN_POINT('',(11.5625002980232,1.05000029802322,13.625));
#4073=CARTESIAN_POINT('Origin',(10.9125002980232,0.900000298023222,13.625));
#4074=CARTESIAN_POINT('Origin',(10.9125002980232,1.20000029802322,13.625));
#4075=CARTESIAN_POINT('',(11.4125002980232,0.,13.625));
#4076=CARTESIAN_POINT('Origin',(10.9125002980232,0.,13.625));
#4077=CARTESIAN_POINT('',(11.4125002980232,1.20000029802322,13.625));
#4078=CARTESIAN_POINT('Origin',(4.02386108763693,-2.01193054381846,-2.01193054381846));
#4079=CARTESIAN_POINT('',(4.43210937810079,-2.82842712474619,-1.6036822533546));
#4080=CARTESIAN_POINT('',(4.43210937810079,-1.6036822533546,-2.82842712474619));
#4081=CARTESIAN_POINT('Origin',(4.02386108763693,-2.01193054381847,-2.01193054381846));
#4082=CARTESIAN_POINT('',(7.75024830549483,1.71445667403944,0.489711802647847));
#4083=CARTESIAN_POINT('',(4.43210937810079,-1.6036822533546,-2.82842712474619));
#4084=CARTESIAN_POINT('',(7.75024830549483,0.489711802647848,1.71445667403944));
#4085=CARTESIAN_POINT('Ctrl Pts',(7.75024830549521,0.489711802647948,1.71445667403926));
#4086=CARTESIAN_POINT('Ctrl Pts',(7.85198987441552,0.517314542731759,1.66792058528647));
#4087=CARTESIAN_POINT('Ctrl Pts',(7.94349820435835,0.554131415624547,1.60837856962348));
#4088=CARTESIAN_POINT('Ctrl Pts',(8.09973430631793,0.646922373541843,1.47087386031135));
#4089=CARTESIAN_POINT('Ctrl Pts',(8.17007298507998,0.709841776774867,1.3837194708722));
#4090=CARTESIAN_POINT('Ctrl Pts',(8.26295867544326,0.857048654911742,1.20251564881287));
#4091=CARTESIAN_POINT('Ctrl Pts',(8.28566276869407,0.941539999549889,1.10871253214428));
#4092=CARTESIAN_POINT('Ctrl Pts',(8.28566276869407,1.10871253214428,0.94153999954989));
#4093=CARTESIAN_POINT('Ctrl Pts',(8.26295867544326,1.20251564881287,0.857048654911744));
#4094=CARTESIAN_POINT('Ctrl Pts',(8.17007298507998,1.3837194708722,0.709841776774869));
#4095=CARTESIAN_POINT('Ctrl Pts',(8.09973430631793,1.47087386031135,0.646922373541844));
#4096=CARTESIAN_POINT('Ctrl Pts',(7.94349820435835,1.60837856962348,0.554131415624547));
#4097=CARTESIAN_POINT('Ctrl Pts',(7.85198987441552,1.66792058528647,0.517314542731759));
#4098=CARTESIAN_POINT('Ctrl Pts',(7.7502483054952,1.71445667403926,0.489711802647949));
#4099=CARTESIAN_POINT('',(4.43210937810079,-2.82842712474619,-1.6036822533546));
#4100=CARTESIAN_POINT('Origin',(-2.82842712474619,5.65685424949238,-2.82842712474619));
#4101=CARTESIAN_POINT('',(2.82842712474619,-8.32667268468866E-16,-2.82842712474619));
#4102=CARTESIAN_POINT('',(-0.707106781186548,3.53553390593274,-2.82842712474619));
#4103=CARTESIAN_POINT('',(4.27176131351398,1.44333418876779,-1.38496848335958));
#4104=CARTESIAN_POINT('',(2.82842712474619,-1.00613961606655E-15,-2.82842712474619));
#4105=CARTESIAN_POINT('',(1.44333418876779,4.27176131351398,-1.38496848335958));
#4106=CARTESIAN_POINT('',(2.15044096995434,3.56465453232743,-1.38496848335958));
#4107=CARTESIAN_POINT('',(-1.11022302462516E-15,2.82842712474619,-2.82842712474619));
#4108=CARTESIAN_POINT('',(-1.43451015623299E-16,2.82842712474619,-2.82842712474619));
#4109=CARTESIAN_POINT('',(-1.6036822533546,4.43210937810079,-2.82842712474619));
#4110=CARTESIAN_POINT('',(-0.707106781186548,3.53553390593274,-2.82842712474619));
#4111=CARTESIAN_POINT('',(1.71445667403944,7.75024830549483,0.489711802647847));
#4112=CARTESIAN_POINT('',(-1.6036822533546,4.43210937810079,-2.82842712474619));
#4113=CARTESIAN_POINT('',(3.5,4.98528137423857,2.77555756156289E-16));
#4114=CARTESIAN_POINT('Origin',(3.5,11.9852813742386,3.5));
#4115=CARTESIAN_POINT('',(4.98528137423857,3.5,2.77555756156289E-16));
#4116=CARTESIAN_POINT('',(6.36396103067893,2.12132034355964,2.77555756156289E-16));
#4117=CARTESIAN_POINT('Origin',(11.9852813742386,3.5,3.5));
#4118=CARTESIAN_POINT('Origin',(0.,0.,0.));
#4119=CARTESIAN_POINT('',(2.82842712474619,-2.82842712474619,-6.23214146275654E-16));
#4120=CARTESIAN_POINT('',(3.53553390593274,-2.82842712474619,-0.707106781186547));
#4121=CARTESIAN_POINT('',(2.43483428853275,-2.04124145231932,-0.393592836213438));
#4122=CARTESIAN_POINT('',(2.12132034355964,-1.4142135623731,-0.707106781186548));
#4123=CARTESIAN_POINT('',(-0.393592836213437,-2.04124145231932,2.43483428853275));
#4124=CARTESIAN_POINT('',(1.72772750734621,-2.04124145231932,0.31351394497311));
#4125=CARTESIAN_POINT('',(2.7755575615629E-16,-2.82842712474619,2.82842712474619));
#4126=CARTESIAN_POINT('',(-0.903903199293266,-1.02062072615966,1.92452392545292));
#4127=CARTESIAN_POINT('',(-1.6036822533546,-2.82842712474619,4.43210937810079));
#4128=CARTESIAN_POINT('',(3.53553390593274,-2.82842712474619,-0.707106781186547));
#4129=CARTESIAN_POINT('',(-2.82842712474619,-1.6036822533546,4.43210937810079));
#4130=CARTESIAN_POINT('Origin',(-2.01193054381847,-2.01193054381846,4.02386108763693));
#4131=CARTESIAN_POINT('',(-2.82842712474619,-8.32667268468867E-16,2.82842712474619));
#4132=CARTESIAN_POINT('',(-2.82842712474619,-0.707106781186548,3.53553390593274));
#4133=CARTESIAN_POINT('',(-2.04124145231931,-0.393592836213438,2.43483428853275));
#4134=CARTESIAN_POINT('',(-1.41421356237309,-0.707106781186548,2.12132034355964));
#4135=CARTESIAN_POINT('',(-2.04124145231932,2.43483428853275,-0.393592836213437));
#4136=CARTESIAN_POINT('',(-2.04124145231931,0.313513944973109,1.72772750734621));
#4137=CARTESIAN_POINT('',(-2.82842712474619,2.82842712474619,1.35973995551052E-15));
#4138=CARTESIAN_POINT('',(-1.02062072615966,1.92452392545292,-0.903903199293266));
#4139=CARTESIAN_POINT('',(-2.82842712474619,4.43210937810079,-1.6036822533546));
#4140=CARTESIAN_POINT('',(-2.82842712474619,-0.707106781186548,3.53553390593274));
#4141=CARTESIAN_POINT('Origin',(-2.01193054381847,4.02386108763693,-2.01193054381846));
#4142=CARTESIAN_POINT('',(-0.393592836213438,2.43483428853275,-2.04124145231932));
#4143=CARTESIAN_POINT('',(-0.707106781186548,2.12132034355964,-1.41421356237309));
#4144=CARTESIAN_POINT('',(2.43483428853275,-0.393592836213438,-2.04124145231932));
#4145=CARTESIAN_POINT('',(0.31351394497311,1.72772750734621,-2.04124145231932));
#4146=CARTESIAN_POINT('',(1.92452392545292,-0.903903199293267,-1.02062072615966));
#4147=CARTESIAN_POINT('',(-0.954594154601839,0.954594154601839,-1.34989189786966E-16));
#4148=CARTESIAN_POINT('Origin',(0.,0.,0.));
#4149=CARTESIAN_POINT('Origin',(-2.01193054381847,-2.01193054381846,4.02386108763693));
#4150=CARTESIAN_POINT('',(1.71445667403943,0.489711802647847,7.75024830549483));
#4151=CARTESIAN_POINT('',(-1.6036822533546,-2.82842712474619,4.43210937810079));
#4152=CARTESIAN_POINT('',(0.489711802647848,1.71445667403943,7.75024830549483));
#4153=CARTESIAN_POINT('Ctrl Pts',(0.489711802647696,1.71445667403969,7.75024830549428));
#4154=CARTESIAN_POINT('Ctrl Pts',(0.512642402284525,1.67579745337483,7.83476872543291));
#4155=CARTESIAN_POINT('Ctrl Pts',(0.54180565261774,1.62837170259649,7.91193731446008));
#4156=CARTESIAN_POINT('Ctrl Pts',(0.62447168224715,1.50273638617984,8.07084692838484));
#4157=CARTESIAN_POINT('Ctrl Pts',(0.689288442799498,1.41067182165233,8.1518497231469));
#4158=CARTESIAN_POINT('Ctrl Pts',(0.844276049093542,1.21690518466243,8.25914303116803));
#4159=CARTESIAN_POINT('Ctrl Pts',(0.934710965428503,1.11554156626567,8.28566276869407));
#4160=CARTESIAN_POINT('Ctrl Pts',(1.11554156626566,0.934710965428505,8.28566276869407));
#4161=CARTESIAN_POINT('Ctrl Pts',(1.21690518466243,0.844276049093544,8.25914303116803));
#4162=CARTESIAN_POINT('Ctrl Pts',(1.41067182165233,0.6892884427995,8.1518497231469));
#4163=CARTESIAN_POINT('Ctrl Pts',(1.50273638617983,0.624471682247152,8.07084692838484));
#4164=CARTESIAN_POINT('Ctrl Pts',(1.6283717025959,0.541805652618128,7.91193731446082));
#4165=CARTESIAN_POINT('Ctrl Pts',(1.67579745337377,0.512642402285179,7.83476872543465));
#4166=CARTESIAN_POINT('Ctrl Pts',(1.71445667403838,0.489711802648471,7.75024830549713));
#4167=CARTESIAN_POINT('',(-2.82842712474619,-1.6036822533546,4.43210937810079));
#4168=CARTESIAN_POINT('Origin',(-2.82842712474619,-2.82842712474619,5.65685424949238));
#4169=CARTESIAN_POINT('',(-2.77555756156289E-16,3.5,4.98528137423857));
#4170=CARTESIAN_POINT('Origin',(3.5,3.5,11.9852813742386));
#4171=CARTESIAN_POINT('',(-2.77555756156289E-16,4.98528137423857,3.5));
#4172=CARTESIAN_POINT('',(-2.77555756156289E-16,11.3639611051847,-2.87867973094616));
#4173=CARTESIAN_POINT('',(0.489711802647845,7.75024830549483,1.71445667403944));
#4174=CARTESIAN_POINT('Origin',(3.5,11.9852813742386,3.5));
#4175=CARTESIAN_POINT('',(-2.82842712474619,4.43210937810079,-1.6036822533546));
#4176=CARTESIAN_POINT('',(-1.38496848335958,4.27176131351398,1.44333418876779));
#4177=CARTESIAN_POINT('',(-2.82842712474619,2.82842712474619,2.42861286636753E-16));
#4178=CARTESIAN_POINT('',(-1.38496848335958,1.44333418876779,4.27176131351398));
#4179=CARTESIAN_POINT('',(-1.38496848335958,2.15044096995434,3.56465453232743));
#4180=CARTESIAN_POINT('',(-2.82842712474619,-8.89323099948472E-16,2.82842712474619));
#4181=CARTESIAN_POINT('Origin',(-2.01193054381847,4.02386108763693,-2.01193054381846));
#4182=CARTESIAN_POINT('Ctrl Pts',(1.71445667403892,7.75024830549594,0.48971180264815));
#4183=CARTESIAN_POINT('Ctrl Pts',(1.67258288438679,7.84179671813696,0.514549114142723));
#4184=CARTESIAN_POINT('Ctrl Pts',(1.62031523995123,7.92487640287116,0.546764503797911));
#4185=CARTESIAN_POINT('Ctrl Pts',(1.4898595474578,8.08283746789697,0.633477842816429));
#4186=CARTESIAN_POINT('Ctrl Pts',(1.39973570982965,8.15942225013752,0.69757961785815));
#4187=CARTESIAN_POINT('Ctrl Pts',(1.21103248127732,8.26073630516004,0.849472177014497));
#4188=CARTESIAN_POINT('Ctrl Pts',(1.11275113187971,8.28566276869407,0.93750139981446));
#4189=CARTESIAN_POINT('Ctrl Pts',(0.937501399814459,8.28566276869407,1.11275113187971));
#4190=CARTESIAN_POINT('Ctrl Pts',(0.849472177014496,8.26073630516004,1.21103248127732));
#4191=CARTESIAN_POINT('Ctrl Pts',(0.697579617858148,8.15942225013752,1.39973570982966));
#4192=CARTESIAN_POINT('Ctrl Pts',(0.633477842816428,8.08283746789697,1.4898595474578));
#4193=CARTESIAN_POINT('Ctrl Pts',(0.546764503797911,7.92487640287116,1.62031523995123));
#4194=CARTESIAN_POINT('Ctrl Pts',(0.514549114142722,7.84179671813696,1.67258288438679));
#4195=CARTESIAN_POINT('Ctrl Pts',(0.489711802648149,7.75024830549595,1.71445667403893));
#4196=CARTESIAN_POINT('Origin',(3.5,19.0000002980232,3.5));
#4197=CARTESIAN_POINT('',(3.5,19.0000002980232,5.55111512312578E-16));
#4198=CARTESIAN_POINT('Origin',(3.5,19.0000002980232,1.));
#4199=CARTESIAN_POINT('',(1.11022302462516E-15,19.0000002980232,3.5));
#4200=CARTESIAN_POINT('Origin',(3.5,19.0000002980232,3.5));
#4201=CARTESIAN_POINT('Origin',(1.,19.0000002980232,3.5));
#4202=CARTESIAN_POINT('Origin',(3.5,15.0000002235174,3.5));
#4203=CARTESIAN_POINT('',(0.,15.0000002235174,3.5));
#4204=CARTESIAN_POINT('',(3.5,15.0000002235174,0.));
#4205=CARTESIAN_POINT('Origin',(1.,19.0000002980232,0.));
#4206=CARTESIAN_POINT('',(0.,19.0000002980232,16.));
#4207=CARTESIAN_POINT('',(0.,19.0000002980232,0.));
#4208=CARTESIAN_POINT('Origin',(1.,19.0000002980232,16.));
#4209=CARTESIAN_POINT('Origin',(0.,20.0000002980232,0.));
#4210=CARTESIAN_POINT('',(2.77555756156289E-16,3.5,19.));
#4211=CARTESIAN_POINT('',(0.,3.5,0.));
#4212=CARTESIAN_POINT('',(0.,16.0000002980232,19.));
#4213=CARTESIAN_POINT('',(0.,15.0000002235174,19.));
#4214=CARTESIAN_POINT('Origin',(0.,16.0000002980232,16.));
#4215=CARTESIAN_POINT('',(2.9920510513648E-15,10.175,18.4875002980232));
#4216=CARTESIAN_POINT('Origin',(2.91433543964104E-15,10.175,17.7875002980232));
#4217=CARTESIAN_POINT('',(7.71605002114484E-16,17.075,10.1375002980232));
#4218=CARTESIAN_POINT('Origin',(6.93889390390723E-16,17.075,9.43750029802323));
#4219=CARTESIAN_POINT('',(0.,9.62499999999999,5.87500029802323));
#4220=CARTESIAN_POINT('',(0.,17.625,5.87500029802323));
#4221=CARTESIAN_POINT('',(0.,14.8125001490116,5.87500029802323));
#4222=CARTESIAN_POINT('',(0.,17.625,7.81250029802323));
#4223=CARTESIAN_POINT('',(0.,17.625,2.93750014901161));
#4224=CARTESIAN_POINT('',(0.,9.62499999999999,7.81250029802323));
#4225=CARTESIAN_POINT('',(0.,18.8125001490116,7.81250029802323));
#4226=CARTESIAN_POINT('',(0.,9.62499999999999,3.90625014901161));
#4227=CARTESIAN_POINT('',(0.,5.875,9.61250029802322));
#4228=CARTESIAN_POINT('',(0.,7.825,9.61250029802322));
#4229=CARTESIAN_POINT('',(0.,12.9375001490116,9.61250029802322));
#4230=CARTESIAN_POINT('',(0.,7.825,17.6125002980232));
#4231=CARTESIAN_POINT('',(0.,7.825,4.80625014901161));
#4232=CARTESIAN_POINT('',(0.,5.875,17.6125002980232));
#4233=CARTESIAN_POINT('',(0.,13.9125001490116,17.6125002980232));
#4234=CARTESIAN_POINT('',(0.,5.875,8.80625014901161));
#4235=CARTESIAN_POINT('',(2.15938378289593E-15,17.075,18.4875002980232));
#4236=CARTESIAN_POINT('Origin',(2.08166817117217E-15,17.075,17.7875002980232));
#4237=CARTESIAN_POINT('',(0.,9.50318120191361,9.24088009932084));
#4238=CARTESIAN_POINT('',(0.,9.69133952865564,8.93146418423395));
#4239=CARTESIAN_POINT('Origin',(1.52655665885959E-15,8.325,8.31250029802323));
#4240=CARTESIAN_POINT('Origin',(1.52655665885959E-15,10.175,9.43750029802323));
#4241=CARTESIAN_POINT('Origin',(19.0000002980232,3.5,3.5));
#4242=CARTESIAN_POINT('',(19.0000002980232,3.5,2.77555756156289E-16));
#4243=CARTESIAN_POINT('Origin',(19.0000002980232,3.5,1.));
#4244=CARTESIAN_POINT('',(19.0000002980232,5.55111512312578E-16,3.5));
#4245=CARTESIAN_POINT('Origin',(19.0000002980232,1.,3.5));
#4246=CARTESIAN_POINT('Origin',(19.0000002980232,3.5,3.5));
#4247=CARTESIAN_POINT('Origin',(5.00000007450581,3.5,3.5));
#4248=CARTESIAN_POINT('',(5.00000007450581,3.5,0.));
#4249=CARTESIAN_POINT('',(4.98528137423858,2.77555756156289E-16,3.5));
#4250=CARTESIAN_POINT('',(5.00000007450581,0.,3.5));
#4251=CARTESIAN_POINT('Origin',(11.9852813742386,3.5,3.5));
#4252=CARTESIAN_POINT('Origin',(19.0000002980232,5.00000007450581,1.));
#4253=CARTESIAN_POINT('',(19.0000002980232,16.0000002980232,0.));
#4254=CARTESIAN_POINT('',(19.0000002980232,5.00000007450581,0.));
#4255=CARTESIAN_POINT('Origin',(19.0000002980232,16.0000002980232,1.));
#4256=CARTESIAN_POINT('Origin',(10.0000001490116,10.0000001490116,0.));
#4257=CARTESIAN_POINT('',(16.0000002980232,19.0000002980232,0.));
#4258=CARTESIAN_POINT('',(15.0000002235174,19.0000002980232,0.));
#4259=CARTESIAN_POINT('Origin',(16.0000002980232,16.0000002980232,0.));
#4260=CARTESIAN_POINT('',(10.175,18.4875002980232,-3.63598040564738E-16));
#4261=CARTESIAN_POINT('Origin',(10.175,17.7875002980232,-6.93889390390723E-16));
#4262=CARTESIAN_POINT('',(17.075,10.1375002980232,-3.9718228705965E-15));
#4263=CARTESIAN_POINT('Origin',(17.075,9.43750029802323,-4.30211422042248E-15));
#4264=CARTESIAN_POINT('',(9.625,5.87500029802323,0.));
#4265=CARTESIAN_POINT('',(17.625,5.87500029802323,0.));
#4266=CARTESIAN_POINT('',(9.81250007450581,5.87500029802323,0.));
#4267=CARTESIAN_POINT('',(17.625,7.81250029802324,0.));
#4268=CARTESIAN_POINT('',(17.625,7.93750022351742,-6.93889390390723E-17));
#4269=CARTESIAN_POINT('',(9.625,7.81250029802323,0.));
#4270=CARTESIAN_POINT('',(13.8125000745058,7.81250029802323,0.));
#4271=CARTESIAN_POINT('',(9.625,8.90625022351742,-6.93889390390723E-17));
#4272=CARTESIAN_POINT('',(5.875,17.6125002980232,0.));
#4273=CARTESIAN_POINT('',(5.875,9.61250029802322,0.));
#4274=CARTESIAN_POINT('',(5.87499999999999,13.8062502235174,-6.93889390390723E-17));
#4275=CARTESIAN_POINT('',(7.825,9.61250029802322,0.));
#4276=CARTESIAN_POINT('',(7.93750007450581,9.61250029802322,0.));
#4277=CARTESIAN_POINT('',(7.825,17.6125002980232,0.));
#4278=CARTESIAN_POINT('',(7.825,9.80625022351742,-6.93889390390723E-17));
#4279=CARTESIAN_POINT('',(8.9125000745058,17.6125002980232,0.));
#4280=CARTESIAN_POINT('',(17.075,18.4875002980232,-2.30648833365876E-15));
#4281=CARTESIAN_POINT('Origin',(17.075,17.7875002980232,-2.63677968348475E-15));
#4282=CARTESIAN_POINT('',(9.50318120191362,9.24088009932084,0.));
#4283=CARTESIAN_POINT('',(9.69133952865564,8.93146418423395,0.));
#4284=CARTESIAN_POINT('Origin',(8.325,8.31250029802323,-2.08166817117217E-15));
#4285=CARTESIAN_POINT('Origin',(10.175,9.43750029802323,-2.35922392732846E-15));
#4286=CARTESIAN_POINT('Origin',(3.5,3.5,19.));
#4287=CARTESIAN_POINT('',(3.5,5.55111512312578E-16,19.));
#4288=CARTESIAN_POINT('',(3.5,1.,20.));
#4289=CARTESIAN_POINT('Origin',(3.5,1.,19.));
#4290=CARTESIAN_POINT('',(1.,3.5,20.));
#4291=CARTESIAN_POINT('Origin',(3.5,3.5,20.));
#4292=CARTESIAN_POINT('Origin',(1.,3.5,19.));
#4293=CARTESIAN_POINT('Origin',(3.5,3.5,19.));
#4294=CARTESIAN_POINT('Origin',(3.5,3.5,0.));
#4295=CARTESIAN_POINT('',(3.5,2.77555756156289E-16,4.98528137423858));
#4296=CARTESIAN_POINT('Origin',(3.5,3.5,11.9852813742386));
#4297=CARTESIAN_POINT('',(3.5,0.,0.));
#4298=CARTESIAN_POINT('Origin',(5.00000007450581,1.,19.));
#4299=CARTESIAN_POINT('',(16.0000002980232,0.,19.));
#4300=CARTESIAN_POINT('',(5.00000007450581,0.,19.));
#4301=CARTESIAN_POINT('',(16.0000002980232,1.,20.));
#4302=CARTESIAN_POINT('Origin',(16.0000002980232,1.,19.));
#4303=CARTESIAN_POINT('',(5.00000007450581,1.,20.));
#4304=CARTESIAN_POINT('Origin',(0.,0.,0.));
#4305=CARTESIAN_POINT('',(19.0000002980232,0.,16.));
#4306=CARTESIAN_POINT('',(19.0000002980232,0.,0.));
#4307=CARTESIAN_POINT('Origin',(16.0000002980232,0.,16.));
#4308=CARTESIAN_POINT('',(2.12132034355964,2.77555756156289E-16,6.36396103067893));
#4309=CARTESIAN_POINT('',(9.24088009932083,0.,9.50318120191361));
#4310=CARTESIAN_POINT('',(8.93146418423394,0.,9.69133952865564));
#4311=CARTESIAN_POINT('Origin',(8.31250029802322,0.,8.32499999999999));
#4312=CARTESIAN_POINT('Origin',(9.43750029802322,0.,10.175));
#4313=CARTESIAN_POINT('',(18.4875002980232,0.,17.075));
#4314=CARTESIAN_POINT('Origin',(17.7875002980232,0.,17.075));
#4315=CARTESIAN_POINT('',(9.61250029802321,0.,5.875));
#4316=CARTESIAN_POINT('',(9.61250029802321,0.,7.82499999999999));
#4317=CARTESIAN_POINT('',(9.61250029802321,0.,2.9375));
#4318=CARTESIAN_POINT('',(17.6125002980232,0.,7.82499999999999));
#4319=CARTESIAN_POINT('',(4.80625014901161,0.,7.82499999999999));
#4320=CARTESIAN_POINT('',(17.6125002980232,0.,5.875));
#4321=CARTESIAN_POINT('',(17.6125002980232,0.,3.9125));
#4322=CARTESIAN_POINT('',(8.80625014901161,0.,5.875));
#4323=CARTESIAN_POINT('',(5.87500029802322,0.,9.62499999999999));
#4324=CARTESIAN_POINT('',(5.87500029802322,0.,17.625));
#4325=CARTESIAN_POINT('',(5.87500029802322,0.,4.8125));
#4326=CARTESIAN_POINT('',(7.81250029802322,0.,17.625));
#4327=CARTESIAN_POINT('',(2.93750014901161,0.,17.625));
#4328=CARTESIAN_POINT('',(7.81250029802322,0.,9.62499999999999));
#4329=CARTESIAN_POINT('',(7.81250029802322,0.,8.81249999999999));
#4330=CARTESIAN_POINT('',(3.90625014901161,0.,9.62499999999999));
#4331=CARTESIAN_POINT('',(10.1375002980232,0.,17.075));
#4332=CARTESIAN_POINT('Origin',(9.43750029802322,0.,17.075));
#4333=CARTESIAN_POINT('',(18.4875002980232,0.,10.175));
#4334=CARTESIAN_POINT('Origin',(17.7875002980232,0.,10.175));
#4335=CARTESIAN_POINT('Origin',(-1.26969996110181,1.67538246420136,3.08959602657445));
#4336=CARTESIAN_POINT('',(-1.15443143884405,3.32164430200802,0.493217177261828));
#4337=CARTESIAN_POINT('',(-1.1202335162655,3.18070370797757,0.352276583231379));
#4338=CARTESIAN_POINT('',(-1.15443143884405,0.493217177261827,3.32164430200802));
#4339=CARTESIAN_POINT('',(-1.15443143884405,1.20032395844837,2.61453752082147));
#4340=CARTESIAN_POINT('',(-1.17787385261573,0.589830874041221,3.41825799878741));
#4341=CARTESIAN_POINT('Origin',(-2.82842712474619,-6.93889390390723E-16,
2.82842712474619));
#4342=CARTESIAN_POINT('',(-2.04124145231931,-0.393592836213438,2.43483428853275));
#4343=CARTESIAN_POINT('Origin',(-2.04124145231931,-0.393592836213439,2.43483428853275));
#4344=CARTESIAN_POINT('',(-2.04124145231932,2.43483428853275,-0.393592836213437));
#4345=CARTESIAN_POINT('Origin',(1.67538246420136,3.08959602657445,-1.26969996110181));
#4346=CARTESIAN_POINT('',(3.32164430200802,0.493217177261828,-1.15443143884405));
#4347=CARTESIAN_POINT('',(3.18070370797757,0.352276583231379,-1.1202335162655));
#4348=CARTESIAN_POINT('',(0.493217177261828,3.32164430200802,-1.15443143884405));
#4349=CARTESIAN_POINT('',(1.20032395844838,2.61453752082147,-1.15443143884405));
#4350=CARTESIAN_POINT('',(0.589830874041222,3.41825799878741,-1.17787385261574));
#4351=CARTESIAN_POINT('Origin',(-1.17961196366423E-15,2.82842712474619,
-2.82842712474619));
#4352=CARTESIAN_POINT('',(-0.393592836213438,2.43483428853275,-2.04124145231932));
#4353=CARTESIAN_POINT('Origin',(-0.393592836213438,2.43483428853275,-2.04124145231932));
#4354=CARTESIAN_POINT('',(2.43483428853275,-0.393592836213438,-2.04124145231932));
#4355=CARTESIAN_POINT('Origin',(3.08959602657445,-1.26969996110181,1.67538246420136));
#4356=CARTESIAN_POINT('',(0.493217177261829,-1.15443143884405,3.32164430200802));
#4357=CARTESIAN_POINT('',(1.44333418876779,-1.38496848335958,4.27176131351398));
#4358=CARTESIAN_POINT('',(0.35227658323138,-1.1202335162655,3.18070370797757));
#4359=CARTESIAN_POINT('',(3.32164430200802,-1.15443143884405,0.493217177261827));
#4360=CARTESIAN_POINT('',(2.61453752082147,-1.15443143884405,1.20032395844837));
#4361=CARTESIAN_POINT('',(4.27176131351398,-1.38496848335958,1.44333418876779));
#4362=CARTESIAN_POINT('',(3.41825799878741,-1.17787385261574,0.589830874041222));
#4363=CARTESIAN_POINT('',(3.56465453232743,-1.38496848335958,2.15044096995434));
#4364=CARTESIAN_POINT('Origin',(2.82842712474619,-2.82842712474619,-6.24500451351651E-16));
#4365=CARTESIAN_POINT('',(2.43483428853275,-2.04124145231932,-0.393592836213438));
#4366=CARTESIAN_POINT('',(2.82842712474619,-2.82842712474619,5.55111512312578E-16));
#4367=CARTESIAN_POINT('Origin',(2.43483428853275,-2.04124145231931,-0.393592836213438));
#4368=CARTESIAN_POINT('',(-0.393592836213437,-2.04124145231932,2.43483428853275));
#4369=CARTESIAN_POINT('Origin',(-2.04124145231932,2.43483428853275,-0.393592836213437));
#4370=CARTESIAN_POINT('Origin',(-0.393592836213437,-2.04124145231932,2.43483428853275));
#4371=CARTESIAN_POINT('',(1.38777878078145E-15,-2.82842712474619,2.82842712474619));
#4372=CARTESIAN_POINT('Origin',(2.43483428853275,-0.393592836213438,-2.04124145231932));
#4373=CARTESIAN_POINT('Origin',(5.65685424949238,-2.82842712474619,-2.82842712474619));
#4374=CARTESIAN_POINT('Origin',(0.,0.,0.));
#4375=CARTESIAN_POINT('',(-0.954594154601839,0.954594154601839,1.34989189786966E-16));
#4376=CARTESIAN_POINT('Origin',(1.,16.0000002980232,16.));
#4377=CARTESIAN_POINT('',(1.,16.0000002980232,20.));
#4378=CARTESIAN_POINT('Origin',(1.,16.0000002980232,19.));
#4379=CARTESIAN_POINT('Origin',(1.,16.0000002980232,16.));
#4380=CARTESIAN_POINT('Origin',(1.,15.0000002235174,19.));
#4381=CARTESIAN_POINT('',(1.,15.0000002235174,20.));
#4382=CARTESIAN_POINT('Origin',(16.0000002980232,16.0000002980232,1.));
#4383=CARTESIAN_POINT('Origin',(16.0000002980232,19.0000002980232,1.));
#4384=CARTESIAN_POINT('Origin',(16.0000002980232,16.0000002980232,1.));
#4385=CARTESIAN_POINT('Origin',(15.0000002235174,19.0000002980232,1.));
#4386=CARTESIAN_POINT('Origin',(16.0000002980232,1.,16.));
#4387=CARTESIAN_POINT('Origin',(19.0000002980232,1.,16.));
#4388=CARTESIAN_POINT('Origin',(16.0000002980232,1.,16.));
#4389=CARTESIAN_POINT('Origin',(19.0000002980232,1.,0.));
#4390=CARTESIAN_POINT('Origin',(10.0000001490116,10.0000001490116,20.));
#4391=CARTESIAN_POINT('',(15.0000002235174,16.0000002980232,20.));
#4392=CARTESIAN_POINT('',(16.0000002980232,5.00000007450581,20.));
#4393=CARTESIAN_POINT('Origin',(16.0000002980232,5.00000007450581,16.));
#4394=CARTESIAN_POINT('Origin',(15.0000002235174,16.0000002980232,16.));
#4395=CARTESIAN_POINT('Origin',(16.0000002980232,16.0000002980232,0.));
#4396=CARTESIAN_POINT('Origin',(16.0000002980232,16.0000002980232,2.7));
#4397=CARTESIAN_POINT('Origin',(11.3500002980232,11.3500002980232,2.7));
#4398=CARTESIAN_POINT('',(9.83611395720687,18.4000002980232,2.7));
#4399=CARTESIAN_POINT('',(10.175,18.4875002980232,2.70000000000001));
#4400=CARTESIAN_POINT('Origin',(10.175,17.7875002980232,2.7));
#4401=CARTESIAN_POINT('',(10.5138860427931,18.4000002980232,2.7));
#4402=CARTESIAN_POINT('Origin',(10.175,17.7875002980232,2.7));
#4403=CARTESIAN_POINT('',(16.7361139572069,18.4000002980232,2.7));
#4404=CARTESIAN_POINT('',(9.27500014901161,18.4000002980232,2.7));
#4405=CARTESIAN_POINT('',(17.075,18.4875002980232,2.70000000000001));
#4406=CARTESIAN_POINT('Origin',(17.075,17.7875002980232,2.7));
#4407=CARTESIAN_POINT('',(17.4138860427931,18.4000002980232,2.7));
#4408=CARTESIAN_POINT('Origin',(17.075,17.7875002980232,2.7));
#4409=CARTESIAN_POINT('',(18.4,18.4000002980232,2.70000029802322));
#4410=CARTESIAN_POINT('',(9.27500014901161,18.4000002980232,2.7));
#4411=CARTESIAN_POINT('',(18.4,7.20000029802323,2.70000029802322));
#4412=CARTESIAN_POINT('',(18.4,14.8750002980232,2.7));
#4413=CARTESIAN_POINT('',(17.625,7.20000029802323,2.7));
#4414=CARTESIAN_POINT('',(14.8750001490116,7.20000029802323,2.7));
#4415=CARTESIAN_POINT('',(17.625,5.87500029802323,2.7));
#4416=CARTESIAN_POINT('',(17.625,8.61250029802323,2.7));
#4417=CARTESIAN_POINT('',(9.625,5.87500029802323,2.7));
#4418=CARTESIAN_POINT('',(10.4875001490116,5.87500029802323,2.7));
#4419=CARTESIAN_POINT('',(9.625,7.20000029802323,2.7));
#4420=CARTESIAN_POINT('',(9.625,9.58125029802323,2.7));
#4421=CARTESIAN_POINT('',(7.2,7.20000029802323,2.70000029802322));
#4422=CARTESIAN_POINT('',(14.8750001490116,7.20000029802323,2.7));
#4423=CARTESIAN_POINT('',(7.2,9.61250029802322,2.7));
#4424=CARTESIAN_POINT('',(7.2,9.27500029802322,2.7));
#4425=CARTESIAN_POINT('',(5.875,9.61250029802322,2.7));
#4426=CARTESIAN_POINT('',(8.61250014901161,9.61250029802322,2.7));
#4427=CARTESIAN_POINT('',(5.875,17.6125002980232,2.7));
#4428=CARTESIAN_POINT('',(5.87499999999999,14.4812502980232,2.7));
#4429=CARTESIAN_POINT('',(7.2,17.6125002980232,2.7));
#4430=CARTESIAN_POINT('',(9.58750014901161,17.6125002980232,2.7));
#4431=CARTESIAN_POINT('',(7.2,18.4000002980232,2.70000029802323));
#4432=CARTESIAN_POINT('',(7.2,9.27500029802322,2.7));
#4433=CARTESIAN_POINT('',(9.27500014901161,18.4000002980232,2.7));
#4434=CARTESIAN_POINT('Origin',(10.175,17.7875002980232,1.20000029802323));
#4435=CARTESIAN_POINT('',(10.175,18.4875002980232,1.20000029802323));
#4436=CARTESIAN_POINT('',(9.83611395720687,18.4000002980232,1.20000029802323));
#4437=CARTESIAN_POINT('',(10.5138860427931,18.4000002980232,1.20000029802323));
#4438=CARTESIAN_POINT('Origin',(17.075,9.43750029802323,1.20000029802322));
#4439=CARTESIAN_POINT('',(17.075,10.1375002980232,1.20000029802322));
#4440=CARTESIAN_POINT('Origin',(9.625,7.81250029802323,1.20000029802322));
#4441=CARTESIAN_POINT('',(9.625,7.81250029802323,1.20000029802322));
#4442=CARTESIAN_POINT('',(9.62499999999999,7.20000029802323,1.95000029802322));
#4443=CARTESIAN_POINT('',(9.625,5.87500029802323,1.20000029802322));
#4444=CARTESIAN_POINT('Origin',(17.625,7.81250029802324,1.20000029802322));
#4445=CARTESIAN_POINT('',(17.625,7.81250029802324,1.20000029802322));
#4446=CARTESIAN_POINT('Origin',(9.625,5.87500029802323,1.20000029802322));
#4447=CARTESIAN_POINT('',(17.625,5.87500029802323,1.20000029802322));
#4448=CARTESIAN_POINT('Origin',(17.625,5.87500029802323,1.20000029802322));
#4449=CARTESIAN_POINT('',(17.625,7.20000029802323,1.95000029802322));
#4450=CARTESIAN_POINT('Origin',(1.20000029802322,10.175,17.7875002980232));
#4451=CARTESIAN_POINT('',(1.20000029802322,10.175,18.4875002980232));
#4452=CARTESIAN_POINT('',(1.20000029802322,9.83611395720686,18.4000002980232));
#4453=CARTESIAN_POINT('',(1.20000029802322,10.5138860427931,18.4000002980232));
#4454=CARTESIAN_POINT('Origin',(1.20000029802322,17.075,9.43750029802323));
#4455=CARTESIAN_POINT('',(1.20000029802322,17.075,10.1375002980232));
#4456=CARTESIAN_POINT('Origin',(7.825,9.61250029802322,1.20000029802322));
#4457=CARTESIAN_POINT('',(7.825,9.61250029802322,1.20000029802322));
#4458=CARTESIAN_POINT('',(7.825,17.6125002980232,1.20000029802323));
#4459=CARTESIAN_POINT('Origin',(7.825,17.6125002980232,1.20000029802323));
#4460=CARTESIAN_POINT('',(7.2,17.6125002980232,1.95000029802323));
#4461=CARTESIAN_POINT('',(5.875,17.6125002980232,1.20000029802323));
#4462=CARTESIAN_POINT('Origin',(1.20000029802322,9.62499999999999,7.81250029802323));
#4463=CARTESIAN_POINT('',(1.20000029802322,9.62499999999999,7.81250029802323));
#4464=CARTESIAN_POINT('',(1.95000029802322,9.62499999999999,7.20000029802323));
#4465=CARTESIAN_POINT('',(1.20000029802322,9.62499999999999,5.87500029802323));
#4466=CARTESIAN_POINT('Origin',(1.20000029802322,17.625,7.81250029802323));
#4467=CARTESIAN_POINT('',(1.20000029802322,17.625,7.81250029802323));
#4468=CARTESIAN_POINT('Origin',(5.875,17.6125002980232,1.20000029802323));
#4469=CARTESIAN_POINT('',(5.875,9.61250029802322,1.20000029802322));
#4470=CARTESIAN_POINT('Origin',(5.875,9.61250029802322,1.20000029802322));
#4471=CARTESIAN_POINT('',(7.2,9.61250029802322,1.95000029802322));
#4472=CARTESIAN_POINT('Origin',(1.20000029802322,9.62499999999999,5.87500029802323));
#4473=CARTESIAN_POINT('',(1.20000029802322,17.625,5.87500029802323));
#4474=CARTESIAN_POINT('Origin',(1.20000029802322,17.625,5.87500029802323));
#4475=CARTESIAN_POINT('',(1.95000029802322,17.625,7.20000029802323));
#4476=CARTESIAN_POINT('Origin',(1.20000029802322,5.875,17.6125002980232));
#4477=CARTESIAN_POINT('',(1.20000029802322,5.875,17.6125002980232));
#4478=CARTESIAN_POINT('',(1.20000029802322,5.875,9.61250029802322));
#4479=CARTESIAN_POINT('Origin',(1.20000029802322,7.825,17.6125002980232));
#4480=CARTESIAN_POINT('',(1.20000029802322,7.825,17.6125002980232));
#4481=CARTESIAN_POINT('',(1.95000029802322,7.2,17.6125002980232));
#4482=CARTESIAN_POINT('Origin',(1.20000029802322,5.875,9.61250029802322));
#4483=CARTESIAN_POINT('',(1.95000029802322,7.2,9.61250029802322));
#4484=CARTESIAN_POINT('',(1.20000029802322,7.825,9.61250029802322));
#4485=CARTESIAN_POINT('Origin',(1.20000029802322,7.825,9.61250029802322));
#4486=CARTESIAN_POINT('Origin',(1.20000029802322,17.075,17.7875002980232));
#4487=CARTESIAN_POINT('',(1.20000029802322,17.075,18.4875002980232));
#4488=CARTESIAN_POINT('',(1.20000029802322,16.7361139572068,18.4000002980232));
#4489=CARTESIAN_POINT('',(1.20000029802322,17.4138860427931,18.4000002980232));
#4490=CARTESIAN_POINT('Origin',(1.20000029802322,10.175,9.43750029802323));
#4491=CARTESIAN_POINT('',(1.20000029802322,9.50318120191361,9.24088009932084));
#4492=CARTESIAN_POINT('',(1.20000029802322,9.69133952865564,8.93146418423395));
#4493=CARTESIAN_POINT('Origin',(1.20000029802322,8.325,8.31250029802323));
#4494=CARTESIAN_POINT('Origin',(17.075,17.7875002980232,1.20000029802322));
#4495=CARTESIAN_POINT('',(17.075,18.4875002980232,1.20000029802322));
#4496=CARTESIAN_POINT('',(16.7361139572069,18.4000002980232,1.20000029802322));
#4497=CARTESIAN_POINT('',(17.4138860427931,18.4000002980232,1.20000029802322));
#4498=CARTESIAN_POINT('Origin',(10.175,9.43750029802323,1.20000029802322));
#4499=CARTESIAN_POINT('',(9.50318120191362,9.24088009932084,1.20000029802322));
#4500=CARTESIAN_POINT('',(9.69133952865564,8.93146418423395,1.20000029802322));
#4501=CARTESIAN_POINT('Origin',(8.325,8.31250029802323,1.20000029802322));
#4502=CARTESIAN_POINT('Origin',(18.4,7.20000029802323,2.70000029802322));
#4503=CARTESIAN_POINT('',(18.4,7.20000029802323,2.70000029802322));
#4504=CARTESIAN_POINT('Origin',(18.4,7.20000029802323,2.70000029802322));
#4505=CARTESIAN_POINT('',(7.2,7.20000029802323,2.70000029802322));
#4506=CARTESIAN_POINT('Origin',(7.2,7.20000029802323,2.70000029802322));
#4507=CARTESIAN_POINT('',(7.2,18.4000002980232,2.70000029802323));
#4508=CARTESIAN_POINT('Origin',(7.2,7.20000029802323,2.70000029802322));
#4509=CARTESIAN_POINT('Origin',(2.70000029802322,18.4,7.20000029802323));
#4510=CARTESIAN_POINT('',(2.70000029802322,18.4,7.20000029802323));
#4511=CARTESIAN_POINT('Origin',(2.70000029802322,18.4,7.20000029802323));
#4512=CARTESIAN_POINT('',(2.70000029802322,7.2,7.20000029802322));
#4513=CARTESIAN_POINT('Origin',(2.70000029802322,7.2,7.20000029802322));
#4514=CARTESIAN_POINT('',(2.70000029802322,7.2,18.4000002980232));
#4515=CARTESIAN_POINT('Origin',(2.70000029802322,7.2,7.20000029802322));
#4516=CARTESIAN_POINT('Origin',(2.70000029802322,7.2,18.4000002980232));
#4517=CARTESIAN_POINT('',(2.70000029802322,18.4,18.4000002980232));
#4518=CARTESIAN_POINT('Origin',(2.70000029802322,7.2,18.4000002980232));
#4519=CARTESIAN_POINT('Origin',(2.70000029802322,7.2,18.4000002980232));
#4520=CARTESIAN_POINT('Origin',(7.2,18.4000002980232,2.70000029802323));
#4521=CARTESIAN_POINT('',(18.4,18.4000002980232,2.70000029802322));
#4522=CARTESIAN_POINT('Origin',(7.2,18.4000002980232,2.70000029802323));
#4523=CARTESIAN_POINT('Origin',(7.2,18.4000002980232,2.70000029802323));
#4524=CARTESIAN_POINT('Origin',(18.4,18.4000002980232,2.70000029802322));
#4525=CARTESIAN_POINT('Origin',(2.70000029802322,18.4,18.4000002980232));
#4526=CARTESIAN_POINT('Origin',(17.7875002980232,1.20000029802322,10.175));
#4527=CARTESIAN_POINT('',(18.4875002980232,1.20000029802322,10.175));
#4528=CARTESIAN_POINT('',(18.4000002980232,1.20000029802322,9.83611395720686));
#4529=CARTESIAN_POINT('',(18.4000002980232,1.20000029802322,10.5138860427931));
#4530=CARTESIAN_POINT('Origin',(9.43750029802322,1.20000029802322,17.075));
#4531=CARTESIAN_POINT('',(10.1375002980232,1.20000029802322,17.075));
#4532=CARTESIAN_POINT('Origin',(7.81250029802322,1.20000029802322,9.62499999999999));
#4533=CARTESIAN_POINT('',(7.81250029802322,1.20000029802322,9.62499999999999));
#4534=CARTESIAN_POINT('',(7.20000029802322,1.95000029802322,9.62499999999999));
#4535=CARTESIAN_POINT('',(5.87500029802322,1.20000029802322,9.62499999999999));
#4536=CARTESIAN_POINT('Origin',(7.81250029802322,1.20000029802322,17.625));
#4537=CARTESIAN_POINT('',(7.81250029802322,1.20000029802322,17.625));
#4538=CARTESIAN_POINT('Origin',(5.87500029802322,1.20000029802322,9.62499999999999));
#4539=CARTESIAN_POINT('',(5.87500029802322,1.20000029802322,17.625));
#4540=CARTESIAN_POINT('Origin',(5.87500029802322,1.20000029802322,17.625));
#4541=CARTESIAN_POINT('',(7.20000029802322,1.95000029802322,17.625));
#4542=CARTESIAN_POINT('Origin',(17.6125002980232,1.20000029802322,5.875));
#4543=CARTESIAN_POINT('',(17.6125002980232,1.20000029802322,5.875));
#4544=CARTESIAN_POINT('',(9.61250029802321,1.20000029802322,5.875));
#4545=CARTESIAN_POINT('Origin',(17.6125002980232,1.20000029802322,7.82499999999999));
#4546=CARTESIAN_POINT('',(17.6125002980232,1.20000029802322,7.82499999999999));
#4547=CARTESIAN_POINT('',(17.6125002980232,1.95000029802322,7.2));
#4548=CARTESIAN_POINT('Origin',(9.61250029802321,1.20000029802322,5.875));
#4549=CARTESIAN_POINT('',(9.61250029802321,1.95000029802322,7.2));
#4550=CARTESIAN_POINT('',(9.61250029802321,1.20000029802322,7.82499999999999));
#4551=CARTESIAN_POINT('Origin',(9.61250029802321,1.20000029802322,7.82499999999999));
#4552=CARTESIAN_POINT('Origin',(17.7875002980232,1.20000029802322,17.075));
#4553=CARTESIAN_POINT('',(18.4875002980232,1.20000029802322,17.075));
#4554=CARTESIAN_POINT('',(18.4000002980232,1.20000029802322,16.7361139572068));
#4555=CARTESIAN_POINT('',(18.4000002980232,1.20000029802322,17.4138860427931));
#4556=CARTESIAN_POINT('Origin',(9.43750029802322,1.20000029802322,10.175));
#4557=CARTESIAN_POINT('',(9.24088009932083,1.20000029802322,9.50318120191361));
#4558=CARTESIAN_POINT('',(8.93146418423394,1.20000029802322,9.69133952865564));
#4559=CARTESIAN_POINT('Origin',(8.31250029802322,1.20000029802322,8.32499999999999));
#4560=CARTESIAN_POINT('Origin',(7.20000029802322,2.70000029802322,18.4));
#4561=CARTESIAN_POINT('',(7.20000029802322,2.70000029802322,18.4));
#4562=CARTESIAN_POINT('Origin',(7.20000029802322,2.70000029802322,18.4));
#4563=CARTESIAN_POINT('',(7.20000029802322,2.70000029802322,7.2));
#4564=CARTESIAN_POINT('Origin',(7.20000029802322,2.70000029802322,7.2));
#4565=CARTESIAN_POINT('',(18.4000002980232,2.70000029802322,7.2));
#4566=CARTESIAN_POINT('Origin',(7.20000029802322,2.70000029802322,7.2));
#4567=CARTESIAN_POINT('Origin',(18.4000002980232,2.70000029802322,7.2));
#4568=CARTESIAN_POINT('',(18.4000002980232,2.70000029802322,18.4));
#4569=CARTESIAN_POINT('Origin',(18.4000002980232,2.70000029802322,7.2));
#4570=CARTESIAN_POINT('Origin',(18.4000002980232,2.70000029802322,7.2));
#4571=CARTESIAN_POINT('Origin',(18.4000002980232,2.70000029802322,18.4));
#4572=UNCERTAINTY_MEASURE_WITH_UNIT(LENGTH_MEASURE(0.01),#4576,
'DISTANCE_ACCURACY_VALUE',
'Maximum model space distance between geometric entities at asserted c
onnectivities');
#4573=UNCERTAINTY_MEASURE_WITH_UNIT(LENGTH_MEASURE(0.01),#4576,
'DISTANCE_ACCURACY_VALUE',
'Maximum model space distance between geometric entities at asserted c
onnectivities');
#4574=(
GEOMETRIC_REPRESENTATION_CONTEXT(3)
GLOBAL_UNCERTAINTY_ASSIGNED_CONTEXT((#4572))
GLOBAL_UNIT_ASSIGNED_CONTEXT((#4576,#4578,#4579))
REPRESENTATION_CONTEXT('','3D')
);
#4575=(
GEOMETRIC_REPRESENTATION_CONTEXT(3)
GLOBAL_UNCERTAINTY_ASSIGNED_CONTEXT((#4573))
GLOBAL_UNIT_ASSIGNED_CONTEXT((#4576,#4578,#4579))
REPRESENTATION_CONTEXT('','3D')
);
#4576=(
LENGTH_UNIT()
NAMED_UNIT(*)
SI_UNIT(.MILLI.,.METRE.)
);
#4577=(
LENGTH_UNIT()
NAMED_UNIT(*)
SI_UNIT($,.METRE.)
);
#4578=(
NAMED_UNIT(*)
PLANE_ANGLE_UNIT()
SI_UNIT($,.RADIAN.)
);
#4579=(
NAMED_UNIT(*)
SI_UNIT($,.STERADIAN.)
SOLID_ANGLE_UNIT()
);
#4580=SHAPE_DEFINITION_REPRESENTATION(#4581,#4582);
#4581=PRODUCT_DEFINITION_SHAPE('',$,#4584);
#4582=SHAPE_REPRESENTATION('',(#2752),#4574);
#4583=PRODUCT_DEFINITION_CONTEXT('part definition',#4588,'design');
#4584=PRODUCT_DEFINITION('2025-11-30-02-53-01-628','(\X2\672A4FDD5B58\X0\)',
#4585,#4583);
#4585=PRODUCT_DEFINITION_FORMATION('',$,#4590);
#4586=PRODUCT_RELATED_PRODUCT_CATEGORY('(\X2\672A4FDD5B58\X0\)',
'(\X2\672A4FDD5B58\X0\)',(#4590));
#4587=APPLICATION_PROTOCOL_DEFINITION('international standard',
'automotive_design',2009,#4588);
#4588=APPLICATION_CONTEXT(
'Core Data for Automotive Mechanical Design Process');
#4589=PRODUCT_CONTEXT('part definition',#4588,'mechanical');
#4590=PRODUCT('2025-11-30-02-53-01-628','(\X2\672A4FDD5B58\X0\)',$,(#4589));
#4591=PRESENTATION_STYLE_ASSIGNMENT((#4592));
#4592=SURFACE_STYLE_USAGE(.BOTH.,#4593);
#4593=SURFACE_SIDE_STYLE('',(#4594));
#4594=SURFACE_STYLE_FILL_AREA(#4595);
#4595=FILL_AREA_STYLE('\X2\94A2\X0\ - \X2\7F0E5149\X0\',(#4596));
#4596=FILL_AREA_STYLE_COLOUR('\X2\94A2\X0\ - \X2\7F0E5149\X0\',#4597);
#4597=COLOUR_RGB('\X2\94A2\X0\ - \X2\7F0E5149\X0\',0.627450980392157,0.627450980392157,
0.627450980392157);
ENDSEC;
END-ISO-10303-21;
